[debug] [2026-02-19T23:56:08.165Z] ----------------------------------------------------------------------
[debug] [2026-02-19T23:56:08.169Z] Command:       /Users/judeclark/.nvm/versions/node/v24.13.0/bin/node /Users/judeclark/.nvm/versions/node/v24.13.0/bin/firebase emulators:start
[debug] [2026-02-19T23:56:08.169Z] CLI Version:   15.6.0
[debug] [2026-02-19T23:56:08.169Z] Platform:      darwin
[debug] [2026-02-19T23:56:08.169Z] Node Version:  v24.13.0
[debug] [2026-02-19T23:56:08.169Z] Time:          Thu Feb 19 2026 18:56:08 GMT-0500 (Eastern Standard Time)
[debug] [2026-02-19T23:56:08.169Z] ----------------------------------------------------------------------
[debug] 
[debug] [2026-02-19T23:56:08.608Z] > command requires scopes: ["email","openid","https://www.googleapis.com/auth/cloudplatformprojects.readonly","https://www.googleapis.com/auth/firebase","https://www.googleapis.com/auth/cloud-platform"]
[debug] [2026-02-19T23:56:08.608Z] > authorizing via signed-in user (judeclark2019@gmail.com)
[debug] [2026-02-19T23:56:08.686Z] openjdk version "21.0.10" 2026-01-20

[debug] [2026-02-19T23:56:08.686Z] OpenJDK Runtime Environment Homebrew (build 21.0.10)
OpenJDK 64-Bit Server VM Homebrew (build 21.0.10, mixed mode, sharing)

[debug] [2026-02-19T23:56:08.688Z] Parsed Java major version: 21
[info] i  emulators: Starting emulators: auth, firestore {"metadata":{"emulator":{"name":"hub"},"message":"Starting emulators: auth, firestore"}}
[debug] [2026-02-19T23:56:09.065Z] [logging] Logging Emulator only supports listening on one address (127.0.0.1). Not listening on ::1
[debug] [2026-02-19T23:56:09.066Z] [auth] Authentication Emulator only supports listening on one address (127.0.0.1). Not listening on ::1
[debug] [2026-02-19T23:56:09.066Z] [firestore] Firestore Emulator only supports listening on one address (127.0.0.1). Not listening on ::1
[debug] [2026-02-19T23:56:09.066Z] [firestore.websocket] websocket server for firestore only supports listening on one address (127.0.0.1). Not listening on ::1
[debug] [2026-02-19T23:56:09.066Z] assigned listening specs for emulators {"user":{"hub":[{"address":"127.0.0.1","family":"IPv4","port":4400},{"address":"::1","family":"IPv6","port":4400}],"ui":[{"address":"127.0.0.1","family":"IPv4","port":4000},{"address":"::1","family":"IPv6","port":4000}],"logging":[{"address":"127.0.0.1","family":"IPv4","port":4500}],"auth":[{"address":"127.0.0.1","family":"IPv4","port":9099}],"firestore":[{"address":"127.0.0.1","family":"IPv4","port":8080}],"firestore.websocket":[{"address":"127.0.0.1","family":"IPv4","port":9150}]},"metadata":{"message":"assigned listening specs for emulators"}}
[debug] [2026-02-19T23:56:09.068Z] Write emulator hub locator at /var/folders/g6/2bgl75n54xxc2_n7n2vn_4800000gn/T/hub-v-cell-fcb64.json
[warn] ⚠  firestore: Cloud Firestore Emulator does not support multiple databases yet. {"metadata":{"emulator":{"name":"firestore"},"message":"Cloud Firestore Emulator does not support multiple databases yet."}}
[warn] ⚠  firestore: Did not find a Cloud Firestore rules file specified in a firebase.json config file. {"metadata":{"emulator":{"name":"firestore"},"message":"Did not find a Cloud Firestore rules file specified in a firebase.json config file."}}
[warn] ⚠  firestore: The emulator will default to allowing all reads and writes. Learn more about this option: https://firebase.google.com/docs/emulator-suite/install_and_configure#security_rules_configuration. {"metadata":{"emulator":{"name":"firestore"},"message":"The emulator will default to allowing all reads and writes. Learn more about this option: https://firebase.google.com/docs/emulator-suite/install_and_configure#security_rules_configuration."}}
[debug] [2026-02-19T23:56:09.070Z] Ignoring unsupported arg: auto_download {"metadata":{"emulator":{"name":"firestore"},"message":"Ignoring unsupported arg: auto_download"}}
[debug] [2026-02-19T23:56:09.070Z] Ignoring unsupported arg: single_project_mode_error {"metadata":{"emulator":{"name":"firestore"},"message":"Ignoring unsupported arg: single_project_mode_error"}}
[debug] [2026-02-19T23:56:09.070Z] Starting Firestore Emulator with command {"binary":"java","args":["-Dgoogle.cloud_firestore.debug_log_level=FINE","-Duser.language=en","-jar","/Users/judeclark/.cache/firebase/emulators/cloud-firestore-emulator-v1.20.2.jar","--host","127.0.0.1","--port",8080,"--websocket_port",9150,"--project_id","v-cell-fcb64","--single_project_mode",true],"optionalArgs":["port","webchannel_port","host","rules","websocket_port","functions_emulator","seed_from_export","project_id","single_project_mode"],"joinArgs":false,"shell":false,"port":8080} {"metadata":{"emulator":{"name":"firestore"},"message":"Starting Firestore Emulator with command {\"binary\":\"java\",\"args\":[\"-Dgoogle.cloud_firestore.debug_log_level=FINE\",\"-Duser.language=en\",\"-jar\",\"/Users/judeclark/.cache/firebase/emulators/cloud-firestore-emulator-v1.20.2.jar\",\"--host\",\"127.0.0.1\",\"--port\",8080,\"--websocket_port\",9150,\"--project_id\",\"v-cell-fcb64\",\"--single_project_mode\",true],\"optionalArgs\":[\"port\",\"webchannel_port\",\"host\",\"rules\",\"websocket_port\",\"functions_emulator\",\"seed_from_export\",\"project_id\",\"single_project_mode\"],\"joinArgs\":false,\"shell\":false,\"port\":8080}"}}
[info] i  firestore: Firestore Emulator logging to firestore-debug.log {"metadata":{"emulator":{"name":"firestore"},"message":"Firestore Emulator logging to \u001b[1mfirestore-debug.log\u001b[22m"}}
[debug] [2026-02-19T23:56:09.531Z] Feb 19, 2026 6:56:09 PM com.google.cloud.datastore.emulator.firestore.websocket.WebSocketServer start
INFO: Started WebSocket server on ws://127.0.0.1:9150
 {"metadata":{"emulator":{"name":"firestore"},"message":"Feb 19, 2026 6:56:09 PM com.google.cloud.datastore.emulator.firestore.websocket.WebSocketServer start\nINFO: Started WebSocket server on ws://127.0.0.1:9150\n"}}
[debug] [2026-02-19T23:56:09.540Z] API endpoint: http:// {"metadata":{"emulator":{"name":"firestore"},"message":"API endpoint: http://"}}
[debug] [2026-02-19T23:56:09.540Z] 127.0.0.1:8080
If you are using a library that supports the FIRESTORE_EMULATOR_HOST environment variable, run:

   export FIRESTORE_EMULATOR_HOST=127.0.0.1:8080

If you are running a Firestore in Datastore Mode project, run:

   export DATASTORE_EMULATOR_HOST=127.0.0.1:8080

Note: Support for Datastore Mode is in preview. If you encounter any bugs please file at https://github.com/firebase/firebase-tools/issues.
Dev App Server is now running.

 {"metadata":{"emulator":{"name":"firestore"},"message":"127.0.0.1:8080\nIf you are using a library that supports the FIRESTORE_EMULATOR_HOST environment variable, run:\n\n   export FIRESTORE_EMULATOR_HOST=127.0.0.1:8080\n\nIf you are running a Firestore in Datastore Mode project, run:\n\n   export DATASTORE_EMULATOR_HOST=127.0.0.1:8080\n\nNote: Support for Datastore Mode is in preview. If you encounter any bugs please file at https://github.com/firebase/firebase-tools/issues.\nDev App Server is now running.\n\n"}}
[info] ✔  firestore: Firestore Emulator UI websocket is running on 9150. {"metadata":{"emulator":{"name":"firestore"},"message":"Firestore Emulator UI websocket is running on 9150."}}
[info] i  ui: downloading ui-v1.15.0.zip... {"metadata":{"emulator":{"name":"ui"},"message":"downloading ui-v1.15.0.zip..."}}
[debug] [2026-02-19T23:56:11.377Z] >>> [apiv2][query] GET https://storage.googleapis.com/firebase-preview-drop/emulator/ui-v1.15.0.zip 
[debug] [2026-02-19T23:56:11.536Z] <<< [apiv2][status] GET https://storage.googleapis.com/firebase-preview-drop/emulator/ui-v1.15.0.zip 200
[debug] [2026-02-19T23:56:11.536Z] <<< [apiv2][body] GET https://storage.googleapis.com/firebase-preview-drop/emulator/ui-v1.15.0.zip [stream]
[debug] [2026-02-19T23:56:11.732Z] Data is 3538469
[debug] [2026-02-19T23:56:11.732Z] [unzip] Entry: client/ (compressed_size=0 bytes, uncompressed_size=0 bytes)
[debug] [2026-02-19T23:56:11.732Z] [unzip] Processing entry: client/
[debug] [2026-02-19T23:56:11.732Z] [unzip] mkdir: /Users/judeclark/.cache/firebase/emulators/ui-v1.15.0/client/
[debug] [2026-02-19T23:56:11.733Z] [unzip] Entry: client/favicon-16x16.png (compressed_size=293 bytes, uncompressed_size=293 bytes)
[debug] [2026-02-19T23:56:11.733Z] [unzip] Processing entry: client/favicon-16x16.png
[debug] [2026-02-19T23:56:11.733Z] [unzip] else mkdir: /Users/judeclark/.cache/firebase/emulators/ui-v1.15.0/client
[debug] [2026-02-19T23:56:11.733Z] [unzip] Writing file: /Users/judeclark/.cache/firebase/emulators/ui-v1.15.0/client/favicon-16x16.png
[debug] [2026-02-19T23:56:11.733Z] [unzip] Entry: client/safari-pinned-tab.svg (compressed_size=1433 bytes, uncompressed_size=2611 bytes)
[debug] [2026-02-19T23:56:11.733Z] [unzip] Processing entry: client/safari-pinned-tab.svg
[debug] [2026-02-19T23:56:11.733Z] [unzip] else mkdir: /Users/judeclark/.cache/firebase/emulators/ui-v1.15.0/client
[debug] [2026-02-19T23:56:11.733Z] [unzip] deflating: /Users/judeclark/.cache/firebase/emulators/ui-v1.15.0/client/safari-pinned-tab.svg
[debug] [2026-02-19T23:56:11.736Z] [unzip] Entry: client/favicon.ico (compressed_size=2933 bytes, uncompressed_size=13294 bytes)
[debug] [2026-02-19T23:56:11.736Z] [unzip] Processing entry: client/favicon.ico
[debug] [2026-02-19T23:56:11.736Z] [unzip] else mkdir: /Users/judeclark/.cache/firebase/emulators/ui-v1.15.0/client
[debug] [2026-02-19T23:56:11.736Z] [unzip] deflating: /Users/judeclark/.cache/firebase/emulators/ui-v1.15.0/client/favicon.ico
[debug] [2026-02-19T23:56:11.737Z] [unzip] Entry: client/index.html (compressed_size=1364 bytes, uncompressed_size=3071 bytes)
[debug] [2026-02-19T23:56:11.737Z] [unzip] Processing entry: client/index.html
[debug] [2026-02-19T23:56:11.737Z] [unzip] else mkdir: /Users/judeclark/.cache/firebase/emulators/ui-v1.15.0/client
[debug] [2026-02-19T23:56:11.737Z] [unzip] deflating: /Users/judeclark/.cache/firebase/emulators/ui-v1.15.0/client/index.html
[debug] [2026-02-19T23:56:11.737Z] [unzip] Entry: client/android-chrome-192x192.png (compressed_size=2684 bytes, uncompressed_size=2684 bytes)
[debug] [2026-02-19T23:56:11.737Z] [unzip] Processing entry: client/android-chrome-192x192.png
[debug] [2026-02-19T23:56:11.737Z] [unzip] else mkdir: /Users/judeclark/.cache/firebase/emulators/ui-v1.15.0/client
[debug] [2026-02-19T23:56:11.737Z] [unzip] Writing file: /Users/judeclark/.cache/firebase/emulators/ui-v1.15.0/client/android-chrome-192x192.png
[debug] [2026-02-19T23:56:11.737Z] [unzip] Entry: client/apple-touch-icon.png (compressed_size=2123 bytes, uncompressed_size=2152 bytes)
[debug] [2026-02-19T23:56:11.737Z] [unzip] Processing entry: client/apple-touch-icon.png
[debug] [2026-02-19T23:56:11.737Z] [unzip] else mkdir: /Users/judeclark/.cache/firebase/emulators/ui-v1.15.0/client
[debug] [2026-02-19T23:56:11.737Z] [unzip] deflating: /Users/judeclark/.cache/firebase/emulators/ui-v1.15.0/client/apple-touch-icon.png
[debug] [2026-02-19T23:56:11.738Z] [unzip] Entry: client/android-chrome-512x512.png (compressed_size=5369 bytes, uncompressed_size=5411 bytes)
[debug] [2026-02-19T23:56:11.738Z] [unzip] Processing entry: client/android-chrome-512x512.png
[debug] [2026-02-19T23:56:11.738Z] [unzip] else mkdir: /Users/judeclark/.cache/firebase/emulators/ui-v1.15.0/client
[debug] [2026-02-19T23:56:11.738Z] [unzip] deflating: /Users/judeclark/.cache/firebase/emulators/ui-v1.15.0/client/android-chrome-512x512.png
[debug] [2026-02-19T23:56:11.738Z] [unzip] Entry: client/manifest.json (compressed_size=245 bytes, uncompressed_size=551 bytes)
[debug] [2026-02-19T23:56:11.738Z] [unzip] Processing entry: client/manifest.json
[debug] [2026-02-19T23:56:11.738Z] [unzip] else mkdir: /Users/judeclark/.cache/firebase/emulators/ui-v1.15.0/client
[debug] [2026-02-19T23:56:11.738Z] [unzip] deflating: /Users/judeclark/.cache/firebase/emulators/ui-v1.15.0/client/manifest.json
[debug] [2026-02-19T23:56:11.738Z] [unzip] Entry: client/robots.txt (compressed_size=26 bytes, uncompressed_size=26 bytes)
[debug] [2026-02-19T23:56:11.738Z] [unzip] Processing entry: client/robots.txt
[debug] [2026-02-19T23:56:11.738Z] [unzip] else mkdir: /Users/judeclark/.cache/firebase/emulators/ui-v1.15.0/client
[debug] [2026-02-19T23:56:11.738Z] [unzip] Writing file: /Users/judeclark/.cache/firebase/emulators/ui-v1.15.0/client/robots.txt
[debug] [2026-02-19T23:56:11.739Z] [unzip] Entry: client/mstile-150x150.png (compressed_size=2034 bytes, uncompressed_size=2034 bytes)
[debug] [2026-02-19T23:56:11.739Z] [unzip] Processing entry: client/mstile-150x150.png
[debug] [2026-02-19T23:56:11.739Z] [unzip] else mkdir: /Users/judeclark/.cache/firebase/emulators/ui-v1.15.0/client
[debug] [2026-02-19T23:56:11.739Z] [unzip] Writing file: /Users/judeclark/.cache/firebase/emulators/ui-v1.15.0/client/mstile-150x150.png
[debug] [2026-02-19T23:56:11.739Z] [unzip] Entry: client/assets/ (compressed_size=0 bytes, uncompressed_size=0 bytes)
[debug] [2026-02-19T23:56:11.739Z] [unzip] Processing entry: client/assets/
[debug] [2026-02-19T23:56:11.739Z] [unzip] mkdir: /Users/judeclark/.cache/firebase/emulators/ui-v1.15.0/client/assets/
[debug] [2026-02-19T23:56:11.739Z] [unzip] Entry: client/assets/index-BX-A56oj.js (compressed_size=582089 bytes, uncompressed_size=2092775 bytes)
[debug] [2026-02-19T23:56:11.739Z] [unzip] Processing entry: client/assets/index-BX-A56oj.js
[debug] [2026-02-19T23:56:11.739Z] [unzip] else mkdir: /Users/judeclark/.cache/firebase/emulators/ui-v1.15.0/client/assets
[debug] [2026-02-19T23:56:11.739Z] [unzip] deflating: /Users/judeclark/.cache/firebase/emulators/ui-v1.15.0/client/assets/index-BX-A56oj.js
[debug] [2026-02-19T23:56:11.745Z] [unzip] Entry: client/assets/index-CjB9C900.css (compressed_size=35979 bytes, uncompressed_size=298654 bytes)
[debug] [2026-02-19T23:56:11.745Z] [unzip] Processing entry: client/assets/index-CjB9C900.css
[debug] [2026-02-19T23:56:11.745Z] [unzip] else mkdir: /Users/judeclark/.cache/firebase/emulators/ui-v1.15.0/client/assets
[debug] [2026-02-19T23:56:11.745Z] [unzip] deflating: /Users/judeclark/.cache/firebase/emulators/ui-v1.15.0/client/assets/index-CjB9C900.css
[debug] [2026-02-19T23:56:11.746Z] [unzip] Entry: client/assets/index-BX-A56oj.js.map (compressed_size=2362482 bytes, uncompressed_size=10036679 bytes)
[debug] [2026-02-19T23:56:11.746Z] [unzip] Processing entry: client/assets/index-BX-A56oj.js.map
[debug] [2026-02-19T23:56:11.746Z] [unzip] else mkdir: /Users/judeclark/.cache/firebase/emulators/ui-v1.15.0/client/assets
[debug] [2026-02-19T23:56:11.746Z] [unzip] deflating: /Users/judeclark/.cache/firebase/emulators/ui-v1.15.0/client/assets/index-BX-A56oj.js.map
[debug] [2026-02-19T23:56:11.768Z] [unzip] Entry: client/assets/extensions/ (compressed_size=0 bytes, uncompressed_size=0 bytes)
[debug] [2026-02-19T23:56:11.768Z] [unzip] Processing entry: client/assets/extensions/
[debug] [2026-02-19T23:56:11.768Z] [unzip] mkdir: /Users/judeclark/.cache/firebase/emulators/ui-v1.15.0/client/assets/extensions/
[debug] [2026-02-19T23:56:11.768Z] [unzip] Entry: client/assets/extensions/default-extension.png (compressed_size=1646 bytes, uncompressed_size=1657 bytes)
[debug] [2026-02-19T23:56:11.768Z] [unzip] Processing entry: client/assets/extensions/default-extension.png
[debug] [2026-02-19T23:56:11.768Z] [unzip] else mkdir: /Users/judeclark/.cache/firebase/emulators/ui-v1.15.0/client/assets/extensions
[debug] [2026-02-19T23:56:11.768Z] [unzip] deflating: /Users/judeclark/.cache/firebase/emulators/ui-v1.15.0/client/assets/extensions/default-extension.png
[debug] [2026-02-19T23:56:11.768Z] [unzip] Entry: client/assets/img/ (compressed_size=0 bytes, uncompressed_size=0 bytes)
[debug] [2026-02-19T23:56:11.768Z] [unzip] Processing entry: client/assets/img/
[debug] [2026-02-19T23:56:11.768Z] [unzip] mkdir: /Users/judeclark/.cache/firebase/emulators/ui-v1.15.0/client/assets/img/
[debug] [2026-02-19T23:56:11.768Z] [unzip] Entry: client/assets/img/database.png (compressed_size=29449 bytes, uncompressed_size=29988 bytes)
[debug] [2026-02-19T23:56:11.768Z] [unzip] Processing entry: client/assets/img/database.png
[debug] [2026-02-19T23:56:11.768Z] [unzip] else mkdir: /Users/judeclark/.cache/firebase/emulators/ui-v1.15.0/client/assets/img
[debug] [2026-02-19T23:56:11.768Z] [unzip] deflating: /Users/judeclark/.cache/firebase/emulators/ui-v1.15.0/client/assets/img/database.png
[debug] [2026-02-19T23:56:11.769Z] [unzip] Entry: client/assets/provider-icons/ (compressed_size=0 bytes, uncompressed_size=0 bytes)
[debug] [2026-02-19T23:56:11.769Z] [unzip] Processing entry: client/assets/provider-icons/
[debug] [2026-02-19T23:56:11.769Z] [unzip] mkdir: /Users/judeclark/.cache/firebase/emulators/ui-v1.15.0/client/assets/provider-icons/
[debug] [2026-02-19T23:56:11.769Z] [unzip] Entry: client/assets/provider-icons/auth_service_saml.svg (compressed_size=575 bytes, uncompressed_size=1226 bytes)
[debug] [2026-02-19T23:56:11.769Z] [unzip] Processing entry: client/assets/provider-icons/auth_service_saml.svg
[debug] [2026-02-19T23:56:11.769Z] [unzip] else mkdir: /Users/judeclark/.cache/firebase/emulators/ui-v1.15.0/client/assets/provider-icons
[debug] [2026-02-19T23:56:11.769Z] [unzip] deflating: /Users/judeclark/.cache/firebase/emulators/ui-v1.15.0/client/assets/provider-icons/auth_service_saml.svg
[debug] [2026-02-19T23:56:11.769Z] [unzip] Entry: client/assets/provider-icons/auth_service_phone.svg (compressed_size=261 bytes, uncompressed_size=414 bytes)
[debug] [2026-02-19T23:56:11.769Z] [unzip] Processing entry: client/assets/provider-icons/auth_service_phone.svg
[debug] [2026-02-19T23:56:11.769Z] [unzip] else mkdir: /Users/judeclark/.cache/firebase/emulators/ui-v1.15.0/client/assets/provider-icons
[debug] [2026-02-19T23:56:11.769Z] [unzip] deflating: /Users/judeclark/.cache/firebase/emulators/ui-v1.15.0/client/assets/provider-icons/auth_service_phone.svg
[debug] [2026-02-19T23:56:11.769Z] [unzip] Entry: client/assets/provider-icons/auth_service_facebook.svg (compressed_size=289 bytes, uncompressed_size=457 bytes)
[debug] [2026-02-19T23:56:11.769Z] [unzip] Processing entry: client/assets/provider-icons/auth_service_facebook.svg
[debug] [2026-02-19T23:56:11.769Z] [unzip] else mkdir: /Users/judeclark/.cache/firebase/emulators/ui-v1.15.0/client/assets/provider-icons
[debug] [2026-02-19T23:56:11.769Z] [unzip] deflating: /Users/judeclark/.cache/firebase/emulators/ui-v1.15.0/client/assets/provider-icons/auth_service_facebook.svg
[debug] [2026-02-19T23:56:11.770Z] [unzip] Entry: client/assets/provider-icons/auth_service_game_center.svg (compressed_size=991 bytes, uncompressed_size=3921 bytes)
[debug] [2026-02-19T23:56:11.770Z] [unzip] Processing entry: client/assets/provider-icons/auth_service_game_center.svg
[debug] [2026-02-19T23:56:11.770Z] [unzip] else mkdir: /Users/judeclark/.cache/firebase/emulators/ui-v1.15.0/client/assets/provider-icons
[debug] [2026-02-19T23:56:11.770Z] [unzip] deflating: /Users/judeclark/.cache/firebase/emulators/ui-v1.15.0/client/assets/provider-icons/auth_service_game_center.svg
[debug] [2026-02-19T23:56:11.770Z] [unzip] Entry: client/assets/provider-icons/auth_service_apple.svg (compressed_size=230 bytes, uncompressed_size=334 bytes)
[debug] [2026-02-19T23:56:11.770Z] [unzip] Processing entry: client/assets/provider-icons/auth_service_apple.svg
[debug] [2026-02-19T23:56:11.770Z] [unzip] else mkdir: /Users/judeclark/.cache/firebase/emulators/ui-v1.15.0/client/assets/provider-icons
[debug] [2026-02-19T23:56:11.770Z] [unzip] deflating: /Users/judeclark/.cache/firebase/emulators/ui-v1.15.0/client/assets/provider-icons/auth_service_apple.svg
[debug] [2026-02-19T23:56:11.770Z] [unzip] Entry: client/assets/provider-icons/auth_service_github.svg (compressed_size=466 bytes, uncompressed_size=838 bytes)
[debug] [2026-02-19T23:56:11.770Z] [unzip] Processing entry: client/assets/provider-icons/auth_service_github.svg
[debug] [2026-02-19T23:56:11.770Z] [unzip] else mkdir: /Users/judeclark/.cache/firebase/emulators/ui-v1.15.0/client/assets/provider-icons
[debug] [2026-02-19T23:56:11.770Z] [unzip] deflating: /Users/judeclark/.cache/firebase/emulators/ui-v1.15.0/client/assets/provider-icons/auth_service_github.svg
[debug] [2026-02-19T23:56:11.770Z] [unzip] Entry: client/assets/provider-icons/auth_service_mslive.svg (compressed_size=203 bytes, uncompressed_size=378 bytes)
[debug] [2026-02-19T23:56:11.770Z] [unzip] Processing entry: client/assets/provider-icons/auth_service_mslive.svg
[debug] [2026-02-19T23:56:11.770Z] [unzip] else mkdir: /Users/judeclark/.cache/firebase/emulators/ui-v1.15.0/client/assets/provider-icons
[debug] [2026-02-19T23:56:11.770Z] [unzip] deflating: /Users/judeclark/.cache/firebase/emulators/ui-v1.15.0/client/assets/provider-icons/auth_service_mslive.svg
[debug] [2026-02-19T23:56:11.770Z] [unzip] Entry: client/assets/provider-icons/auth_service_yahoo.svg (compressed_size=577 bytes, uncompressed_size=1182 bytes)
[debug] [2026-02-19T23:56:11.770Z] [unzip] Processing entry: client/assets/provider-icons/auth_service_yahoo.svg
[debug] [2026-02-19T23:56:11.770Z] [unzip] else mkdir: /Users/judeclark/.cache/firebase/emulators/ui-v1.15.0/client/assets/provider-icons
[debug] [2026-02-19T23:56:11.770Z] [unzip] deflating: /Users/judeclark/.cache/firebase/emulators/ui-v1.15.0/client/assets/provider-icons/auth_service_yahoo.svg
[debug] [2026-02-19T23:56:11.771Z] [unzip] Entry: client/assets/provider-icons/auth_service_twitter.svg (compressed_size=444 bytes, uncompressed_size=751 bytes)
[debug] [2026-02-19T23:56:11.771Z] [unzip] Processing entry: client/assets/provider-icons/auth_service_twitter.svg
[debug] [2026-02-19T23:56:11.771Z] [unzip] else mkdir: /Users/judeclark/.cache/firebase/emulators/ui-v1.15.0/client/assets/provider-icons
[debug] [2026-02-19T23:56:11.771Z] [unzip] deflating: /Users/judeclark/.cache/firebase/emulators/ui-v1.15.0/client/assets/provider-icons/auth_service_twitter.svg
[debug] [2026-02-19T23:56:11.771Z] [unzip] Entry: client/assets/provider-icons/auth_service_play_games.svg (compressed_size=565 bytes, uncompressed_size=1173 bytes)
[debug] [2026-02-19T23:56:11.771Z] [unzip] Processing entry: client/assets/provider-icons/auth_service_play_games.svg
[debug] [2026-02-19T23:56:11.771Z] [unzip] else mkdir: /Users/judeclark/.cache/firebase/emulators/ui-v1.15.0/client/assets/provider-icons
[debug] [2026-02-19T23:56:11.771Z] [unzip] deflating: /Users/judeclark/.cache/firebase/emulators/ui-v1.15.0/client/assets/provider-icons/auth_service_play_games.svg
[debug] [2026-02-19T23:56:11.771Z] [unzip] Entry: client/assets/provider-icons/auth_service_email.svg (compressed_size=228 bytes, uncompressed_size=326 bytes)
[debug] [2026-02-19T23:56:11.771Z] [unzip] Processing entry: client/assets/provider-icons/auth_service_email.svg
[debug] [2026-02-19T23:56:11.771Z] [unzip] else mkdir: /Users/judeclark/.cache/firebase/emulators/ui-v1.15.0/client/assets/provider-icons
[debug] [2026-02-19T23:56:11.771Z] [unzip] deflating: /Users/judeclark/.cache/firebase/emulators/ui-v1.15.0/client/assets/provider-icons/auth_service_email.svg
[debug] [2026-02-19T23:56:11.771Z] [unzip] Entry: client/assets/provider-icons/auth_service_google.svg (compressed_size=409 bytes, uncompressed_size=720 bytes)
[debug] [2026-02-19T23:56:11.771Z] [unzip] Processing entry: client/assets/provider-icons/auth_service_google.svg
[debug] [2026-02-19T23:56:11.771Z] [unzip] else mkdir: /Users/judeclark/.cache/firebase/emulators/ui-v1.15.0/client/assets/provider-icons
[debug] [2026-02-19T23:56:11.771Z] [unzip] deflating: /Users/judeclark/.cache/firebase/emulators/ui-v1.15.0/client/assets/provider-icons/auth_service_google.svg
[debug] [2026-02-19T23:56:11.771Z] [unzip] Entry: client/assets/provider-icons/auth_service_oidc.svg (compressed_size=414 bytes, uncompressed_size=858 bytes)
[debug] [2026-02-19T23:56:11.771Z] [unzip] Processing entry: client/assets/provider-icons/auth_service_oidc.svg
[debug] [2026-02-19T23:56:11.771Z] [unzip] else mkdir: /Users/judeclark/.cache/firebase/emulators/ui-v1.15.0/client/assets/provider-icons
[debug] [2026-02-19T23:56:11.771Z] [unzip] deflating: /Users/judeclark/.cache/firebase/emulators/ui-v1.15.0/client/assets/provider-icons/auth_service_oidc.svg
[debug] [2026-02-19T23:56:11.772Z] [unzip] Entry: client/browserconfig.xml (compressed_size=491 bytes, uncompressed_size=822 bytes)
[debug] [2026-02-19T23:56:11.772Z] [unzip] Processing entry: client/browserconfig.xml
[debug] [2026-02-19T23:56:11.772Z] [unzip] else mkdir: /Users/judeclark/.cache/firebase/emulators/ui-v1.15.0/client
[debug] [2026-02-19T23:56:11.772Z] [unzip] deflating: /Users/judeclark/.cache/firebase/emulators/ui-v1.15.0/client/browserconfig.xml
[debug] [2026-02-19T23:56:11.772Z] [unzip] Entry: client/favicon-32x32.png (compressed_size=475 bytes, uncompressed_size=475 bytes)
[debug] [2026-02-19T23:56:11.772Z] [unzip] Processing entry: client/favicon-32x32.png
[debug] [2026-02-19T23:56:11.772Z] [unzip] else mkdir: /Users/judeclark/.cache/firebase/emulators/ui-v1.15.0/client
[debug] [2026-02-19T23:56:11.772Z] [unzip] Writing file: /Users/judeclark/.cache/firebase/emulators/ui-v1.15.0/client/favicon-32x32.png
[debug] [2026-02-19T23:56:11.772Z] [unzip] Entry: server/ (compressed_size=0 bytes, uncompressed_size=0 bytes)
[debug] [2026-02-19T23:56:11.772Z] [unzip] Processing entry: server/
[debug] [2026-02-19T23:56:11.772Z] [unzip] mkdir: /Users/judeclark/.cache/firebase/emulators/ui-v1.15.0/server/
[debug] [2026-02-19T23:56:11.772Z] [unzip] Entry: server/server.mjs.map (compressed_size=217845 bytes, uncompressed_size=944978 bytes)
[debug] [2026-02-19T23:56:11.772Z] [unzip] Processing entry: server/server.mjs.map
[debug] [2026-02-19T23:56:11.772Z] [unzip] else mkdir: /Users/judeclark/.cache/firebase/emulators/ui-v1.15.0/server
[debug] [2026-02-19T23:56:11.772Z] [unzip] deflating: /Users/judeclark/.cache/firebase/emulators/ui-v1.15.0/server/server.mjs.map
[debug] [2026-02-19T23:56:11.774Z] [unzip] Entry: server/server.mjs (compressed_size=276407 bytes, uncompressed_size=933701 bytes)
[debug] [2026-02-19T23:56:11.774Z] [unzip] Processing entry: server/server.mjs
[debug] [2026-02-19T23:56:11.774Z] [unzip] else mkdir: /Users/judeclark/.cache/firebase/emulators/ui-v1.15.0/server
[debug] [2026-02-19T23:56:11.774Z] [unzip] deflating: /Users/judeclark/.cache/firebase/emulators/ui-v1.15.0/server/server.mjs
[debug] [2026-02-19T23:56:11.778Z] Could not find VSCode notification endpoint: FetchError: request to http://localhost:40001/vscode/notify failed, reason: . If you are not running the Firebase Data Connect VSCode extension, this is expected and not an issue.
[info] 
┌─────────────────────────────────────────────────────────────┐
│ ✔  All emulators ready! It is now safe to connect your app. │
│ i  View Emulator UI at http://127.0.0.1:4000/               │
└─────────────────────────────────────────────────────────────┘

┌────────────────┬────────────────┬─────────────────────────────────┐
│ Emulator       │ Host:Port      │ View in Emulator UI             │
├────────────────┼────────────────┼─────────────────────────────────┤
│ Authentication │ 127.0.0.1:9099 │ http://127.0.0.1:4000/auth      │
├────────────────┼────────────────┼─────────────────────────────────┤
│ Firestore      │ 127.0.0.1:8080 │ http://127.0.0.1:4000/firestore │
└────────────────┴────────────────┴─────────────────────────────────┘
  Emulator Hub host: 127.0.0.1 port: 4400
  Other reserved ports: 4500, 9150

Issues? Report them at https://github.com/firebase/firebase-tools/issues and attach the *-debug.log files.
 
[debug] [2026-02-19T23:56:28.302Z] Feb 19, 2026 6:56:28 PM com.google.cloud.datastore.emulator.firestore.websocket.WebSocketChannelHandler initChannel
INFO: Connected to new websocket client
 {"metadata":{"emulator":{"name":"firestore"},"message":"Feb 19, 2026 6:56:28 PM com.google.cloud.datastore.emulator.firestore.websocket.WebSocketChannelHandler initChannel\nINFO: Connected to new websocket client\n"}}
[debug] [2026-02-19T23:56:31.202Z] Feb 19, 2026 6:56:31 PM com.google.cloud.datastore.emulator.firestore.websocket.WebSocketChannelHandler initChannel
INFO: Connected to new websocket client
 {"metadata":{"emulator":{"name":"firestore"},"message":"Feb 19, 2026 6:56:31 PM com.google.cloud.datastore.emulator.firestore.websocket.WebSocketChannelHandler initChannel\nINFO: Connected to new websocket client\n"}}
[debug] [2026-02-19T23:56:31.217Z] Feb 19, 2026 6:56:31 PM io.gapi.emulators.netty.HttpVersionRoutingHandler channelRead
INFO: Detected non-HTTP/2 connection.
 {"metadata":{"emulator":{"name":"firestore"},"message":"Feb 19, 2026 6:56:31 PM io.gapi.emulators.netty.HttpVersionRoutingHandler channelRead\nINFO: Detected non-HTTP/2 connection.\n"}}
[debug] [2026-02-19T23:56:31.291Z] Feb 19, 2026 6:56:31 PM io.gapi.emulators.netty.HttpVersionRoutingHandler channelRead
INFO: Detected HTTP/2 connection.
 {"metadata":{"emulator":{"name":"firestore"},"message":"Feb 19, 2026 6:56:31 PM io.gapi.emulators.netty.HttpVersionRoutingHandler channelRead\nINFO: Detected HTTP/2 connection.\n"}}
[debug] [2026-02-20T00:22:51.982Z] Feb 19, 2026 7:22:51 PM io.gapi.emulators.netty.HttpVersionRoutingHandler channelRead
INFO: Detected non-HTTP/2 connection.
 {"metadata":{"emulator":{"name":"firestore"},"message":"Feb 19, 2026 7:22:51 PM io.gapi.emulators.netty.HttpVersionRoutingHandler channelRead\nINFO: Detected non-HTTP/2 connection.\n"}}
[debug] [2026-02-20T00:22:51.995Z] Feb 19, 2026 7:22:51 PM io.gapi.emulators.netty.HttpVersionRoutingHandler channelRead
INFO: Detected non-HTTP/2 connection.
 {"metadata":{"emulator":{"name":"firestore"},"message":"Feb 19, 2026 7:22:51 PM io.gapi.emulators.netty.HttpVersionRoutingHandler channelRead\nINFO: Detected non-HTTP/2 connection.\n"}}
[debug] [2026-02-20T00:22:52.150Z] Feb 19, 2026 7:22:52 PM io.gapi.emulators.netty.HttpVersionRoutingHandler channelRead
INFO: Detected non-HTTP/2 connection.
 {"metadata":{"emulator":{"name":"firestore"},"message":"Feb 19, 2026 7:22:52 PM io.gapi.emulators.netty.HttpVersionRoutingHandler channelRead\nINFO: Detected non-HTTP/2 connection.\n"}}
[debug] [2026-02-20T00:22:52.163Z] Feb 19, 2026 7:22:52 PM io.gapi.emulators.netty.HttpVersionRoutingHandler channelRead
INFO: Detected non-HTTP/2 connection.
 {"metadata":{"emulator":{"name":"firestore"},"message":"Feb 19, 2026 7:22:52 PM io.gapi.emulators.netty.HttpVersionRoutingHandler channelRead\nINFO: Detected non-HTTP/2 connection.\n"}}
[debug] [2026-02-20T00:22:52.371Z] Feb 19, 2026 7:22:52 PM io.gapi.emulators.netty.HttpVersionRoutingHandler channelRead
INFO: Detected non-HTTP/2 connection.
 {"metadata":{"emulator":{"name":"firestore"},"message":"Feb 19, 2026 7:22:52 PM io.gapi.emulators.netty.HttpVersionRoutingHandler channelRead\nINFO: Detected non-HTTP/2 connection.\n"}}
[debug] [2026-02-20T00:22:52.379Z] Feb 19, 2026 7:22:52 PM io.gapi.emulators.netty.HttpVersionRoutingHandler channelRead
INFO: Detected non-HTTP/2 connection.
 {"metadata":{"emulator":{"name":"firestore"},"message":"Feb 19, 2026 7:22:52 PM io.gapi.emulators.netty.HttpVersionRoutingHandler channelRead\nINFO: Detected non-HTTP/2 connection.\n"}}
[debug] [2026-02-20T00:22:52.394Z] Feb 19, 2026 7:22:52 PM io.gapi.emulators.netty.HttpVersionRoutingHandler channelRead
INFO: Detected non-HTTP/2 connection.
 {"metadata":{"emulator":{"name":"firestore"},"message":"Feb 19, 2026 7:22:52 PM io.gapi.emulators.netty.HttpVersionRoutingHandler channelRead\nINFO: Detected non-HTTP/2 connection.\n"}}
[debug] [2026-02-20T00:22:52.408Z] Feb 19, 2026 7:22:52 PM io.gapi.emulators.netty.HttpVersionRoutingHandler channelRead
INFO: Detected non-HTTP/2 connection.
 {"metadata":{"emulator":{"name":"firestore"},"message":"Feb 19, 2026 7:22:52 PM io.gapi.emulators.netty.HttpVersionRoutingHandler channelRead\nINFO: Detected non-HTTP/2 connection.\n"}}
[debug] [2026-02-20T00:22:52.409Z] Feb 19, 2026 7:22:52 PM io.gapi.emulators.netty.HttpVersionRoutingHandler channelRead
INFO: Detected non-HTTP/2 connection.
 {"metadata":{"emulator":{"name":"firestore"},"message":"Feb 19, 2026 7:22:52 PM io.gapi.emulators.netty.HttpVersionRoutingHandler channelRead\nINFO: Detected non-HTTP/2 connection.\n"}}
[debug] [2026-02-20T00:22:52.432Z] Feb 19, 2026 7:22:52 PM io.gapi.emulators.netty.HttpVersionRoutingHandler channelRead
INFO: Detected non-HTTP/2 connection.
 {"metadata":{"emulator":{"name":"firestore"},"message":"Feb 19, 2026 7:22:52 PM io.gapi.emulators.netty.HttpVersionRoutingHandler channelRead\nINFO: Detected non-HTTP/2 connection.\n"}}
[debug] [2026-02-20T00:23:37.428Z] Feb 19, 2026 7:23:37 PM io.gapi.emulators.netty.HttpVersionRoutingHandler channelRead
INFO: Detected non-HTTP/2 connection.
 {"metadata":{"emulator":{"name":"firestore"},"message":"Feb 19, 2026 7:23:37 PM io.gapi.emulators.netty.HttpVersionRoutingHandler channelRead\nINFO: Detected non-HTTP/2 connection.\n"}}
[debug] [2026-02-20T00:23:52.451Z] Feb 19, 2026 7:23:52 PM io.gapi.emulators.netty.HttpVersionRoutingHandler channelRead
INFO: Detected non-HTTP/2 connection.
 {"metadata":{"emulator":{"name":"firestore"},"message":"Feb 19, 2026 7:23:52 PM io.gapi.emulators.netty.HttpVersionRoutingHandler channelRead\nINFO: Detected non-HTTP/2 connection.\n"}}
[debug] [2026-02-20T00:23:52.457Z] Feb 19, 2026 7:23:52 PM com.google.cloud.datastore.emulator.firestore.webchannel.FirestoreV1WebChannelAdapter$FirestoreWriteHandler onClose
INFO: channel closed
 {"metadata":{"emulator":{"name":"firestore"},"message":"Feb 19, 2026 7:23:52 PM com.google.cloud.datastore.emulator.firestore.webchannel.FirestoreV1WebChannelAdapter$FirestoreWriteHandler onClose\nINFO: channel closed\n"}}
[debug] [2026-02-20T00:24:22.448Z] Feb 19, 2026 7:24:22 PM io.gapi.emulators.netty.HttpVersionRoutingHandler channelRead
INFO: Detected non-HTTP/2 connection.
 {"metadata":{"emulator":{"name":"firestore"},"message":"Feb 19, 2026 7:24:22 PM io.gapi.emulators.netty.HttpVersionRoutingHandler channelRead\nINFO: Detected non-HTTP/2 connection.\n"}}
[debug] [2026-02-20T00:25:37.474Z] Feb 19, 2026 7:25:37 PM io.gapi.emulators.netty.HttpVersionRoutingHandler channelRead
INFO: Detected non-HTTP/2 connection.
 {"metadata":{"emulator":{"name":"firestore"},"message":"Feb 19, 2026 7:25:37 PM io.gapi.emulators.netty.HttpVersionRoutingHandler channelRead\nINFO: Detected non-HTTP/2 connection.\n"}}
[debug] [2026-02-20T00:26:21.576Z] Feb 19, 2026 7:26:21 PM io.gapi.emulators.netty.HttpVersionRoutingHandler channelRead
INFO: Detected non-HTTP/2 connection.
 {"metadata":{"emulator":{"name":"firestore"},"message":"Feb 19, 2026 7:26:21 PM io.gapi.emulators.netty.HttpVersionRoutingHandler channelRead\nINFO: Detected non-HTTP/2 connection.\n"}}
[debug] [2026-02-20T00:26:21.614Z] Feb 19, 2026 7:26:21 PM io.gapi.emulators.netty.HttpVersionRoutingHandler channelRead
INFO: Detected non-HTTP/2 connection.
 {"metadata":{"emulator":{"name":"firestore"},"message":"Feb 19, 2026 7:26:21 PM io.gapi.emulators.netty.HttpVersionRoutingHandler channelRead\nINFO: Detected non-HTTP/2 connection.\n"}}
[debug] [2026-02-20T00:26:21.628Z] Feb 19, 2026 7:26:21 PM io.gapi.emulators.netty.HttpVersionRoutingHandler channelRead
INFO: Detected non-HTTP/2 connection.
 {"metadata":{"emulator":{"name":"firestore"},"message":"Feb 19, 2026 7:26:21 PM io.gapi.emulators.netty.HttpVersionRoutingHandler channelRead\nINFO: Detected non-HTTP/2 connection.\n"}}
[debug] [2026-02-20T00:26:21.667Z] Feb 19, 2026 7:26:21 PM io.gapi.emulators.netty.HttpVersionRoutingHandler channelRead
INFO: Detected non-HTTP/2 connection.
 {"metadata":{"emulator":{"name":"firestore"},"message":"Feb 19, 2026 7:26:21 PM io.gapi.emulators.netty.HttpVersionRoutingHandler channelRead\nINFO: Detected non-HTTP/2 connection.\n"}}
[debug] [2026-02-20T00:26:23.043Z] Feb 19, 2026 7:26:23 PM io.gapi.emulators.netty.HttpVersionRoutingHandler channelRead
INFO: Detected non-HTTP/2 connection.
 {"metadata":{"emulator":{"name":"firestore"},"message":"Feb 19, 2026 7:26:23 PM io.gapi.emulators.netty.HttpVersionRoutingHandler channelRead\nINFO: Detected non-HTTP/2 connection.\n"}}
[debug] [2026-02-20T00:26:23.778Z] Feb 19, 2026 7:26:23 PM io.gapi.emulators.netty.HttpVersionRoutingHandler channelRead
INFO: Detected non-HTTP/2 connection.
 {"metadata":{"emulator":{"name":"firestore"},"message":"Feb 19, 2026 7:26:23 PM io.gapi.emulators.netty.HttpVersionRoutingHandler channelRead\nINFO: Detected non-HTTP/2 connection.\n"}}
[debug] [2026-02-20T00:26:37.494Z] Feb 19, 2026 7:26:37 PM io.gapi.emulators.netty.HttpVersionRoutingHandler channelRead
INFO: Detected non-HTTP/2 connection.
 {"metadata":{"emulator":{"name":"firestore"},"message":"Feb 19, 2026 7:26:37 PM io.gapi.emulators.netty.HttpVersionRoutingHandler channelRead\nINFO: Detected non-HTTP/2 connection.\n"}}
[debug] [2026-02-20T00:27:08.797Z] Feb 19, 2026 7:27:08 PM io.gapi.emulators.netty.HttpVersionRoutingHandler channelRead
INFO: Detected non-HTTP/2 connection.
 {"metadata":{"emulator":{"name":"firestore"},"message":"Feb 19, 2026 7:27:08 PM io.gapi.emulators.netty.HttpVersionRoutingHandler channelRead\nINFO: Detected non-HTTP/2 connection.\n"}}
[debug] [2026-02-20T00:27:37.515Z] Feb 19, 2026 7:27:37 PM io.gapi.emulators.netty.HttpVersionRoutingHandler channelRead
INFO: Detected non-HTTP/2 connection.
 {"metadata":{"emulator":{"name":"firestore"},"message":"Feb 19, 2026 7:27:37 PM io.gapi.emulators.netty.HttpVersionRoutingHandler channelRead\nINFO: Detected non-HTTP/2 connection.\n"}}
[debug] [2026-02-20T00:27:41.757Z] Feb 19, 2026 7:27:41 PM io.gapi.emulators.netty.HttpVersionRoutingHandler channelRead
INFO: Detected non-HTTP/2 connection.
 {"metadata":{"emulator":{"name":"firestore"},"message":"Feb 19, 2026 7:27:41 PM io.gapi.emulators.netty.HttpVersionRoutingHandler channelRead\nINFO: Detected non-HTTP/2 connection.\n"}}
[debug] [2026-02-20T00:27:53.807Z] Feb 19, 2026 7:27:53 PM io.gapi.emulators.netty.HttpVersionRoutingHandler channelRead
INFO: Detected non-HTTP/2 connection.
 {"metadata":{"emulator":{"name":"firestore"},"message":"Feb 19, 2026 7:27:53 PM io.gapi.emulators.netty.HttpVersionRoutingHandler channelRead\nINFO: Detected non-HTTP/2 connection.\n"}}
[debug] [2026-02-20T00:28:37.535Z] Feb 19, 2026 7:28:37 PM io.gapi.emulators.netty.HttpVersionRoutingHandler channelRead
INFO: Detected non-HTTP/2 connection.
 {"metadata":{"emulator":{"name":"firestore"},"message":"Feb 19, 2026 7:28:37 PM io.gapi.emulators.netty.HttpVersionRoutingHandler channelRead\nINFO: Detected non-HTTP/2 connection.\n"}}
[debug] [2026-02-20T00:28:46.953Z] Feb 19, 2026 7:28:46 PM io.gapi.emulators.netty.HttpVersionRoutingHandler channelRead
INFO: Detected non-HTTP/2 connection.
 {"metadata":{"emulator":{"name":"firestore"},"message":"Feb 19, 2026 7:28:46 PM io.gapi.emulators.netty.HttpVersionRoutingHandler channelRead\nINFO: Detected non-HTTP/2 connection.\n"}}
[debug] [2026-02-20T00:28:46.954Z] Feb 19, 2026 7:28:46 PM io.gapi.emulators.netty.HttpVersionRoutingHandler channelRead
INFO: Detected non-HTTP/2 connection.
 {"metadata":{"emulator":{"name":"firestore"},"message":"Feb 19, 2026 7:28:46 PM io.gapi.emulators.netty.HttpVersionRoutingHandler channelRead\nINFO: Detected non-HTTP/2 connection.\n"}}
[debug] [2026-02-20T00:28:46.954Z] Feb 19, 2026 7:28:46 PM io.gapi.emulators.netty.HttpVersionRoutingHandler channelRead
INFO: Detected non-HTTP/2 connection.
 {"metadata":{"emulator":{"name":"firestore"},"message":"Feb 19, 2026 7:28:46 PM io.gapi.emulators.netty.HttpVersionRoutingHandler channelRead\nINFO: Detected non-HTTP/2 connection.\n"}}
[debug] [2026-02-20T00:28:49.148Z] Feb 19, 2026 7:28:49 PM io.gapi.emulators.netty.HttpVersionRoutingHandler channelRead
INFO: Detected non-HTTP/2 connection.
 {"metadata":{"emulator":{"name":"firestore"},"message":"Feb 19, 2026 7:28:49 PM io.gapi.emulators.netty.HttpVersionRoutingHandler channelRead\nINFO: Detected non-HTTP/2 connection.\n"}}
[debug] [2026-02-20T00:28:49.153Z] Feb 19, 2026 7:28:49 PM com.google.cloud.datastore.emulator.firestore.webchannel.FirestoreV1WebChannelAdapter$FirestoreListenHandler onClose
INFO: channel closed
 {"metadata":{"emulator":{"name":"firestore"},"message":"Feb 19, 2026 7:28:49 PM com.google.cloud.datastore.emulator.firestore.webchannel.FirestoreV1WebChannelAdapter$FirestoreListenHandler onClose\nINFO: channel closed\n"}}
[debug] [2026-02-20T00:28:53.824Z] Feb 19, 2026 7:28:53 PM io.gapi.emulators.netty.HttpVersionRoutingHandler channelRead
INFO: Detected non-HTTP/2 connection.
 {"metadata":{"emulator":{"name":"firestore"},"message":"Feb 19, 2026 7:28:53 PM io.gapi.emulators.netty.HttpVersionRoutingHandler channelRead\nINFO: Detected non-HTTP/2 connection.\n"}}
[debug] [2026-02-20T00:29:33.990Z] Feb 19, 2026 7:29:33 PM io.gapi.emulators.netty.HttpVersionRoutingHandler channelRead
INFO: Detected non-HTTP/2 connection.
 {"metadata":{"emulator":{"name":"firestore"},"message":"Feb 19, 2026 7:29:33 PM io.gapi.emulators.netty.HttpVersionRoutingHandler channelRead\nINFO: Detected non-HTTP/2 connection.\n"}}
[debug] [2026-02-20T00:29:34.001Z] Feb 19, 2026 7:29:34 PM io.gapi.emulators.netty.HttpVersionRoutingHandler channelRead
INFO: Detected non-HTTP/2 connection.
 {"metadata":{"emulator":{"name":"firestore"},"message":"Feb 19, 2026 7:29:34 PM io.gapi.emulators.netty.HttpVersionRoutingHandler channelRead\nINFO: Detected non-HTTP/2 connection.\n"}}
[debug] [2026-02-20T00:29:34.012Z] Feb 19, 2026 7:29:34 PM io.gapi.emulators.netty.HttpVersionRoutingHandler channelRead
INFO: Detected non-HTTP/2 connection.
 {"metadata":{"emulator":{"name":"firestore"},"message":"Feb 19, 2026 7:29:34 PM io.gapi.emulators.netty.HttpVersionRoutingHandler channelRead\nINFO: Detected non-HTTP/2 connection.\n"}}
[debug] [2026-02-20T00:29:34.025Z] Feb 19, 2026 7:29:34 PM io.gapi.emulators.netty.HttpVersionRoutingHandler channelRead
INFO: Detected non-HTTP/2 connection.
 {"metadata":{"emulator":{"name":"firestore"},"message":"Feb 19, 2026 7:29:34 PM io.gapi.emulators.netty.HttpVersionRoutingHandler channelRead\nINFO: Detected non-HTTP/2 connection.\n"}}
[debug] [2026-02-20T00:29:34.025Z] Feb 19, 2026 7:29:34 PM io.gapi.emulators.netty.HttpVersionRoutingHandler channelRead
INFO: Detected non-HTTP/2 connection.
 {"metadata":{"emulator":{"name":"firestore"},"message":"Feb 19, 2026 7:29:34 PM io.gapi.emulators.netty.HttpVersionRoutingHandler channelRead\nINFO: Detected non-HTTP/2 connection.\n"}}
[debug] [2026-02-20T00:29:34.120Z] Feb 19, 2026 7:29:34 PM io.gapi.emulators.netty.HttpVersionRoutingHandler channelRead
INFO: Detected non-HTTP/2 connection.
 {"metadata":{"emulator":{"name":"firestore"},"message":"Feb 19, 2026 7:29:34 PM io.gapi.emulators.netty.HttpVersionRoutingHandler channelRead\nINFO: Detected non-HTTP/2 connection.\n"}}
[debug] [2026-02-20T00:29:34.132Z] Feb 19, 2026 7:29:34 PM io.gapi.emulators.netty.HttpVersionRoutingHandler channelRead
INFO: Detected non-HTTP/2 connection.
 {"metadata":{"emulator":{"name":"firestore"},"message":"Feb 19, 2026 7:29:34 PM io.gapi.emulators.netty.HttpVersionRoutingHandler channelRead\nINFO: Detected non-HTTP/2 connection.\n"}}
[debug] [2026-02-20T00:29:34.132Z] Feb 19, 2026 7:29:34 PM io.gapi.emulators.netty.HttpVersionRoutingHandler channelRead
INFO: Detected non-HTTP/2 connection.
 {"metadata":{"emulator":{"name":"firestore"},"message":"Feb 19, 2026 7:29:34 PM io.gapi.emulators.netty.HttpVersionRoutingHandler channelRead\nINFO: Detected non-HTTP/2 connection.\n"}}
[debug] [2026-02-20T00:30:07.078Z] Feb 19, 2026 7:30:07 PM io.gapi.emulators.netty.HttpVersionRoutingHandler channelRead
INFO: Detected non-HTTP/2 connection.
 {"metadata":{"emulator":{"name":"firestore"},"message":"Feb 19, 2026 7:30:07 PM io.gapi.emulators.netty.HttpVersionRoutingHandler channelRead\nINFO: Detected non-HTTP/2 connection.\n"}}
[debug] [2026-02-20T00:30:07.081Z] Feb 19, 2026 7:30:07 PM io.gapi.emulators.netty.HttpVersionRoutingHandler channelRead
INFO: Detected non-HTTP/2 connection.
 {"metadata":{"emulator":{"name":"firestore"},"message":"Feb 19, 2026 7:30:07 PM io.gapi.emulators.netty.HttpVersionRoutingHandler channelRead\nINFO: Detected non-HTTP/2 connection.\n"}}
[debug] [2026-02-20T00:30:07.727Z] Feb 19, 2026 7:30:07 PM io.gapi.emulators.netty.HttpVersionRoutingHandler channelRead
INFO: Detected non-HTTP/2 connection.
 {"metadata":{"emulator":{"name":"firestore"},"message":"Feb 19, 2026 7:30:07 PM io.gapi.emulators.netty.HttpVersionRoutingHandler channelRead\nINFO: Detected non-HTTP/2 connection.\n"}}
[debug] [2026-02-20T00:30:07.759Z] Feb 19, 2026 7:30:07 PM io.gapi.emulators.netty.HttpVersionRoutingHandler channelRead
INFO: Detected non-HTTP/2 connection.
 {"metadata":{"emulator":{"name":"firestore"},"message":"Feb 19, 2026 7:30:07 PM io.gapi.emulators.netty.HttpVersionRoutingHandler channelRead\nINFO: Detected non-HTTP/2 connection.\n"}}
[debug] [2026-02-20T00:30:07.772Z] Feb 19, 2026 7:30:07 PM io.gapi.emulators.netty.HttpVersionRoutingHandler channelRead
INFO: Detected non-HTTP/2 connection.
 {"metadata":{"emulator":{"name":"firestore"},"message":"Feb 19, 2026 7:30:07 PM io.gapi.emulators.netty.HttpVersionRoutingHandler channelRead\nINFO: Detected non-HTTP/2 connection.\n"}}
[debug] [2026-02-20T00:30:07.779Z] Feb 19, 2026 7:30:07 PM io.gapi.emulators.netty.HttpVersionRoutingHandler channelRead
INFO: Detected non-HTTP/2 connection.
 {"metadata":{"emulator":{"name":"firestore"},"message":"Feb 19, 2026 7:30:07 PM io.gapi.emulators.netty.HttpVersionRoutingHandler channelRead\nINFO: Detected non-HTTP/2 connection.\n"}}
[debug] [2026-02-20T00:30:07.787Z] Feb 19, 2026 7:30:07 PM io.gapi.emulators.netty.HttpVersionRoutingHandler channelRead
INFO: Detected non-HTTP/2 connection.
 {"metadata":{"emulator":{"name":"firestore"},"message":"Feb 19, 2026 7:30:07 PM io.gapi.emulators.netty.HttpVersionRoutingHandler channelRead\nINFO: Detected non-HTTP/2 connection.\n"}}
[debug] [2026-02-20T00:30:07.793Z] Feb 19, 2026 7:30:07 PM io.gapi.emulators.netty.HttpVersionRoutingHandler channelRead
INFO: Detected non-HTTP/2 connection.
 {"metadata":{"emulator":{"name":"firestore"},"message":"Feb 19, 2026 7:30:07 PM io.gapi.emulators.netty.HttpVersionRoutingHandler channelRead\nINFO: Detected non-HTTP/2 connection.\n"}}
[debug] [2026-02-20T00:30:07.799Z] Feb 19, 2026 7:30:07 PM io.gapi.emulators.netty.HttpVersionRoutingHandler channelRead
INFO: Detected non-HTTP/2 connection.
 {"metadata":{"emulator":{"name":"firestore"},"message":"Feb 19, 2026 7:30:07 PM io.gapi.emulators.netty.HttpVersionRoutingHandler channelRead\nINFO: Detected non-HTTP/2 connection.\n"}}
[debug] [2026-02-20T00:30:07.812Z] Feb 19, 2026 7:30:07 PM io.gapi.emulators.netty.HttpVersionRoutingHandler channelRead
INFO: Detected non-HTTP/2 connection.
 {"metadata":{"emulator":{"name":"firestore"},"message":"Feb 19, 2026 7:30:07 PM io.gapi.emulators.netty.HttpVersionRoutingHandler channelRead\nINFO: Detected non-HTTP/2 connection.\n"}}
[debug] [2026-02-20T00:30:30.592Z] Feb 19, 2026 7:30:30 PM io.gapi.emulators.netty.HttpVersionRoutingHandler channelRead
INFO: Detected non-HTTP/2 connection.
 {"metadata":{"emulator":{"name":"firestore"},"message":"Feb 19, 2026 7:30:30 PM io.gapi.emulators.netty.HttpVersionRoutingHandler channelRead\nINFO: Detected non-HTTP/2 connection.\n"}}
[debug] [2026-02-20T00:30:30.602Z] Feb 19, 2026 7:30:30 PM io.gapi.emulators.netty.HttpVersionRoutingHandler channelRead
INFO: Detected non-HTTP/2 connection.
 {"metadata":{"emulator":{"name":"firestore"},"message":"Feb 19, 2026 7:30:30 PM io.gapi.emulators.netty.HttpVersionRoutingHandler channelRead\nINFO: Detected non-HTTP/2 connection.\n"}}
[debug] [2026-02-20T00:30:50.426Z] Feb 19, 2026 7:30:50 PM io.gapi.emulators.netty.HttpVersionRoutingHandler channelRead
INFO: Detected non-HTTP/2 connection.
 {"metadata":{"emulator":{"name":"firestore"},"message":"Feb 19, 2026 7:30:50 PM io.gapi.emulators.netty.HttpVersionRoutingHandler channelRead\nINFO: Detected non-HTTP/2 connection.\n"}}
[debug] [2026-02-20T00:30:56.876Z] Feb 19, 2026 7:30:56 PM io.gapi.emulators.netty.HttpVersionRoutingHandler channelRead
INFO: Detected non-HTTP/2 connection.
 {"metadata":{"emulator":{"name":"firestore"},"message":"Feb 19, 2026 7:30:56 PM io.gapi.emulators.netty.HttpVersionRoutingHandler channelRead\nINFO: Detected non-HTTP/2 connection.\n"}}
[debug] [2026-02-20T00:30:56.898Z] Feb 19, 2026 7:30:56 PM io.gapi.emulators.netty.HttpVersionRoutingHandler channelRead
INFO: Detected non-HTTP/2 connection.
 {"metadata":{"emulator":{"name":"firestore"},"message":"Feb 19, 2026 7:30:56 PM io.gapi.emulators.netty.HttpVersionRoutingHandler channelRead\nINFO: Detected non-HTTP/2 connection.\n"}}
[debug] [2026-02-20T00:31:17.431Z] Feb 19, 2026 7:31:17 PM io.gapi.emulators.netty.HttpVersionRoutingHandler channelRead
INFO: Detected non-HTTP/2 connection.
 {"metadata":{"emulator":{"name":"firestore"},"message":"Feb 19, 2026 7:31:17 PM io.gapi.emulators.netty.HttpVersionRoutingHandler channelRead\nINFO: Detected non-HTTP/2 connection.\n"}}
[debug] [2026-02-20T00:31:17.454Z] Feb 19, 2026 7:31:17 PM io.gapi.emulators.netty.HttpVersionRoutingHandler channelRead
INFO: Detected non-HTTP/2 connection.
 {"metadata":{"emulator":{"name":"firestore"},"message":"Feb 19, 2026 7:31:17 PM io.gapi.emulators.netty.HttpVersionRoutingHandler channelRead\nINFO: Detected non-HTTP/2 connection.\n"}}
[debug] [2026-02-20T00:31:17.464Z] Feb 19, 2026 7:31:17 PM io.gapi.emulators.netty.HttpVersionRoutingHandler channelRead
INFO: Detected non-HTTP/2 connection.
 {"metadata":{"emulator":{"name":"firestore"},"message":"Feb 19, 2026 7:31:17 PM io.gapi.emulators.netty.HttpVersionRoutingHandler channelRead\nINFO: Detected non-HTTP/2 connection.\n"}}
[debug] [2026-02-20T00:31:47.465Z] Feb 19, 2026 7:31:47 PM io.gapi.emulators.netty.HttpVersionRoutingHandler channelRead
INFO: Detected non-HTTP/2 connection.
 {"metadata":{"emulator":{"name":"firestore"},"message":"Feb 19, 2026 7:31:47 PM io.gapi.emulators.netty.HttpVersionRoutingHandler channelRead\nINFO: Detected non-HTTP/2 connection.\n"}}
[debug] [2026-02-20T00:32:17.467Z] Feb 19, 2026 7:32:17 PM io.gapi.emulators.netty.HttpVersionRoutingHandler channelRead
INFO: Detected non-HTTP/2 connection.
 {"metadata":{"emulator":{"name":"firestore"},"message":"Feb 19, 2026 7:32:17 PM io.gapi.emulators.netty.HttpVersionRoutingHandler channelRead\nINFO: Detected non-HTTP/2 connection.\n"}}
[debug] [2026-02-20T00:32:17.469Z] Feb 19, 2026 7:32:17 PM com.google.cloud.datastore.emulator.firestore.webchannel.FirestoreV1WebChannelAdapter$FirestoreWriteHandler onClose
INFO: channel closed
 {"metadata":{"emulator":{"name":"firestore"},"message":"Feb 19, 2026 7:32:17 PM com.google.cloud.datastore.emulator.firestore.webchannel.FirestoreV1WebChannelAdapter$FirestoreWriteHandler onClose\nINFO: channel closed\n"}}
[debug] [2026-02-20T00:32:17.470Z] Feb 19, 2026 7:32:17 PM io.gapi.emulators.netty.HttpVersionRoutingHandler channelRead
INFO: Detected non-HTTP/2 connection.
 {"metadata":{"emulator":{"name":"firestore"},"message":"Feb 19, 2026 7:32:17 PM io.gapi.emulators.netty.HttpVersionRoutingHandler channelRead\nINFO: Detected non-HTTP/2 connection.\n"}}
[debug] [2026-02-20T00:32:33.218Z] Feb 19, 2026 7:32:33 PM io.gapi.emulators.netty.HttpVersionRoutingHandler channelRead
INFO: Detected non-HTTP/2 connection.
 {"metadata":{"emulator":{"name":"firestore"},"message":"Feb 19, 2026 7:32:33 PM io.gapi.emulators.netty.HttpVersionRoutingHandler channelRead\nINFO: Detected non-HTTP/2 connection.\n"}}
[debug] [2026-02-20T00:33:17.484Z] Feb 19, 2026 7:33:17 PM io.gapi.emulators.netty.HttpVersionRoutingHandler channelRead
INFO: Detected non-HTTP/2 connection.
 {"metadata":{"emulator":{"name":"firestore"},"message":"Feb 19, 2026 7:33:17 PM io.gapi.emulators.netty.HttpVersionRoutingHandler channelRead\nINFO: Detected non-HTTP/2 connection.\n"}}
[debug] [2026-02-20T00:33:28.957Z] Feb 19, 2026 7:33:28 PM io.gapi.emulators.netty.HttpVersionRoutingHandler channelRead
INFO: Detected non-HTTP/2 connection.
 {"metadata":{"emulator":{"name":"firestore"},"message":"Feb 19, 2026 7:33:28 PM io.gapi.emulators.netty.HttpVersionRoutingHandler channelRead\nINFO: Detected non-HTTP/2 connection.\n"}}
[debug] [2026-02-20T00:33:28.993Z] Feb 19, 2026 7:33:28 PM io.gapi.emulators.netty.HttpVersionRoutingHandler channelRead
INFO: Detected non-HTTP/2 connection.
 {"metadata":{"emulator":{"name":"firestore"},"message":"Feb 19, 2026 7:33:28 PM io.gapi.emulators.netty.HttpVersionRoutingHandler channelRead\nINFO: Detected non-HTTP/2 connection.\n"}}
[debug] [2026-02-20T00:33:29.001Z] Feb 19, 2026 7:33:29 PM io.gapi.emulators.netty.HttpVersionRoutingHandler channelRead
INFO: Detected non-HTTP/2 connection.
 {"metadata":{"emulator":{"name":"firestore"},"message":"Feb 19, 2026 7:33:29 PM io.gapi.emulators.netty.HttpVersionRoutingHandler channelRead\nINFO: Detected non-HTTP/2 connection.\n"}}
[debug] [2026-02-20T00:33:29.035Z] Feb 19, 2026 7:33:29 PM io.gapi.emulators.netty.HttpVersionRoutingHandler channelRead
INFO: Detected non-HTTP/2 connection.
 {"metadata":{"emulator":{"name":"firestore"},"message":"Feb 19, 2026 7:33:29 PM io.gapi.emulators.netty.HttpVersionRoutingHandler channelRead\nINFO: Detected non-HTTP/2 connection.\n"}}
[debug] [2026-02-20T00:34:29.084Z] Feb 19, 2026 7:34:29 PM io.gapi.emulators.netty.HttpVersionRoutingHandler channelRead
INFO: Detected non-HTTP/2 connection.
 {"metadata":{"emulator":{"name":"firestore"},"message":"Feb 19, 2026 7:34:29 PM io.gapi.emulators.netty.HttpVersionRoutingHandler channelRead\nINFO: Detected non-HTTP/2 connection.\n"}}
[debug] [2026-02-20T00:34:29.085Z] Feb 19, 2026 7:34:29 PM io.gapi.emulators.netty.HttpVersionRoutingHandler channelRead
INFO: Detected non-HTTP/2 connection.
 {"metadata":{"emulator":{"name":"firestore"},"message":"Feb 19, 2026 7:34:29 PM io.gapi.emulators.netty.HttpVersionRoutingHandler channelRead\nINFO: Detected non-HTTP/2 connection.\n"}}
[debug] [2026-02-20T00:34:29.090Z] Feb 19, 2026 7:34:29 PM com.google.cloud.datastore.emulator.firestore.webchannel.FirestoreV1WebChannelAdapter$FirestoreWriteHandler onClose
INFO: channel closed
 {"metadata":{"emulator":{"name":"firestore"},"message":"Feb 19, 2026 7:34:29 PM com.google.cloud.datastore.emulator.firestore.webchannel.FirestoreV1WebChannelAdapter$FirestoreWriteHandler onClose\nINFO: channel closed\n"}}
[debug] [2026-02-20T00:34:29.094Z] Feb 19, 2026 7:34:29 PM io.gapi.emulators.netty.HttpVersionRoutingHandler channelRead
INFO: Detected non-HTTP/2 connection.
 {"metadata":{"emulator":{"name":"firestore"},"message":"Feb 19, 2026 7:34:29 PM io.gapi.emulators.netty.HttpVersionRoutingHandler channelRead\nINFO: Detected non-HTTP/2 connection.\n"}}
[debug] [2026-02-20T00:35:29.103Z] Feb 19, 2026 7:35:29 PM io.gapi.emulators.netty.HttpVersionRoutingHandler channelRead
INFO: Detected non-HTTP/2 connection.
 {"metadata":{"emulator":{"name":"firestore"},"message":"Feb 19, 2026 7:35:29 PM io.gapi.emulators.netty.HttpVersionRoutingHandler channelRead\nINFO: Detected non-HTTP/2 connection.\n"}}
[debug] [2026-02-20T00:35:29.106Z] Feb 19, 2026 7:35:29 PM io.gapi.emulators.netty.HttpVersionRoutingHandler channelRead
INFO: Detected non-HTTP/2 connection.
 {"metadata":{"emulator":{"name":"firestore"},"message":"Feb 19, 2026 7:35:29 PM io.gapi.emulators.netty.HttpVersionRoutingHandler channelRead\nINFO: Detected non-HTTP/2 connection.\n"}}
[debug] [2026-02-20T00:36:29.120Z] Feb 19, 2026 7:36:29 PM io.gapi.emulators.netty.HttpVersionRoutingHandler channelRead
INFO: Detected non-HTTP/2 connection.
 {"metadata":{"emulator":{"name":"firestore"},"message":"Feb 19, 2026 7:36:29 PM io.gapi.emulators.netty.HttpVersionRoutingHandler channelRead\nINFO: Detected non-HTTP/2 connection.\n"}}
[debug] [2026-02-20T00:36:29.120Z] Feb 19, 2026 7:36:29 PM io.gapi.emulators.netty.HttpVersionRoutingHandler channelRead
INFO: Detected non-HTTP/2 connection.
 {"metadata":{"emulator":{"name":"firestore"},"message":"Feb 19, 2026 7:36:29 PM io.gapi.emulators.netty.HttpVersionRoutingHandler channelRead\nINFO: Detected non-HTTP/2 connection.\n"}}
[debug] [2026-02-20T00:37:14.132Z] Feb 19, 2026 7:37:14 PM io.gapi.emulators.netty.HttpVersionRoutingHandler channelRead
INFO: Detected non-HTTP/2 connection.
 {"metadata":{"emulator":{"name":"firestore"},"message":"Feb 19, 2026 7:37:14 PM io.gapi.emulators.netty.HttpVersionRoutingHandler channelRead\nINFO: Detected non-HTTP/2 connection.\n"}}
[debug] [2026-02-20T00:37:14.217Z] Feb 19, 2026 7:37:14 PM io.gapi.emulators.netty.HttpVersionRoutingHandler channelRead
INFO: Detected non-HTTP/2 connection.
 {"metadata":{"emulator":{"name":"firestore"},"message":"Feb 19, 2026 7:37:14 PM io.gapi.emulators.netty.HttpVersionRoutingHandler channelRead\nINFO: Detected non-HTTP/2 connection.\n"}}
[debug] [2026-02-20T00:38:14.150Z] Feb 19, 2026 7:38:14 PM io.gapi.emulators.netty.HttpVersionRoutingHandler channelRead
INFO: Detected non-HTTP/2 connection.
 {"metadata":{"emulator":{"name":"firestore"},"message":"Feb 19, 2026 7:38:14 PM io.gapi.emulators.netty.HttpVersionRoutingHandler channelRead\nINFO: Detected non-HTTP/2 connection.\n"}}
[debug] [2026-02-20T00:38:14.233Z] Feb 19, 2026 7:38:14 PM io.gapi.emulators.netty.HttpVersionRoutingHandler channelRead
INFO: Detected non-HTTP/2 connection.
 {"metadata":{"emulator":{"name":"firestore"},"message":"Feb 19, 2026 7:38:14 PM io.gapi.emulators.netty.HttpVersionRoutingHandler channelRead\nINFO: Detected non-HTTP/2 connection.\n"}}
[debug] [2026-02-20T00:39:14.164Z] Feb 19, 2026 7:39:14 PM io.gapi.emulators.netty.HttpVersionRoutingHandler channelRead
INFO: Detected non-HTTP/2 connection.
 {"metadata":{"emulator":{"name":"firestore"},"message":"Feb 19, 2026 7:39:14 PM io.gapi.emulators.netty.HttpVersionRoutingHandler channelRead\nINFO: Detected non-HTTP/2 connection.\n"}}
[debug] [2026-02-20T00:39:14.247Z] Feb 19, 2026 7:39:14 PM io.gapi.emulators.netty.HttpVersionRoutingHandler channelRead
INFO: Detected non-HTTP/2 connection.
 {"metadata":{"emulator":{"name":"firestore"},"message":"Feb 19, 2026 7:39:14 PM io.gapi.emulators.netty.HttpVersionRoutingHandler channelRead\nINFO: Detected non-HTTP/2 connection.\n"}}
[debug] [2026-02-20T00:40:14.180Z] Feb 19, 2026 7:40:14 PM io.gapi.emulators.netty.HttpVersionRoutingHandler channelRead
INFO: Detected non-HTTP/2 connection.
 {"metadata":{"emulator":{"name":"firestore"},"message":"Feb 19, 2026 7:40:14 PM io.gapi.emulators.netty.HttpVersionRoutingHandler channelRead\nINFO: Detected non-HTTP/2 connection.\n"}}
[debug] [2026-02-20T00:40:30.215Z] Feb 19, 2026 7:40:30 PM io.gapi.emulators.netty.HttpVersionRoutingHandler channelRead
INFO: Detected non-HTTP/2 connection.
 {"metadata":{"emulator":{"name":"firestore"},"message":"Feb 19, 2026 7:40:30 PM io.gapi.emulators.netty.HttpVersionRoutingHandler channelRead\nINFO: Detected non-HTTP/2 connection.\n"}}
[debug] [2026-02-20T00:41:29.202Z] Feb 19, 2026 7:41:29 PM io.gapi.emulators.netty.HttpVersionRoutingHandler channelRead
INFO: Detected non-HTTP/2 connection.
 {"metadata":{"emulator":{"name":"firestore"},"message":"Feb 19, 2026 7:41:29 PM io.gapi.emulators.netty.HttpVersionRoutingHandler channelRead\nINFO: Detected non-HTTP/2 connection.\n"}}
[debug] [2026-02-20T00:41:30.234Z] Feb 19, 2026 7:41:30 PM io.gapi.emulators.netty.HttpVersionRoutingHandler channelRead
INFO: Detected non-HTTP/2 connection.
 {"metadata":{"emulator":{"name":"firestore"},"message":"Feb 19, 2026 7:41:30 PM io.gapi.emulators.netty.HttpVersionRoutingHandler channelRead\nINFO: Detected non-HTTP/2 connection.\n"}}
[debug] [2026-02-20T00:42:16.213Z] Feb 19, 2026 7:42:16 PM io.gapi.emulators.netty.HttpVersionRoutingHandler channelRead
INFO: Detected non-HTTP/2 connection.
 {"metadata":{"emulator":{"name":"firestore"},"message":"Feb 19, 2026 7:42:16 PM io.gapi.emulators.netty.HttpVersionRoutingHandler channelRead\nINFO: Detected non-HTTP/2 connection.\n"}}
[debug] [2026-02-20T00:42:44.218Z] Feb 19, 2026 7:42:44 PM io.gapi.emulators.netty.HttpVersionRoutingHandler channelRead
INFO: Detected non-HTTP/2 connection.
 {"metadata":{"emulator":{"name":"firestore"},"message":"Feb 19, 2026 7:42:44 PM io.gapi.emulators.netty.HttpVersionRoutingHandler channelRead\nINFO: Detected non-HTTP/2 connection.\n"}}
[debug] [2026-02-20T00:43:02.213Z] Feb 19, 2026 7:43:02 PM io.gapi.emulators.netty.HttpVersionRoutingHandler channelRead
INFO: Detected non-HTTP/2 connection.
 {"metadata":{"emulator":{"name":"firestore"},"message":"Feb 19, 2026 7:43:02 PM io.gapi.emulators.netty.HttpVersionRoutingHandler channelRead\nINFO: Detected non-HTTP/2 connection.\n"}}
[debug] [2026-02-20T00:43:44.233Z] Feb 19, 2026 7:43:44 PM io.gapi.emulators.netty.HttpVersionRoutingHandler channelRead
INFO: Detected non-HTTP/2 connection.
 {"metadata":{"emulator":{"name":"firestore"},"message":"Feb 19, 2026 7:43:44 PM io.gapi.emulators.netty.HttpVersionRoutingHandler channelRead\nINFO: Detected non-HTTP/2 connection.\n"}}
[debug] [2026-02-20T00:44:02.227Z] Feb 19, 2026 7:44:02 PM io.gapi.emulators.netty.HttpVersionRoutingHandler channelRead
INFO: Detected non-HTTP/2 connection.
 {"metadata":{"emulator":{"name":"firestore"},"message":"Feb 19, 2026 7:44:02 PM io.gapi.emulators.netty.HttpVersionRoutingHandler channelRead\nINFO: Detected non-HTTP/2 connection.\n"}}
[debug] [2026-02-20T00:44:44.251Z] Feb 19, 2026 7:44:44 PM io.gapi.emulators.netty.HttpVersionRoutingHandler channelRead
INFO: Detected non-HTTP/2 connection.
 {"metadata":{"emulator":{"name":"firestore"},"message":"Feb 19, 2026 7:44:44 PM io.gapi.emulators.netty.HttpVersionRoutingHandler channelRead\nINFO: Detected non-HTTP/2 connection.\n"}}
[debug] [2026-02-20T00:45:02.246Z] Feb 19, 2026 7:45:02 PM io.gapi.emulators.netty.HttpVersionRoutingHandler channelRead
INFO: Detected non-HTTP/2 connection.
 {"metadata":{"emulator":{"name":"firestore"},"message":"Feb 19, 2026 7:45:02 PM io.gapi.emulators.netty.HttpVersionRoutingHandler channelRead\nINFO: Detected non-HTTP/2 connection.\n"}}
[debug] [2026-02-20T00:45:44.267Z] Feb 19, 2026 7:45:44 PM io.gapi.emulators.netty.HttpVersionRoutingHandler channelRead
INFO: Detected non-HTTP/2 connection.
 {"metadata":{"emulator":{"name":"firestore"},"message":"Feb 19, 2026 7:45:44 PM io.gapi.emulators.netty.HttpVersionRoutingHandler channelRead\nINFO: Detected non-HTTP/2 connection.\n"}}
[debug] [2026-02-20T00:46:06.509Z] Feb 19, 2026 7:46:06 PM io.gapi.emulators.netty.HttpVersionRoutingHandler channelRead
INFO: Detected non-HTTP/2 connection.
 {"metadata":{"emulator":{"name":"firestore"},"message":"Feb 19, 2026 7:46:06 PM io.gapi.emulators.netty.HttpVersionRoutingHandler channelRead\nINFO: Detected non-HTTP/2 connection.\n"}}
[debug] [2026-02-20T00:46:06.664Z] Feb 19, 2026 7:46:06 PM io.gapi.emulators.netty.HttpVersionRoutingHandler channelRead
INFO: Detected non-HTTP/2 connection.
 {"metadata":{"emulator":{"name":"firestore"},"message":"Feb 19, 2026 7:46:06 PM io.gapi.emulators.netty.HttpVersionRoutingHandler channelRead\nINFO: Detected non-HTTP/2 connection.\n"}}
[debug] [2026-02-20T00:46:06.668Z] Feb 19, 2026 7:46:06 PM io.gapi.emulators.netty.HttpVersionRoutingHandler channelRead
INFO: Detected non-HTTP/2 connection.
 {"metadata":{"emulator":{"name":"firestore"},"message":"Feb 19, 2026 7:46:06 PM io.gapi.emulators.netty.HttpVersionRoutingHandler channelRead\nINFO: Detected non-HTTP/2 connection.\n"}}
[debug] [2026-02-20T00:46:06.700Z] Feb 19, 2026 7:46:06 PM io.gapi.emulators.netty.HttpVersionRoutingHandler channelRead
INFO: Detected non-HTTP/2 connection.
 {"metadata":{"emulator":{"name":"firestore"},"message":"Feb 19, 2026 7:46:06 PM io.gapi.emulators.netty.HttpVersionRoutingHandler channelRead\nINFO: Detected non-HTTP/2 connection.\n"}}
[debug] [2026-02-20T00:46:06.708Z] Feb 19, 2026 7:46:06 PM io.gapi.emulators.netty.HttpVersionRoutingHandler channelRead
INFO: Detected non-HTTP/2 connection.
 {"metadata":{"emulator":{"name":"firestore"},"message":"Feb 19, 2026 7:46:06 PM io.gapi.emulators.netty.HttpVersionRoutingHandler channelRead\nINFO: Detected non-HTTP/2 connection.\n"}}
[debug] [2026-02-20T00:46:06.727Z] Feb 19, 2026 7:46:06 PM io.gapi.emulators.netty.HttpVersionRoutingHandler channelRead
INFO: Detected non-HTTP/2 connection.
 {"metadata":{"emulator":{"name":"firestore"},"message":"Feb 19, 2026 7:46:06 PM io.gapi.emulators.netty.HttpVersionRoutingHandler channelRead\nINFO: Detected non-HTTP/2 connection.\n"}}
[debug] [2026-02-20T00:46:36.741Z] Feb 19, 2026 7:46:36 PM io.gapi.emulators.netty.HttpVersionRoutingHandler channelRead
INFO: Detected non-HTTP/2 connection.
 {"metadata":{"emulator":{"name":"firestore"},"message":"Feb 19, 2026 7:46:36 PM io.gapi.emulators.netty.HttpVersionRoutingHandler channelRead\nINFO: Detected non-HTTP/2 connection.\n"}}
[debug] [2026-02-20T00:47:06.738Z] Feb 19, 2026 7:47:06 PM io.gapi.emulators.netty.HttpVersionRoutingHandler channelRead
INFO: Detected non-HTTP/2 connection.
 {"metadata":{"emulator":{"name":"firestore"},"message":"Feb 19, 2026 7:47:06 PM io.gapi.emulators.netty.HttpVersionRoutingHandler channelRead\nINFO: Detected non-HTTP/2 connection.\n"}}
[debug] [2026-02-20T00:47:06.742Z] Feb 19, 2026 7:47:06 PM com.google.cloud.datastore.emulator.firestore.webchannel.FirestoreV1WebChannelAdapter$FirestoreWriteHandler onClose
INFO: channel closed
 {"metadata":{"emulator":{"name":"firestore"},"message":"Feb 19, 2026 7:47:06 PM com.google.cloud.datastore.emulator.firestore.webchannel.FirestoreV1WebChannelAdapter$FirestoreWriteHandler onClose\nINFO: channel closed\n"}}
[debug] [2026-02-20T00:47:06.745Z] Feb 19, 2026 7:47:06 PM io.gapi.emulators.netty.HttpVersionRoutingHandler channelRead
INFO: Detected non-HTTP/2 connection.
 {"metadata":{"emulator":{"name":"firestore"},"message":"Feb 19, 2026 7:47:06 PM io.gapi.emulators.netty.HttpVersionRoutingHandler channelRead\nINFO: Detected non-HTTP/2 connection.\n"}}
[debug] [2026-02-20T00:47:51.751Z] Feb 19, 2026 7:47:51 PM io.gapi.emulators.netty.HttpVersionRoutingHandler channelRead
INFO: Detected non-HTTP/2 connection.
 {"metadata":{"emulator":{"name":"firestore"},"message":"Feb 19, 2026 7:47:51 PM io.gapi.emulators.netty.HttpVersionRoutingHandler channelRead\nINFO: Detected non-HTTP/2 connection.\n"}}
[debug] [2026-02-20T00:47:52.214Z] Feb 19, 2026 7:47:52 PM io.gapi.emulators.netty.HttpVersionRoutingHandler channelRead
INFO: Detected non-HTTP/2 connection.
 {"metadata":{"emulator":{"name":"firestore"},"message":"Feb 19, 2026 7:47:52 PM io.gapi.emulators.netty.HttpVersionRoutingHandler channelRead\nINFO: Detected non-HTTP/2 connection.\n"}}
[debug] [2026-02-20T00:48:38.214Z] Feb 19, 2026 7:48:38 PM io.gapi.emulators.netty.HttpVersionRoutingHandler channelRead
INFO: Detected non-HTTP/2 connection.
 {"metadata":{"emulator":{"name":"firestore"},"message":"Feb 19, 2026 7:48:38 PM io.gapi.emulators.netty.HttpVersionRoutingHandler channelRead\nINFO: Detected non-HTTP/2 connection.\n"}}
[debug] [2026-02-20T00:48:51.768Z] Feb 19, 2026 7:48:51 PM io.gapi.emulators.netty.HttpVersionRoutingHandler channelRead
INFO: Detected non-HTTP/2 connection.
 {"metadata":{"emulator":{"name":"firestore"},"message":"Feb 19, 2026 7:48:51 PM io.gapi.emulators.netty.HttpVersionRoutingHandler channelRead\nINFO: Detected non-HTTP/2 connection.\n"}}
[debug] [2026-02-20T00:49:38.230Z] Feb 19, 2026 7:49:38 PM io.gapi.emulators.netty.HttpVersionRoutingHandler channelRead
INFO: Detected non-HTTP/2 connection.
 {"metadata":{"emulator":{"name":"firestore"},"message":"Feb 19, 2026 7:49:38 PM io.gapi.emulators.netty.HttpVersionRoutingHandler channelRead\nINFO: Detected non-HTTP/2 connection.\n"}}
[debug] [2026-02-20T00:49:51.784Z] Feb 19, 2026 7:49:51 PM io.gapi.emulators.netty.HttpVersionRoutingHandler channelRead
INFO: Detected non-HTTP/2 connection.
 {"metadata":{"emulator":{"name":"firestore"},"message":"Feb 19, 2026 7:49:51 PM io.gapi.emulators.netty.HttpVersionRoutingHandler channelRead\nINFO: Detected non-HTTP/2 connection.\n"}}
[debug] [2026-02-20T00:50:51.801Z] Feb 19, 2026 7:50:51 PM io.gapi.emulators.netty.HttpVersionRoutingHandler channelRead
INFO: Detected non-HTTP/2 connection.
 {"metadata":{"emulator":{"name":"firestore"},"message":"Feb 19, 2026 7:50:51 PM io.gapi.emulators.netty.HttpVersionRoutingHandler channelRead\nINFO: Detected non-HTTP/2 connection.\n"}}
[debug] [2026-02-20T00:50:54.217Z] Feb 19, 2026 7:50:54 PM io.gapi.emulators.netty.HttpVersionRoutingHandler channelRead
INFO: Detected non-HTTP/2 connection.
 {"metadata":{"emulator":{"name":"firestore"},"message":"Feb 19, 2026 7:50:54 PM io.gapi.emulators.netty.HttpVersionRoutingHandler channelRead\nINFO: Detected non-HTTP/2 connection.\n"}}
[debug] [2026-02-20T00:51:51.822Z] Feb 19, 2026 7:51:51 PM io.gapi.emulators.netty.HttpVersionRoutingHandler channelRead
INFO: Detected non-HTTP/2 connection.
 {"metadata":{"emulator":{"name":"firestore"},"message":"Feb 19, 2026 7:51:51 PM io.gapi.emulators.netty.HttpVersionRoutingHandler channelRead\nINFO: Detected non-HTTP/2 connection.\n"}}
[debug] [2026-02-20T00:51:54.240Z] Feb 19, 2026 7:51:54 PM io.gapi.emulators.netty.HttpVersionRoutingHandler channelRead
INFO: Detected non-HTTP/2 connection.
 {"metadata":{"emulator":{"name":"firestore"},"message":"Feb 19, 2026 7:51:54 PM io.gapi.emulators.netty.HttpVersionRoutingHandler channelRead\nINFO: Detected non-HTTP/2 connection.\n"}}
[debug] [2026-02-20T00:52:51.848Z] Feb 19, 2026 7:52:51 PM io.gapi.emulators.netty.HttpVersionRoutingHandler channelRead
INFO: Detected non-HTTP/2 connection.
 {"metadata":{"emulator":{"name":"firestore"},"message":"Feb 19, 2026 7:52:51 PM io.gapi.emulators.netty.HttpVersionRoutingHandler channelRead\nINFO: Detected non-HTTP/2 connection.\n"}}
[debug] [2026-02-20T00:52:54.261Z] Feb 19, 2026 7:52:54 PM io.gapi.emulators.netty.HttpVersionRoutingHandler channelRead
INFO: Detected non-HTTP/2 connection.
 {"metadata":{"emulator":{"name":"firestore"},"message":"Feb 19, 2026 7:52:54 PM io.gapi.emulators.netty.HttpVersionRoutingHandler channelRead\nINFO: Detected non-HTTP/2 connection.\n"}}
[debug] [2026-02-20T00:53:51.868Z] Feb 19, 2026 7:53:51 PM io.gapi.emulators.netty.HttpVersionRoutingHandler channelRead
INFO: Detected non-HTTP/2 connection.
 {"metadata":{"emulator":{"name":"firestore"},"message":"Feb 19, 2026 7:53:51 PM io.gapi.emulators.netty.HttpVersionRoutingHandler channelRead\nINFO: Detected non-HTTP/2 connection.\n"}}
[debug] [2026-02-20T00:53:54.286Z] Feb 19, 2026 7:53:54 PM io.gapi.emulators.netty.HttpVersionRoutingHandler channelRead
INFO: Detected non-HTTP/2 connection.
 {"metadata":{"emulator":{"name":"firestore"},"message":"Feb 19, 2026 7:53:54 PM io.gapi.emulators.netty.HttpVersionRoutingHandler channelRead\nINFO: Detected non-HTTP/2 connection.\n"}}
[debug] [2026-02-20T00:54:51.885Z] Feb 19, 2026 7:54:51 PM io.gapi.emulators.netty.HttpVersionRoutingHandler channelRead
INFO: Detected non-HTTP/2 connection.
 {"metadata":{"emulator":{"name":"firestore"},"message":"Feb 19, 2026 7:54:51 PM io.gapi.emulators.netty.HttpVersionRoutingHandler channelRead\nINFO: Detected non-HTTP/2 connection.\n"}}
[debug] [2026-02-20T00:54:54.308Z] Feb 19, 2026 7:54:54 PM io.gapi.emulators.netty.HttpVersionRoutingHandler channelRead
INFO: Detected non-HTTP/2 connection.
 {"metadata":{"emulator":{"name":"firestore"},"message":"Feb 19, 2026 7:54:54 PM io.gapi.emulators.netty.HttpVersionRoutingHandler channelRead\nINFO: Detected non-HTTP/2 connection.\n"}}
[debug] [2026-02-20T00:55:20.543Z] Feb 19, 2026 7:55:20 PM io.gapi.emulators.netty.HttpVersionRoutingHandler channelRead
INFO: Detected non-HTTP/2 connection.
 {"metadata":{"emulator":{"name":"firestore"},"message":"Feb 19, 2026 7:55:20 PM io.gapi.emulators.netty.HttpVersionRoutingHandler channelRead\nINFO: Detected non-HTTP/2 connection.\n"}}
[debug] [2026-02-20T00:55:20.586Z] Feb 19, 2026 7:55:20 PM io.gapi.emulators.netty.HttpVersionRoutingHandler channelRead
INFO: Detected non-HTTP/2 connection.
 {"metadata":{"emulator":{"name":"firestore"},"message":"Feb 19, 2026 7:55:20 PM io.gapi.emulators.netty.HttpVersionRoutingHandler channelRead\nINFO: Detected non-HTTP/2 connection.\n"}}
[debug] [2026-02-20T00:55:20.587Z] Feb 19, 2026 7:55:20 PM io.gapi.emulators.netty.HttpVersionRoutingHandler channelRead
INFO: Detected non-HTTP/2 connection.
 {"metadata":{"emulator":{"name":"firestore"},"message":"Feb 19, 2026 7:55:20 PM io.gapi.emulators.netty.HttpVersionRoutingHandler channelRead\nINFO: Detected non-HTTP/2 connection.\n"}}
[debug] [2026-02-20T00:55:20.599Z] Feb 19, 2026 7:55:20 PM io.gapi.emulators.netty.HttpVersionRoutingHandler channelRead
INFO: Detected non-HTTP/2 connection.
 {"metadata":{"emulator":{"name":"firestore"},"message":"Feb 19, 2026 7:55:20 PM io.gapi.emulators.netty.HttpVersionRoutingHandler channelRead\nINFO: Detected non-HTTP/2 connection.\n"}}
[debug] [2026-02-20T00:55:20.599Z] Feb 19, 2026 7:55:20 PM io.gapi.emulators.netty.HttpVersionRoutingHandler channelRead
INFO: Detected non-HTTP/2 connection.
 {"metadata":{"emulator":{"name":"firestore"},"message":"Feb 19, 2026 7:55:20 PM io.gapi.emulators.netty.HttpVersionRoutingHandler channelRead\nINFO: Detected non-HTTP/2 connection.\n"}}
[debug] [2026-02-20T00:55:20.618Z] Feb 19, 2026 7:55:20 PM io.gapi.emulators.netty.HttpVersionRoutingHandler channelRead
INFO: Detected non-HTTP/2 connection.
 {"metadata":{"emulator":{"name":"firestore"},"message":"Feb 19, 2026 7:55:20 PM io.gapi.emulators.netty.HttpVersionRoutingHandler channelRead\nINFO: Detected non-HTTP/2 connection.\n"}}
[debug] [2026-02-20T00:55:20.618Z] Feb 19, 2026 7:55:20 PM io.gapi.emulators.netty.HttpVersionRoutingHandler channelRead
INFO: Detected non-HTTP/2 connection.
 {"metadata":{"emulator":{"name":"firestore"},"message":"Feb 19, 2026 7:55:20 PM io.gapi.emulators.netty.HttpVersionRoutingHandler channelRead\nINFO: Detected non-HTTP/2 connection.\n"}}
[debug] [2026-02-20T00:55:29.677Z] Feb 19, 2026 7:55:29 PM io.gapi.emulators.netty.HttpVersionRoutingHandler channelRead
INFO: Detected non-HTTP/2 connection.
 {"metadata":{"emulator":{"name":"firestore"},"message":"Feb 19, 2026 7:55:29 PM io.gapi.emulators.netty.HttpVersionRoutingHandler channelRead\nINFO: Detected non-HTTP/2 connection.\n"}}
[debug] [2026-02-20T00:55:29.694Z] Feb 19, 2026 7:55:29 PM io.gapi.emulators.netty.HttpVersionRoutingHandler channelRead
INFO: Detected non-HTTP/2 connection.
 {"metadata":{"emulator":{"name":"firestore"},"message":"Feb 19, 2026 7:55:29 PM io.gapi.emulators.netty.HttpVersionRoutingHandler channelRead\nINFO: Detected non-HTTP/2 connection.\n"}}
[debug] [2026-02-20T00:55:29.695Z] Feb 19, 2026 7:55:29 PM io.gapi.emulators.netty.HttpVersionRoutingHandler channelRead
INFO: Detected non-HTTP/2 connection.
 {"metadata":{"emulator":{"name":"firestore"},"message":"Feb 19, 2026 7:55:29 PM io.gapi.emulators.netty.HttpVersionRoutingHandler channelRead\nINFO: Detected non-HTTP/2 connection.\n"}}
[debug] [2026-02-20T00:55:29.725Z] Feb 19, 2026 7:55:29 PM io.gapi.emulators.netty.HttpVersionRoutingHandler channelRead
INFO: Detected non-HTTP/2 connection.
 {"metadata":{"emulator":{"name":"firestore"},"message":"Feb 19, 2026 7:55:29 PM io.gapi.emulators.netty.HttpVersionRoutingHandler channelRead\nINFO: Detected non-HTTP/2 connection.\n"}}
[debug] [2026-02-20T00:55:29.725Z] Feb 19, 2026 7:55:29 PM io.gapi.emulators.netty.HttpVersionRoutingHandler channelRead
INFO: Detected non-HTTP/2 connection.
 {"metadata":{"emulator":{"name":"firestore"},"message":"Feb 19, 2026 7:55:29 PM io.gapi.emulators.netty.HttpVersionRoutingHandler channelRead\nINFO: Detected non-HTTP/2 connection.\n"}}
[debug] [2026-02-20T00:55:29.733Z] Feb 19, 2026 7:55:29 PM com.google.cloud.datastore.emulator.firestore.webchannel.FirestoreV1WebChannelAdapter$FirestoreWriteHandler onClose
INFO: channel closed
 {"metadata":{"emulator":{"name":"firestore"},"message":"Feb 19, 2026 7:55:29 PM com.google.cloud.datastore.emulator.firestore.webchannel.FirestoreV1WebChannelAdapter$FirestoreWriteHandler onClose\nINFO: channel closed\n"}}
[debug] [2026-02-20T00:55:29.733Z] Feb 19, 2026 7:55:29 PM com.google.cloud.datastore.emulator.firestore.webchannel.FirestoreV1WebChannelAdapter$FirestoreListenHandler onClose
INFO: channel closed
 {"metadata":{"emulator":{"name":"firestore"},"message":"Feb 19, 2026 7:55:29 PM com.google.cloud.datastore.emulator.firestore.webchannel.FirestoreV1WebChannelAdapter$FirestoreListenHandler onClose\nINFO: channel closed\n"}}
[debug] [2026-02-20T00:55:42.641Z] Feb 19, 2026 7:55:42 PM io.gapi.emulators.netty.HttpVersionRoutingHandler channelRead
INFO: Detected non-HTTP/2 connection.
 {"metadata":{"emulator":{"name":"firestore"},"message":"Feb 19, 2026 7:55:42 PM io.gapi.emulators.netty.HttpVersionRoutingHandler channelRead\nINFO: Detected non-HTTP/2 connection.\n"}}
[debug] [2026-02-20T00:55:42.642Z] Feb 19, 2026 7:55:42 PM io.gapi.emulators.netty.HttpVersionRoutingHandler channelRead
INFO: Detected non-HTTP/2 connection.
 {"metadata":{"emulator":{"name":"firestore"},"message":"Feb 19, 2026 7:55:42 PM io.gapi.emulators.netty.HttpVersionRoutingHandler channelRead\nINFO: Detected non-HTTP/2 connection.\n"}}
[debug] [2026-02-20T00:55:42.642Z] Feb 19, 2026 7:55:42 PM io.gapi.emulators.netty.HttpVersionRoutingHandler channelRead
INFO: Detected non-HTTP/2 connection.
 {"metadata":{"emulator":{"name":"firestore"},"message":"Feb 19, 2026 7:55:42 PM io.gapi.emulators.netty.HttpVersionRoutingHandler channelRead\nINFO: Detected non-HTTP/2 connection.\n"}}
[debug] [2026-02-20T00:55:42.643Z] Feb 19, 2026 7:55:42 PM io.gapi.emulators.netty.HttpVersionRoutingHandler channelRead
INFO: Detected non-HTTP/2 connection.
 {"metadata":{"emulator":{"name":"firestore"},"message":"Feb 19, 2026 7:55:42 PM io.gapi.emulators.netty.HttpVersionRoutingHandler channelRead\nINFO: Detected non-HTTP/2 connection.\n"}}
[debug] [2026-02-20T00:55:42.645Z] Feb 19, 2026 7:55:42 PM io.gapi.emulators.netty.HttpVersionRoutingHandler channelRead
INFO: Detected non-HTTP/2 connection.
 {"metadata":{"emulator":{"name":"firestore"},"message":"Feb 19, 2026 7:55:42 PM io.gapi.emulators.netty.HttpVersionRoutingHandler channelRead\nINFO: Detected non-HTTP/2 connection.\n"}}
[debug] [2026-02-20T00:55:48.002Z] Feb 19, 2026 7:55:48 PM io.gapi.emulators.netty.HttpVersionRoutingHandler channelRead
INFO: Detected non-HTTP/2 connection.
 {"metadata":{"emulator":{"name":"firestore"},"message":"Feb 19, 2026 7:55:48 PM io.gapi.emulators.netty.HttpVersionRoutingHandler channelRead\nINFO: Detected non-HTTP/2 connection.\n"}}
[debug] [2026-02-20T00:55:48.020Z] Feb 19, 2026 7:55:48 PM io.gapi.emulators.netty.HttpVersionRoutingHandler channelRead
INFO: Detected non-HTTP/2 connection.
 {"metadata":{"emulator":{"name":"firestore"},"message":"Feb 19, 2026 7:55:48 PM io.gapi.emulators.netty.HttpVersionRoutingHandler channelRead\nINFO: Detected non-HTTP/2 connection.\n"}}
[debug] [2026-02-20T00:55:48.029Z] Feb 19, 2026 7:55:48 PM io.gapi.emulators.netty.HttpVersionRoutingHandler channelRead
INFO: Detected non-HTTP/2 connection.
 {"metadata":{"emulator":{"name":"firestore"},"message":"Feb 19, 2026 7:55:48 PM io.gapi.emulators.netty.HttpVersionRoutingHandler channelRead\nINFO: Detected non-HTTP/2 connection.\n"}}
[debug] [2026-02-20T00:56:03.231Z] Feb 19, 2026 7:56:03 PM io.gapi.emulators.netty.HttpVersionRoutingHandler channelRead
INFO: Detected non-HTTP/2 connection.
 {"metadata":{"emulator":{"name":"firestore"},"message":"Feb 19, 2026 7:56:03 PM io.gapi.emulators.netty.HttpVersionRoutingHandler channelRead\nINFO: Detected non-HTTP/2 connection.\n"}}
[debug] [2026-02-20T00:56:03.258Z] Feb 19, 2026 7:56:03 PM io.gapi.emulators.netty.HttpVersionRoutingHandler channelRead
INFO: Detected non-HTTP/2 connection.
 {"metadata":{"emulator":{"name":"firestore"},"message":"Feb 19, 2026 7:56:03 PM io.gapi.emulators.netty.HttpVersionRoutingHandler channelRead\nINFO: Detected non-HTTP/2 connection.\n"}}
[debug] [2026-02-20T00:56:03.270Z] Feb 19, 2026 7:56:03 PM io.gapi.emulators.netty.HttpVersionRoutingHandler channelRead
INFO: Detected non-HTTP/2 connection.
 {"metadata":{"emulator":{"name":"firestore"},"message":"Feb 19, 2026 7:56:03 PM io.gapi.emulators.netty.HttpVersionRoutingHandler channelRead\nINFO: Detected non-HTTP/2 connection.\n"}}
[debug] [2026-02-20T00:56:03.284Z] Feb 19, 2026 7:56:03 PM io.gapi.emulators.netty.HttpVersionRoutingHandler channelRead
INFO: Detected non-HTTP/2 connection.
 {"metadata":{"emulator":{"name":"firestore"},"message":"Feb 19, 2026 7:56:03 PM io.gapi.emulators.netty.HttpVersionRoutingHandler channelRead\nINFO: Detected non-HTTP/2 connection.\n"}}
[debug] [2026-02-20T00:56:03.362Z] Feb 19, 2026 7:56:03 PM io.gapi.emulators.netty.HttpVersionRoutingHandler channelRead
INFO: Detected non-HTTP/2 connection.
 {"metadata":{"emulator":{"name":"firestore"},"message":"Feb 19, 2026 7:56:03 PM io.gapi.emulators.netty.HttpVersionRoutingHandler channelRead\nINFO: Detected non-HTTP/2 connection.\n"}}
[debug] [2026-02-20T00:56:03.372Z] Feb 19, 2026 7:56:03 PM io.gapi.emulators.netty.HttpVersionRoutingHandler channelRead
INFO: Detected non-HTTP/2 connection.
 {"metadata":{"emulator":{"name":"firestore"},"message":"Feb 19, 2026 7:56:03 PM io.gapi.emulators.netty.HttpVersionRoutingHandler channelRead\nINFO: Detected non-HTTP/2 connection.\n"}}
[debug] [2026-02-20T00:56:03.376Z] Feb 19, 2026 7:56:03 PM io.gapi.emulators.netty.HttpVersionRoutingHandler channelRead
INFO: Detected non-HTTP/2 connection.
 {"metadata":{"emulator":{"name":"firestore"},"message":"Feb 19, 2026 7:56:03 PM io.gapi.emulators.netty.HttpVersionRoutingHandler channelRead\nINFO: Detected non-HTTP/2 connection.\n"}}
[debug] [2026-02-20T00:56:15.126Z] Feb 19, 2026 7:56:15 PM io.gapi.emulators.netty.HttpVersionRoutingHandler channelRead
INFO: Detected non-HTTP/2 connection.
 {"metadata":{"emulator":{"name":"firestore"},"message":"Feb 19, 2026 7:56:15 PM io.gapi.emulators.netty.HttpVersionRoutingHandler channelRead\nINFO: Detected non-HTTP/2 connection.\n"}}
[debug] [2026-02-20T00:56:15.146Z] Feb 19, 2026 7:56:15 PM io.gapi.emulators.netty.HttpVersionRoutingHandler channelRead
INFO: Detected non-HTTP/2 connection.
 {"metadata":{"emulator":{"name":"firestore"},"message":"Feb 19, 2026 7:56:15 PM io.gapi.emulators.netty.HttpVersionRoutingHandler channelRead\nINFO: Detected non-HTTP/2 connection.\n"}}
[debug] [2026-02-20T00:56:15.150Z] Feb 19, 2026 7:56:15 PM io.gapi.emulators.netty.HttpVersionRoutingHandler channelRead
INFO: Detected non-HTTP/2 connection.
Feb 19, 2026 7:56:15 PM io.gapi.emulators.netty.HttpVersionRoutingHandler channelRead
INFO: Detected non-HTTP/2 connection.
 {"metadata":{"emulator":{"name":"firestore"},"message":"Feb 19, 2026 7:56:15 PM io.gapi.emulators.netty.HttpVersionRoutingHandler channelRead\nINFO: Detected non-HTTP/2 connection.\nFeb 19, 2026 7:56:15 PM io.gapi.emulators.netty.HttpVersionRoutingHandler channelRead\nINFO: Detected non-HTTP/2 connection.\n"}}
[debug] [2026-02-20T00:56:15.155Z] Feb 19, 2026 7:56:15 PM com.google.cloud.datastore.emulator.firestore.webchannel.FirestoreV1WebChannelAdapter$FirestoreListenHandler onClose
INFO: channel closed
 {"metadata":{"emulator":{"name":"firestore"},"message":"Feb 19, 2026 7:56:15 PM com.google.cloud.datastore.emulator.firestore.webchannel.FirestoreV1WebChannelAdapter$FirestoreListenHandler onClose\nINFO: channel closed\n"}}
[debug] [2026-02-20T00:56:15.155Z] Feb 19, 2026 7:56:15 PM com.google.cloud.datastore.emulator.firestore.webchannel.FirestoreV1WebChannelAdapter$FirestoreWriteHandler onClose
INFO: channel closed
 {"metadata":{"emulator":{"name":"firestore"},"message":"Feb 19, 2026 7:56:15 PM com.google.cloud.datastore.emulator.firestore.webchannel.FirestoreV1WebChannelAdapter$FirestoreWriteHandler onClose\nINFO: channel closed\n"}}
[debug] [2026-02-20T00:56:33.392Z] Feb 19, 2026 7:56:33 PM io.gapi.emulators.netty.HttpVersionRoutingHandler channelRead
INFO: Detected non-HTTP/2 connection.
 {"metadata":{"emulator":{"name":"firestore"},"message":"Feb 19, 2026 7:56:33 PM io.gapi.emulators.netty.HttpVersionRoutingHandler channelRead\nINFO: Detected non-HTTP/2 connection.\n"}}
[debug] [2026-02-20T00:57:33.408Z] Feb 19, 2026 7:57:33 PM io.gapi.emulators.netty.HttpVersionRoutingHandler channelRead
INFO: Detected non-HTTP/2 connection.
 {"metadata":{"emulator":{"name":"firestore"},"message":"Feb 19, 2026 7:57:33 PM io.gapi.emulators.netty.HttpVersionRoutingHandler channelRead\nINFO: Detected non-HTTP/2 connection.\n"}}
[debug] [2026-02-20T00:58:17.160Z] Feb 19, 2026 7:58:17 PM io.gapi.emulators.netty.HttpVersionRoutingHandler channelRead
INFO: Detected non-HTTP/2 connection.
 {"metadata":{"emulator":{"name":"firestore"},"message":"Feb 19, 2026 7:58:17 PM io.gapi.emulators.netty.HttpVersionRoutingHandler channelRead\nINFO: Detected non-HTTP/2 connection.\n"}}
[debug] [2026-02-20T00:58:17.208Z] Feb 19, 2026 7:58:17 PM io.gapi.emulators.netty.HttpVersionRoutingHandler channelRead
INFO: Detected non-HTTP/2 connection.
 {"metadata":{"emulator":{"name":"firestore"},"message":"Feb 19, 2026 7:58:17 PM io.gapi.emulators.netty.HttpVersionRoutingHandler channelRead\nINFO: Detected non-HTTP/2 connection.\n"}}
[debug] [2026-02-20T00:58:17.298Z] Feb 19, 2026 7:58:17 PM io.gapi.emulators.netty.HttpVersionRoutingHandler channelRead
INFO: Detected non-HTTP/2 connection.
 {"metadata":{"emulator":{"name":"firestore"},"message":"Feb 19, 2026 7:58:17 PM io.gapi.emulators.netty.HttpVersionRoutingHandler channelRead\nINFO: Detected non-HTTP/2 connection.\n"}}
[debug] [2026-02-20T00:58:17.307Z] Feb 19, 2026 7:58:17 PM io.gapi.emulators.netty.HttpVersionRoutingHandler channelRead
INFO: Detected non-HTTP/2 connection.
 {"metadata":{"emulator":{"name":"firestore"},"message":"Feb 19, 2026 7:58:17 PM io.gapi.emulators.netty.HttpVersionRoutingHandler channelRead\nINFO: Detected non-HTTP/2 connection.\n"}}
[debug] [2026-02-20T00:58:17.313Z] Feb 19, 2026 7:58:17 PM io.gapi.emulators.netty.HttpVersionRoutingHandler channelRead
INFO: Detected non-HTTP/2 connection.
 {"metadata":{"emulator":{"name":"firestore"},"message":"Feb 19, 2026 7:58:17 PM io.gapi.emulators.netty.HttpVersionRoutingHandler channelRead\nINFO: Detected non-HTTP/2 connection.\n"}}
[debug] [2026-02-20T00:58:17.317Z] Feb 19, 2026 7:58:17 PM io.gapi.emulators.netty.HttpVersionRoutingHandler channelRead
INFO: Detected non-HTTP/2 connection.
 {"metadata":{"emulator":{"name":"firestore"},"message":"Feb 19, 2026 7:58:17 PM io.gapi.emulators.netty.HttpVersionRoutingHandler channelRead\nINFO: Detected non-HTTP/2 connection.\n"}}
[debug] [2026-02-20T00:58:47.335Z] Feb 19, 2026 7:58:47 PM io.gapi.emulators.netty.HttpVersionRoutingHandler channelRead
INFO: Detected non-HTTP/2 connection.
 {"metadata":{"emulator":{"name":"firestore"},"message":"Feb 19, 2026 7:58:47 PM io.gapi.emulators.netty.HttpVersionRoutingHandler channelRead\nINFO: Detected non-HTTP/2 connection.\n"}}
[debug] [2026-02-20T00:59:17.315Z] Feb 19, 2026 7:59:17 PM io.gapi.emulators.netty.HttpVersionRoutingHandler channelRead
INFO: Detected non-HTTP/2 connection.
 {"metadata":{"emulator":{"name":"firestore"},"message":"Feb 19, 2026 7:59:17 PM io.gapi.emulators.netty.HttpVersionRoutingHandler channelRead\nINFO: Detected non-HTTP/2 connection.\n"}}
[debug] [2026-02-20T00:59:18.214Z] Feb 19, 2026 7:59:18 PM io.gapi.emulators.netty.HttpVersionRoutingHandler channelRead
INFO: Detected non-HTTP/2 connection.
 {"metadata":{"emulator":{"name":"firestore"},"message":"Feb 19, 2026 7:59:18 PM io.gapi.emulators.netty.HttpVersionRoutingHandler channelRead\nINFO: Detected non-HTTP/2 connection.\n"}}
[debug] [2026-02-20T00:59:18.218Z] Feb 19, 2026 7:59:18 PM com.google.cloud.datastore.emulator.firestore.webchannel.FirestoreV1WebChannelAdapter$FirestoreWriteHandler onClose
INFO: channel closed
 {"metadata":{"emulator":{"name":"firestore"},"message":"Feb 19, 2026 7:59:18 PM com.google.cloud.datastore.emulator.firestore.webchannel.FirestoreV1WebChannelAdapter$FirestoreWriteHandler onClose\nINFO: channel closed\n"}}
[debug] [2026-02-20T00:59:32.343Z] Feb 19, 2026 7:59:32 PM io.gapi.emulators.netty.HttpVersionRoutingHandler channelRead
INFO: Detected non-HTTP/2 connection.
 {"metadata":{"emulator":{"name":"firestore"},"message":"Feb 19, 2026 7:59:32 PM io.gapi.emulators.netty.HttpVersionRoutingHandler channelRead\nINFO: Detected non-HTTP/2 connection.\n"}}
[debug] [2026-02-20T01:00:17.329Z] Feb 19, 2026 8:00:17 PM io.gapi.emulators.netty.HttpVersionRoutingHandler channelRead
INFO: Detected non-HTTP/2 connection.
 {"metadata":{"emulator":{"name":"firestore"},"message":"Feb 19, 2026 8:00:17 PM io.gapi.emulators.netty.HttpVersionRoutingHandler channelRead\nINFO: Detected non-HTTP/2 connection.\n"}}
[debug] [2026-02-20T01:00:32.357Z] Feb 19, 2026 8:00:32 PM io.gapi.emulators.netty.HttpVersionRoutingHandler channelRead
INFO: Detected non-HTTP/2 connection.
 {"metadata":{"emulator":{"name":"firestore"},"message":"Feb 19, 2026 8:00:32 PM io.gapi.emulators.netty.HttpVersionRoutingHandler channelRead\nINFO: Detected non-HTTP/2 connection.\n"}}
[debug] [2026-02-20T01:01:33.215Z] Feb 19, 2026 8:01:33 PM io.gapi.emulators.netty.HttpVersionRoutingHandler channelRead
INFO: Detected non-HTTP/2 connection.
 {"metadata":{"emulator":{"name":"firestore"},"message":"Feb 19, 2026 8:01:33 PM io.gapi.emulators.netty.HttpVersionRoutingHandler channelRead\nINFO: Detected non-HTTP/2 connection.\n"}}
[debug] [2026-02-20T01:01:47.369Z] Feb 19, 2026 8:01:47 PM io.gapi.emulators.netty.HttpVersionRoutingHandler channelRead
INFO: Detected non-HTTP/2 connection.
 {"metadata":{"emulator":{"name":"firestore"},"message":"Feb 19, 2026 8:01:47 PM io.gapi.emulators.netty.HttpVersionRoutingHandler channelRead\nINFO: Detected non-HTTP/2 connection.\n"}}
[debug] [2026-02-20T01:02:33.233Z] Feb 19, 2026 8:02:33 PM io.gapi.emulators.netty.HttpVersionRoutingHandler channelRead
INFO: Detected non-HTTP/2 connection.
 {"metadata":{"emulator":{"name":"firestore"},"message":"Feb 19, 2026 8:02:33 PM io.gapi.emulators.netty.HttpVersionRoutingHandler channelRead\nINFO: Detected non-HTTP/2 connection.\n"}}
[debug] [2026-02-20T01:02:47.387Z] Feb 19, 2026 8:02:47 PM io.gapi.emulators.netty.HttpVersionRoutingHandler channelRead
INFO: Detected non-HTTP/2 connection.
 {"metadata":{"emulator":{"name":"firestore"},"message":"Feb 19, 2026 8:02:47 PM io.gapi.emulators.netty.HttpVersionRoutingHandler channelRead\nINFO: Detected non-HTTP/2 connection.\n"}}
[debug] [2026-02-20T01:03:12.762Z] Feb 19, 2026 8:03:12 PM io.gapi.emulators.netty.HttpVersionRoutingHandler channelRead
INFO: Detected non-HTTP/2 connection.
 {"metadata":{"emulator":{"name":"firestore"},"message":"Feb 19, 2026 8:03:12 PM io.gapi.emulators.netty.HttpVersionRoutingHandler channelRead\nINFO: Detected non-HTTP/2 connection.\n"}}
[debug] [2026-02-20T01:03:12.771Z] Feb 19, 2026 8:03:12 PM io.gapi.emulators.netty.HttpVersionRoutingHandler channelRead
INFO: Detected non-HTTP/2 connection.
 {"metadata":{"emulator":{"name":"firestore"},"message":"Feb 19, 2026 8:03:12 PM io.gapi.emulators.netty.HttpVersionRoutingHandler channelRead\nINFO: Detected non-HTTP/2 connection.\n"}}
[debug] [2026-02-20T01:03:12.783Z] Feb 19, 2026 8:03:12 PM io.gapi.emulators.netty.HttpVersionRoutingHandler channelRead
INFO: Detected non-HTTP/2 connection.
 {"metadata":{"emulator":{"name":"firestore"},"message":"Feb 19, 2026 8:03:12 PM io.gapi.emulators.netty.HttpVersionRoutingHandler channelRead\nINFO: Detected non-HTTP/2 connection.\n"}}
[debug] [2026-02-20T01:03:14.805Z] Feb 19, 2026 8:03:14 PM io.gapi.emulators.netty.HttpVersionRoutingHandler channelRead
INFO: Detected non-HTTP/2 connection.
 {"metadata":{"emulator":{"name":"firestore"},"message":"Feb 19, 2026 8:03:14 PM io.gapi.emulators.netty.HttpVersionRoutingHandler channelRead\nINFO: Detected non-HTTP/2 connection.\n"}}
[debug] [2026-02-20T01:03:16.564Z] Feb 19, 2026 8:03:16 PM io.gapi.emulators.netty.HttpVersionRoutingHandler channelRead
INFO: Detected non-HTTP/2 connection.
 {"metadata":{"emulator":{"name":"firestore"},"message":"Feb 19, 2026 8:03:16 PM io.gapi.emulators.netty.HttpVersionRoutingHandler channelRead\nINFO: Detected non-HTTP/2 connection.\n"}}
[debug] [2026-02-20T01:03:18.292Z] Feb 19, 2026 8:03:18 PM io.gapi.emulators.netty.HttpVersionRoutingHandler channelRead
INFO: Detected non-HTTP/2 connection.
 {"metadata":{"emulator":{"name":"firestore"},"message":"Feb 19, 2026 8:03:18 PM io.gapi.emulators.netty.HttpVersionRoutingHandler channelRead\nINFO: Detected non-HTTP/2 connection.\n"}}
[debug] [2026-02-20T01:03:18.307Z] Feb 19, 2026 8:03:18 PM io.gapi.emulators.netty.HttpVersionRoutingHandler channelRead
INFO: Detected non-HTTP/2 connection.
 {"metadata":{"emulator":{"name":"firestore"},"message":"Feb 19, 2026 8:03:18 PM io.gapi.emulators.netty.HttpVersionRoutingHandler channelRead\nINFO: Detected non-HTTP/2 connection.\n"}}
[debug] [2026-02-20T01:03:21.561Z] Feb 19, 2026 8:03:21 PM io.gapi.emulators.netty.HttpVersionRoutingHandler channelRead
INFO: Detected non-HTTP/2 connection.
 {"metadata":{"emulator":{"name":"firestore"},"message":"Feb 19, 2026 8:03:21 PM io.gapi.emulators.netty.HttpVersionRoutingHandler channelRead\nINFO: Detected non-HTTP/2 connection.\n"}}
[debug] [2026-02-20T01:03:23.731Z] Feb 19, 2026 8:03:23 PM io.gapi.emulators.netty.HttpVersionRoutingHandler channelRead
INFO: Detected non-HTTP/2 connection.
 {"metadata":{"emulator":{"name":"firestore"},"message":"Feb 19, 2026 8:03:23 PM io.gapi.emulators.netty.HttpVersionRoutingHandler channelRead\nINFO: Detected non-HTTP/2 connection.\n"}}
[debug] [2026-02-20T01:03:25.057Z] Feb 19, 2026 8:03:25 PM io.gapi.emulators.netty.HttpVersionRoutingHandler channelRead
INFO: Detected non-HTTP/2 connection.
 {"metadata":{"emulator":{"name":"firestore"},"message":"Feb 19, 2026 8:03:25 PM io.gapi.emulators.netty.HttpVersionRoutingHandler channelRead\nINFO: Detected non-HTTP/2 connection.\n"}}
[debug] [2026-02-20T01:03:26.915Z] Feb 19, 2026 8:03:26 PM io.gapi.emulators.netty.HttpVersionRoutingHandler channelRead
INFO: Detected non-HTTP/2 connection.
 {"metadata":{"emulator":{"name":"firestore"},"message":"Feb 19, 2026 8:03:26 PM io.gapi.emulators.netty.HttpVersionRoutingHandler channelRead\nINFO: Detected non-HTTP/2 connection.\n"}}
[debug] [2026-02-20T01:03:56.945Z] Feb 19, 2026 8:03:56 PM io.gapi.emulators.netty.HttpVersionRoutingHandler channelRead
INFO: Detected non-HTTP/2 connection.
 {"metadata":{"emulator":{"name":"firestore"},"message":"Feb 19, 2026 8:03:56 PM io.gapi.emulators.netty.HttpVersionRoutingHandler channelRead\nINFO: Detected non-HTTP/2 connection.\n"}}
[debug] [2026-02-20T01:04:26.952Z] Feb 19, 2026 8:04:26 PM io.gapi.emulators.netty.HttpVersionRoutingHandler channelRead
INFO: Detected non-HTTP/2 connection.
 {"metadata":{"emulator":{"name":"firestore"},"message":"Feb 19, 2026 8:04:26 PM io.gapi.emulators.netty.HttpVersionRoutingHandler channelRead\nINFO: Detected non-HTTP/2 connection.\n"}}
[debug] [2026-02-20T01:04:26.953Z] Feb 19, 2026 8:04:26 PM io.gapi.emulators.netty.HttpVersionRoutingHandler channelRead
INFO: Detected non-HTTP/2 connection.
 {"metadata":{"emulator":{"name":"firestore"},"message":"Feb 19, 2026 8:04:26 PM io.gapi.emulators.netty.HttpVersionRoutingHandler channelRead\nINFO: Detected non-HTTP/2 connection.\n"}}
[debug] [2026-02-20T01:04:26.953Z] Feb 19, 2026 8:04:26 PM io.gapi.emulators.netty.HttpVersionRoutingHandler channelRead
INFO: Detected non-HTTP/2 connection.
 {"metadata":{"emulator":{"name":"firestore"},"message":"Feb 19, 2026 8:04:26 PM io.gapi.emulators.netty.HttpVersionRoutingHandler channelRead\nINFO: Detected non-HTTP/2 connection.\n"}}
[debug] [2026-02-20T01:04:26.958Z] Feb 19, 2026 8:04:26 PM com.google.cloud.datastore.emulator.firestore.webchannel.FirestoreV1WebChannelAdapter$FirestoreWriteHandler onClose
INFO: channel closed
 {"metadata":{"emulator":{"name":"firestore"},"message":"Feb 19, 2026 8:04:26 PM com.google.cloud.datastore.emulator.firestore.webchannel.FirestoreV1WebChannelAdapter$FirestoreWriteHandler onClose\nINFO: channel closed\n"}}
[debug] [2026-02-20T01:04:28.667Z] Feb 19, 2026 8:04:28 PM io.gapi.emulators.netty.HttpVersionRoutingHandler channelRead
INFO: Detected non-HTTP/2 connection.
 {"metadata":{"emulator":{"name":"firestore"},"message":"Feb 19, 2026 8:04:28 PM io.gapi.emulators.netty.HttpVersionRoutingHandler channelRead\nINFO: Detected non-HTTP/2 connection.\n"}}
[debug] [2026-02-20T01:04:28.690Z] Feb 19, 2026 8:04:28 PM io.gapi.emulators.netty.HttpVersionRoutingHandler channelRead
INFO: Detected non-HTTP/2 connection.
 {"metadata":{"emulator":{"name":"firestore"},"message":"Feb 19, 2026 8:04:28 PM io.gapi.emulators.netty.HttpVersionRoutingHandler channelRead\nINFO: Detected non-HTTP/2 connection.\n"}}
[debug] [2026-02-20T01:04:28.690Z] Feb 19, 2026 8:04:28 PM io.gapi.emulators.netty.HttpVersionRoutingHandler channelRead
INFO: Detected non-HTTP/2 connection.
 {"metadata":{"emulator":{"name":"firestore"},"message":"Feb 19, 2026 8:04:28 PM io.gapi.emulators.netty.HttpVersionRoutingHandler channelRead\nINFO: Detected non-HTTP/2 connection.\n"}}
[debug] [2026-02-20T01:04:28.695Z] Feb 19, 2026 8:04:28 PM io.gapi.emulators.netty.HttpVersionRoutingHandler channelRead
INFO: Detected non-HTTP/2 connection.
 {"metadata":{"emulator":{"name":"firestore"},"message":"Feb 19, 2026 8:04:28 PM io.gapi.emulators.netty.HttpVersionRoutingHandler channelRead\nINFO: Detected non-HTTP/2 connection.\n"}}
[debug] [2026-02-20T01:04:28.699Z] Feb 19, 2026 8:04:28 PM io.gapi.emulators.netty.HttpVersionRoutingHandler channelRead
INFO: Detected non-HTTP/2 connection.
 {"metadata":{"emulator":{"name":"firestore"},"message":"Feb 19, 2026 8:04:28 PM io.gapi.emulators.netty.HttpVersionRoutingHandler channelRead\nINFO: Detected non-HTTP/2 connection.\n"}}
[debug] [2026-02-20T01:04:28.756Z] Feb 19, 2026 8:04:28 PM io.gapi.emulators.netty.HttpVersionRoutingHandler channelRead
INFO: Detected non-HTTP/2 connection.
 {"metadata":{"emulator":{"name":"firestore"},"message":"Feb 19, 2026 8:04:28 PM io.gapi.emulators.netty.HttpVersionRoutingHandler channelRead\nINFO: Detected non-HTTP/2 connection.\n"}}
[debug] [2026-02-20T01:04:28.760Z] Feb 19, 2026 8:04:28 PM io.gapi.emulators.netty.HttpVersionRoutingHandler channelRead
INFO: Detected non-HTTP/2 connection.
Feb 19, 2026 8:04:28 PM io.gapi.emulators.netty.HttpVersionRoutingHandler channelRead
INFO: Detected non-HTTP/2 connection.
 {"metadata":{"emulator":{"name":"firestore"},"message":"Feb 19, 2026 8:04:28 PM io.gapi.emulators.netty.HttpVersionRoutingHandler channelRead\nINFO: Detected non-HTTP/2 connection.\nFeb 19, 2026 8:04:28 PM io.gapi.emulators.netty.HttpVersionRoutingHandler channelRead\nINFO: Detected non-HTTP/2 connection.\n"}}
[debug] [2026-02-20T01:04:28.769Z] Feb 19, 2026 8:04:28 PM com.google.cloud.datastore.emulator.firestore.webchannel.FirestoreV1WebChannelAdapter$FirestoreWriteHandler onClose
INFO: channel closed
 {"metadata":{"emulator":{"name":"firestore"},"message":"Feb 19, 2026 8:04:28 PM com.google.cloud.datastore.emulator.firestore.webchannel.FirestoreV1WebChannelAdapter$FirestoreWriteHandler onClose\nINFO: channel closed\n"}}
[debug] [2026-02-20T01:04:28.772Z] Feb 19, 2026 8:04:28 PM com.google.cloud.datastore.emulator.firestore.webchannel.FirestoreV1WebChannelAdapter$FirestoreListenHandler onClose
INFO: channel closed
 {"metadata":{"emulator":{"name":"firestore"},"message":"Feb 19, 2026 8:04:28 PM com.google.cloud.datastore.emulator.firestore.webchannel.FirestoreV1WebChannelAdapter$FirestoreListenHandler onClose\nINFO: channel closed\n"}}
[debug] [2026-02-20T01:04:28.788Z] Feb 19, 2026 8:04:28 PM io.gapi.emulators.netty.HttpVersionRoutingHandler channelRead
INFO: Detected non-HTTP/2 connection.
 {"metadata":{"emulator":{"name":"firestore"},"message":"Feb 19, 2026 8:04:28 PM io.gapi.emulators.netty.HttpVersionRoutingHandler channelRead\nINFO: Detected non-HTTP/2 connection.\n"}}
[debug] [2026-02-20T01:04:28.788Z] Feb 19, 2026 8:04:28 PM io.gapi.emulators.netty.HttpVersionRoutingHandler channelRead
INFO: Detected non-HTTP/2 connection.
 {"metadata":{"emulator":{"name":"firestore"},"message":"Feb 19, 2026 8:04:28 PM io.gapi.emulators.netty.HttpVersionRoutingHandler channelRead\nINFO: Detected non-HTTP/2 connection.\n"}}
[debug] [2026-02-20T01:04:42.027Z] Feb 19, 2026 8:04:42 PM io.gapi.emulators.netty.HttpVersionRoutingHandler channelRead
INFO: Detected non-HTTP/2 connection.
 {"metadata":{"emulator":{"name":"firestore"},"message":"Feb 19, 2026 8:04:42 PM io.gapi.emulators.netty.HttpVersionRoutingHandler channelRead\nINFO: Detected non-HTTP/2 connection.\n"}}
[debug] [2026-02-20T01:04:42.030Z] Feb 19, 2026 8:04:42 PM com.google.cloud.datastore.emulator.firestore.webchannel.FirestoreV1WebChannelAdapter$FirestoreListenHandler onClose
INFO: channel closed
 {"metadata":{"emulator":{"name":"firestore"},"message":"Feb 19, 2026 8:04:42 PM com.google.cloud.datastore.emulator.firestore.webchannel.FirestoreV1WebChannelAdapter$FirestoreListenHandler onClose\nINFO: channel closed\n"}}
[debug] [2026-02-20T01:04:42.062Z] Feb 19, 2026 8:04:42 PM io.gapi.emulators.netty.HttpVersionRoutingHandler channelRead
INFO: Detected non-HTTP/2 connection.
 {"metadata":{"emulator":{"name":"firestore"},"message":"Feb 19, 2026 8:04:42 PM io.gapi.emulators.netty.HttpVersionRoutingHandler channelRead\nINFO: Detected non-HTTP/2 connection.\n"}}
[debug] [2026-02-20T01:04:42.148Z] Feb 19, 2026 8:04:42 PM io.gapi.emulators.netty.HttpVersionRoutingHandler channelRead
INFO: Detected non-HTTP/2 connection.
 {"metadata":{"emulator":{"name":"firestore"},"message":"Feb 19, 2026 8:04:42 PM io.gapi.emulators.netty.HttpVersionRoutingHandler channelRead\nINFO: Detected non-HTTP/2 connection.\n"}}
[debug] [2026-02-20T01:04:42.226Z] Feb 19, 2026 8:04:42 PM io.gapi.emulators.netty.HttpVersionRoutingHandler channelRead
INFO: Detected non-HTTP/2 connection.
 {"metadata":{"emulator":{"name":"firestore"},"message":"Feb 19, 2026 8:04:42 PM io.gapi.emulators.netty.HttpVersionRoutingHandler channelRead\nINFO: Detected non-HTTP/2 connection.\n"}}
[debug] [2026-02-20T01:04:42.226Z] Feb 19, 2026 8:04:42 PM io.gapi.emulators.netty.HttpVersionRoutingHandler channelRead
INFO: Detected non-HTTP/2 connection.
 {"metadata":{"emulator":{"name":"firestore"},"message":"Feb 19, 2026 8:04:42 PM io.gapi.emulators.netty.HttpVersionRoutingHandler channelRead\nINFO: Detected non-HTTP/2 connection.\n"}}
[debug] [2026-02-20T01:04:42.233Z] Feb 19, 2026 8:04:42 PM io.gapi.emulators.netty.HttpVersionRoutingHandler channelRead
INFO: Detected non-HTTP/2 connection.
 {"metadata":{"emulator":{"name":"firestore"},"message":"Feb 19, 2026 8:04:42 PM io.gapi.emulators.netty.HttpVersionRoutingHandler channelRead\nINFO: Detected non-HTTP/2 connection.\n"}}
[debug] [2026-02-20T01:04:42.236Z] Feb 19, 2026 8:04:42 PM io.gapi.emulators.netty.HttpVersionRoutingHandler channelRead
INFO: Detected non-HTTP/2 connection.
 {"metadata":{"emulator":{"name":"firestore"},"message":"Feb 19, 2026 8:04:42 PM io.gapi.emulators.netty.HttpVersionRoutingHandler channelRead\nINFO: Detected non-HTTP/2 connection.\n"}}
[debug] [2026-02-20T01:04:42.243Z] Feb 19, 2026 8:04:42 PM io.gapi.emulators.netty.HttpVersionRoutingHandler channelRead
INFO: Detected non-HTTP/2 connection.
 {"metadata":{"emulator":{"name":"firestore"},"message":"Feb 19, 2026 8:04:42 PM io.gapi.emulators.netty.HttpVersionRoutingHandler channelRead\nINFO: Detected non-HTTP/2 connection.\n"}}
[debug] [2026-02-20T01:04:58.609Z] Feb 19, 2026 8:04:58 PM io.gapi.emulators.netty.HttpVersionRoutingHandler channelRead
INFO: Detected non-HTTP/2 connection.
 {"metadata":{"emulator":{"name":"firestore"},"message":"Feb 19, 2026 8:04:58 PM io.gapi.emulators.netty.HttpVersionRoutingHandler channelRead\nINFO: Detected non-HTTP/2 connection.\n"}}
[debug] [2026-02-20T01:05:01.628Z] Feb 19, 2026 8:05:01 PM io.gapi.emulators.netty.HttpVersionRoutingHandler channelRead
INFO: Detected non-HTTP/2 connection.
 {"metadata":{"emulator":{"name":"firestore"},"message":"Feb 19, 2026 8:05:01 PM io.gapi.emulators.netty.HttpVersionRoutingHandler channelRead\nINFO: Detected non-HTTP/2 connection.\n"}}
[debug] [2026-02-20T01:05:16.868Z] Feb 19, 2026 8:05:16 PM io.gapi.emulators.netty.HttpVersionRoutingHandler channelRead
INFO: Detected non-HTTP/2 connection.
 {"metadata":{"emulator":{"name":"firestore"},"message":"Feb 19, 2026 8:05:16 PM io.gapi.emulators.netty.HttpVersionRoutingHandler channelRead\nINFO: Detected non-HTTP/2 connection.\n"}}
[debug] [2026-02-20T01:05:16.881Z] Feb 19, 2026 8:05:16 PM io.gapi.emulators.netty.HttpVersionRoutingHandler channelRead
INFO: Detected non-HTTP/2 connection.
 {"metadata":{"emulator":{"name":"firestore"},"message":"Feb 19, 2026 8:05:16 PM io.gapi.emulators.netty.HttpVersionRoutingHandler channelRead\nINFO: Detected non-HTTP/2 connection.\n"}}
[debug] [2026-02-20T01:05:16.882Z] Feb 19, 2026 8:05:16 PM io.gapi.emulators.netty.HttpVersionRoutingHandler channelRead
INFO: Detected non-HTTP/2 connection.
 {"metadata":{"emulator":{"name":"firestore"},"message":"Feb 19, 2026 8:05:16 PM io.gapi.emulators.netty.HttpVersionRoutingHandler channelRead\nINFO: Detected non-HTTP/2 connection.\n"}}
[debug] [2026-02-20T01:05:16.949Z] Feb 19, 2026 8:05:16 PM io.gapi.emulators.netty.HttpVersionRoutingHandler channelRead
INFO: Detected non-HTTP/2 connection.
 {"metadata":{"emulator":{"name":"firestore"},"message":"Feb 19, 2026 8:05:16 PM io.gapi.emulators.netty.HttpVersionRoutingHandler channelRead\nINFO: Detected non-HTTP/2 connection.\n"}}
[debug] [2026-02-20T01:05:16.950Z] Feb 19, 2026 8:05:16 PM io.gapi.emulators.netty.HttpVersionRoutingHandler channelRead
INFO: Detected non-HTTP/2 connection.
 {"metadata":{"emulator":{"name":"firestore"},"message":"Feb 19, 2026 8:05:16 PM io.gapi.emulators.netty.HttpVersionRoutingHandler channelRead\nINFO: Detected non-HTTP/2 connection.\n"}}
[debug] [2026-02-20T01:05:16.953Z] Feb 19, 2026 8:05:16 PM io.gapi.emulators.netty.HttpVersionRoutingHandler channelRead
INFO: Detected non-HTTP/2 connection.
 {"metadata":{"emulator":{"name":"firestore"},"message":"Feb 19, 2026 8:05:16 PM io.gapi.emulators.netty.HttpVersionRoutingHandler channelRead\nINFO: Detected non-HTTP/2 connection.\n"}}
[debug] [2026-02-20T01:05:16.955Z] Feb 19, 2026 8:05:16 PM com.google.cloud.datastore.emulator.firestore.webchannel.FirestoreV1WebChannelAdapter$FirestoreListenHandler onClose
INFO: channel closed
 {"metadata":{"emulator":{"name":"firestore"},"message":"Feb 19, 2026 8:05:16 PM com.google.cloud.datastore.emulator.firestore.webchannel.FirestoreV1WebChannelAdapter$FirestoreListenHandler onClose\nINFO: channel closed\n"}}
[debug] [2026-02-20T01:05:16.956Z] Feb 19, 2026 8:05:16 PM com.google.cloud.datastore.emulator.firestore.webchannel.FirestoreV1WebChannelAdapter$FirestoreWriteHandler onClose
INFO: channel closed
 {"metadata":{"emulator":{"name":"firestore"},"message":"Feb 19, 2026 8:05:16 PM com.google.cloud.datastore.emulator.firestore.webchannel.FirestoreV1WebChannelAdapter$FirestoreWriteHandler onClose\nINFO: channel closed\n"}}
[debug] [2026-02-20T01:05:16.965Z] Feb 19, 2026 8:05:16 PM io.gapi.emulators.netty.HttpVersionRoutingHandler channelRead
INFO: Detected non-HTTP/2 connection.
 {"metadata":{"emulator":{"name":"firestore"},"message":"Feb 19, 2026 8:05:16 PM io.gapi.emulators.netty.HttpVersionRoutingHandler channelRead\nINFO: Detected non-HTTP/2 connection.\n"}}
[debug] [2026-02-20T01:05:16.965Z] Feb 19, 2026 8:05:16 PM io.gapi.emulators.netty.HttpVersionRoutingHandler channelRead
INFO: Detected non-HTTP/2 connection.
 {"metadata":{"emulator":{"name":"firestore"},"message":"Feb 19, 2026 8:05:16 PM io.gapi.emulators.netty.HttpVersionRoutingHandler channelRead\nINFO: Detected non-HTTP/2 connection.\n"}}
[debug] [2026-02-20T01:05:23.881Z] Feb 19, 2026 8:05:23 PM io.gapi.emulators.netty.HttpVersionRoutingHandler channelRead
INFO: Detected non-HTTP/2 connection.
 {"metadata":{"emulator":{"name":"firestore"},"message":"Feb 19, 2026 8:05:23 PM io.gapi.emulators.netty.HttpVersionRoutingHandler channelRead\nINFO: Detected non-HTTP/2 connection.\n"}}
[debug] [2026-02-20T01:05:23.886Z] Feb 19, 2026 8:05:23 PM com.google.cloud.datastore.emulator.firestore.webchannel.FirestoreV1WebChannelAdapter$FirestoreListenHandler onClose
INFO: channel closed
 {"metadata":{"emulator":{"name":"firestore"},"message":"Feb 19, 2026 8:05:23 PM com.google.cloud.datastore.emulator.firestore.webchannel.FirestoreV1WebChannelAdapter$FirestoreListenHandler onClose\nINFO: channel closed\n"}}
[debug] [2026-02-20T01:05:23.920Z] Feb 19, 2026 8:05:23 PM io.gapi.emulators.netty.HttpVersionRoutingHandler channelRead
INFO: Detected non-HTTP/2 connection.
 {"metadata":{"emulator":{"name":"firestore"},"message":"Feb 19, 2026 8:05:23 PM io.gapi.emulators.netty.HttpVersionRoutingHandler channelRead\nINFO: Detected non-HTTP/2 connection.\n"}}
[debug] [2026-02-20T01:05:23.941Z] Feb 19, 2026 8:05:23 PM io.gapi.emulators.netty.HttpVersionRoutingHandler channelRead
INFO: Detected non-HTTP/2 connection.
 {"metadata":{"emulator":{"name":"firestore"},"message":"Feb 19, 2026 8:05:23 PM io.gapi.emulators.netty.HttpVersionRoutingHandler channelRead\nINFO: Detected non-HTTP/2 connection.\n"}}
[debug] [2026-02-20T01:05:23.958Z] Feb 19, 2026 8:05:23 PM io.gapi.emulators.netty.HttpVersionRoutingHandler channelRead
INFO: Detected non-HTTP/2 connection.
 {"metadata":{"emulator":{"name":"firestore"},"message":"Feb 19, 2026 8:05:23 PM io.gapi.emulators.netty.HttpVersionRoutingHandler channelRead\nINFO: Detected non-HTTP/2 connection.\n"}}
[debug] [2026-02-20T01:05:23.964Z] Feb 19, 2026 8:05:23 PM io.gapi.emulators.netty.HttpVersionRoutingHandler channelRead
INFO: Detected non-HTTP/2 connection.
 {"metadata":{"emulator":{"name":"firestore"},"message":"Feb 19, 2026 8:05:23 PM io.gapi.emulators.netty.HttpVersionRoutingHandler channelRead\nINFO: Detected non-HTTP/2 connection.\n"}}
[debug] [2026-02-20T01:05:24.036Z] Feb 19, 2026 8:05:24 PM io.gapi.emulators.netty.HttpVersionRoutingHandler channelRead
INFO: Detected non-HTTP/2 connection.
 {"metadata":{"emulator":{"name":"firestore"},"message":"Feb 19, 2026 8:05:24 PM io.gapi.emulators.netty.HttpVersionRoutingHandler channelRead\nINFO: Detected non-HTTP/2 connection.\n"}}
[debug] [2026-02-20T01:05:24.046Z] Feb 19, 2026 8:05:24 PM io.gapi.emulators.netty.HttpVersionRoutingHandler channelRead
INFO: Detected non-HTTP/2 connection.
 {"metadata":{"emulator":{"name":"firestore"},"message":"Feb 19, 2026 8:05:24 PM io.gapi.emulators.netty.HttpVersionRoutingHandler channelRead\nINFO: Detected non-HTTP/2 connection.\n"}}
[debug] [2026-02-20T01:05:31.545Z] Feb 19, 2026 8:05:31 PM io.gapi.emulators.netty.HttpVersionRoutingHandler channelRead
INFO: Detected non-HTTP/2 connection.
 {"metadata":{"emulator":{"name":"firestore"},"message":"Feb 19, 2026 8:05:31 PM io.gapi.emulators.netty.HttpVersionRoutingHandler channelRead\nINFO: Detected non-HTTP/2 connection.\n"}}
[debug] [2026-02-20T01:05:54.063Z] Feb 19, 2026 8:05:54 PM io.gapi.emulators.netty.HttpVersionRoutingHandler channelRead
INFO: Detected non-HTTP/2 connection.
 {"metadata":{"emulator":{"name":"firestore"},"message":"Feb 19, 2026 8:05:54 PM io.gapi.emulators.netty.HttpVersionRoutingHandler channelRead\nINFO: Detected non-HTTP/2 connection.\n"}}
[debug] [2026-02-20T01:06:18.354Z] Feb 19, 2026 8:06:18 PM io.gapi.emulators.netty.HttpVersionRoutingHandler channelRead
INFO: Detected non-HTTP/2 connection.
 {"metadata":{"emulator":{"name":"firestore"},"message":"Feb 19, 2026 8:06:18 PM io.gapi.emulators.netty.HttpVersionRoutingHandler channelRead\nINFO: Detected non-HTTP/2 connection.\n"}}
[debug] [2026-02-20T01:06:18.369Z] Feb 19, 2026 8:06:18 PM io.gapi.emulators.netty.HttpVersionRoutingHandler channelRead
INFO: Detected non-HTTP/2 connection.
 {"metadata":{"emulator":{"name":"firestore"},"message":"Feb 19, 2026 8:06:18 PM io.gapi.emulators.netty.HttpVersionRoutingHandler channelRead\nINFO: Detected non-HTTP/2 connection.\n"}}
[debug] [2026-02-20T01:06:18.376Z] Feb 19, 2026 8:06:18 PM io.gapi.emulators.netty.HttpVersionRoutingHandler channelRead
INFO: Detected non-HTTP/2 connection.
 {"metadata":{"emulator":{"name":"firestore"},"message":"Feb 19, 2026 8:06:18 PM io.gapi.emulators.netty.HttpVersionRoutingHandler channelRead\nINFO: Detected non-HTTP/2 connection.\n"}}
[debug] [2026-02-20T01:06:18.376Z] Feb 19, 2026 8:06:18 PM io.gapi.emulators.netty.HttpVersionRoutingHandler channelRead
INFO: Detected non-HTTP/2 connection.
 {"metadata":{"emulator":{"name":"firestore"},"message":"Feb 19, 2026 8:06:18 PM io.gapi.emulators.netty.HttpVersionRoutingHandler channelRead\nINFO: Detected non-HTTP/2 connection.\n"}}
[debug] [2026-02-20T01:06:18.470Z] Feb 19, 2026 8:06:18 PM io.gapi.emulators.netty.HttpVersionRoutingHandler channelRead
INFO: Detected non-HTTP/2 connection.
 {"metadata":{"emulator":{"name":"firestore"},"message":"Feb 19, 2026 8:06:18 PM io.gapi.emulators.netty.HttpVersionRoutingHandler channelRead\nINFO: Detected non-HTTP/2 connection.\n"}}
[debug] [2026-02-20T01:06:18.470Z] Feb 19, 2026 8:06:18 PM io.gapi.emulators.netty.HttpVersionRoutingHandler channelRead
INFO: Detected non-HTTP/2 connection.
Feb 19, 2026 8:06:18 PM io.gapi.emulators.netty.HttpVersionRoutingHandler channelRead
INFO: Detected non-HTTP/2 connection.
 {"metadata":{"emulator":{"name":"firestore"},"message":"Feb 19, 2026 8:06:18 PM io.gapi.emulators.netty.HttpVersionRoutingHandler channelRead\nINFO: Detected non-HTTP/2 connection.\nFeb 19, 2026 8:06:18 PM io.gapi.emulators.netty.HttpVersionRoutingHandler channelRead\nINFO: Detected non-HTTP/2 connection.\n"}}
[debug] [2026-02-20T01:06:18.480Z] Feb 19, 2026 8:06:18 PM com.google.cloud.datastore.emulator.firestore.webchannel.FirestoreV1WebChannelAdapter$FirestoreListenHandler onClose
INFO: channel closed
 {"metadata":{"emulator":{"name":"firestore"},"message":"Feb 19, 2026 8:06:18 PM com.google.cloud.datastore.emulator.firestore.webchannel.FirestoreV1WebChannelAdapter$FirestoreListenHandler onClose\nINFO: channel closed\n"}}
[debug] [2026-02-20T01:06:18.483Z] Feb 19, 2026 8:06:18 PM com.google.cloud.datastore.emulator.firestore.webchannel.FirestoreV1WebChannelAdapter$FirestoreWriteHandler onClose
INFO: channel closed
 {"metadata":{"emulator":{"name":"firestore"},"message":"Feb 19, 2026 8:06:18 PM com.google.cloud.datastore.emulator.firestore.webchannel.FirestoreV1WebChannelAdapter$FirestoreWriteHandler onClose\nINFO: channel closed\n"}}
[debug] [2026-02-20T01:06:18.497Z] Feb 19, 2026 8:06:18 PM io.gapi.emulators.netty.HttpVersionRoutingHandler channelRead
INFO: Detected non-HTTP/2 connection.
 {"metadata":{"emulator":{"name":"firestore"},"message":"Feb 19, 2026 8:06:18 PM io.gapi.emulators.netty.HttpVersionRoutingHandler channelRead\nINFO: Detected non-HTTP/2 connection.\n"}}
[debug] [2026-02-20T01:06:18.497Z] Feb 19, 2026 8:06:18 PM io.gapi.emulators.netty.HttpVersionRoutingHandler channelRead
INFO: Detected non-HTTP/2 connection.
 {"metadata":{"emulator":{"name":"firestore"},"message":"Feb 19, 2026 8:06:18 PM io.gapi.emulators.netty.HttpVersionRoutingHandler channelRead\nINFO: Detected non-HTTP/2 connection.\n"}}
[debug] [2026-02-20T01:06:48.460Z] Feb 19, 2026 8:06:48 PM io.gapi.emulators.netty.HttpVersionRoutingHandler channelRead
INFO: Detected non-HTTP/2 connection.
 {"metadata":{"emulator":{"name":"firestore"},"message":"Feb 19, 2026 8:06:48 PM io.gapi.emulators.netty.HttpVersionRoutingHandler channelRead\nINFO: Detected non-HTTP/2 connection.\n"}}
[debug] [2026-02-20T01:07:18.477Z] Feb 19, 2026 8:07:18 PM io.gapi.emulators.netty.HttpVersionRoutingHandler channelRead
INFO: Detected non-HTTP/2 connection.
 {"metadata":{"emulator":{"name":"firestore"},"message":"Feb 19, 2026 8:07:18 PM io.gapi.emulators.netty.HttpVersionRoutingHandler channelRead\nINFO: Detected non-HTTP/2 connection.\n"}}
[debug] [2026-02-20T01:07:18.479Z] Feb 19, 2026 8:07:18 PM com.google.cloud.datastore.emulator.firestore.webchannel.FirestoreV1WebChannelAdapter$FirestoreListenHandler onClose
INFO: channel closed
 {"metadata":{"emulator":{"name":"firestore"},"message":"Feb 19, 2026 8:07:18 PM com.google.cloud.datastore.emulator.firestore.webchannel.FirestoreV1WebChannelAdapter$FirestoreListenHandler onClose\nINFO: channel closed\n"}}
[debug] [2026-02-20T01:07:48.473Z] Feb 19, 2026 8:07:48 PM io.gapi.emulators.netty.HttpVersionRoutingHandler channelRead
INFO: Detected non-HTTP/2 connection.
 {"metadata":{"emulator":{"name":"firestore"},"message":"Feb 19, 2026 8:07:48 PM io.gapi.emulators.netty.HttpVersionRoutingHandler channelRead\nINFO: Detected non-HTTP/2 connection.\n"}}
[debug] [2026-02-20T01:08:05.678Z] Feb 19, 2026 8:08:05 PM io.gapi.emulators.netty.HttpVersionRoutingHandler channelRead
INFO: Detected non-HTTP/2 connection.
 {"metadata":{"emulator":{"name":"firestore"},"message":"Feb 19, 2026 8:08:05 PM io.gapi.emulators.netty.HttpVersionRoutingHandler channelRead\nINFO: Detected non-HTTP/2 connection.\n"}}
[debug] [2026-02-20T01:08:05.711Z] Feb 19, 2026 8:08:05 PM io.gapi.emulators.netty.HttpVersionRoutingHandler channelRead
INFO: Detected non-HTTP/2 connection.
 {"metadata":{"emulator":{"name":"firestore"},"message":"Feb 19, 2026 8:08:05 PM io.gapi.emulators.netty.HttpVersionRoutingHandler channelRead\nINFO: Detected non-HTTP/2 connection.\n"}}
[debug] [2026-02-20T01:08:05.728Z] Feb 19, 2026 8:08:05 PM io.gapi.emulators.netty.HttpVersionRoutingHandler channelRead
INFO: Detected non-HTTP/2 connection.
 {"metadata":{"emulator":{"name":"firestore"},"message":"Feb 19, 2026 8:08:05 PM io.gapi.emulators.netty.HttpVersionRoutingHandler channelRead\nINFO: Detected non-HTTP/2 connection.\n"}}
[debug] [2026-02-20T01:08:05.734Z] Feb 19, 2026 8:08:05 PM io.gapi.emulators.netty.HttpVersionRoutingHandler channelRead
INFO: Detected non-HTTP/2 connection.
 {"metadata":{"emulator":{"name":"firestore"},"message":"Feb 19, 2026 8:08:05 PM io.gapi.emulators.netty.HttpVersionRoutingHandler channelRead\nINFO: Detected non-HTTP/2 connection.\n"}}
[debug] [2026-02-20T01:08:05.808Z] Feb 19, 2026 8:08:05 PM io.gapi.emulators.netty.HttpVersionRoutingHandler channelRead
INFO: Detected non-HTTP/2 connection.
 {"metadata":{"emulator":{"name":"firestore"},"message":"Feb 19, 2026 8:08:05 PM io.gapi.emulators.netty.HttpVersionRoutingHandler channelRead\nINFO: Detected non-HTTP/2 connection.\n"}}
[debug] [2026-02-20T01:08:05.818Z] Feb 19, 2026 8:08:05 PM io.gapi.emulators.netty.HttpVersionRoutingHandler channelRead
INFO: Detected non-HTTP/2 connection.
 {"metadata":{"emulator":{"name":"firestore"},"message":"Feb 19, 2026 8:08:05 PM io.gapi.emulators.netty.HttpVersionRoutingHandler channelRead\nINFO: Detected non-HTTP/2 connection.\n"}}
[debug] [2026-02-20T01:08:35.847Z] Feb 19, 2026 8:08:35 PM io.gapi.emulators.netty.HttpVersionRoutingHandler channelRead
INFO: Detected non-HTTP/2 connection.
 {"metadata":{"emulator":{"name":"firestore"},"message":"Feb 19, 2026 8:08:35 PM io.gapi.emulators.netty.HttpVersionRoutingHandler channelRead\nINFO: Detected non-HTTP/2 connection.\n"}}
[debug] [2026-02-20T01:09:05.744Z] Feb 19, 2026 8:09:05 PM io.gapi.emulators.netty.HttpVersionRoutingHandler channelRead
INFO: Detected non-HTTP/2 connection.
 {"metadata":{"emulator":{"name":"firestore"},"message":"Feb 19, 2026 8:09:05 PM io.gapi.emulators.netty.HttpVersionRoutingHandler channelRead\nINFO: Detected non-HTTP/2 connection.\n"}}
[debug] [2026-02-20T01:09:05.845Z] Feb 19, 2026 8:09:05 PM io.gapi.emulators.netty.HttpVersionRoutingHandler channelRead
INFO: Detected non-HTTP/2 connection.
 {"metadata":{"emulator":{"name":"firestore"},"message":"Feb 19, 2026 8:09:05 PM io.gapi.emulators.netty.HttpVersionRoutingHandler channelRead\nINFO: Detected non-HTTP/2 connection.\n"}}
[debug] [2026-02-20T01:09:05.849Z] Feb 19, 2026 8:09:05 PM com.google.cloud.datastore.emulator.firestore.webchannel.FirestoreV1WebChannelAdapter$FirestoreWriteHandler onClose
INFO: channel closed
 {"metadata":{"emulator":{"name":"firestore"},"message":"Feb 19, 2026 8:09:05 PM com.google.cloud.datastore.emulator.firestore.webchannel.FirestoreV1WebChannelAdapter$FirestoreWriteHandler onClose\nINFO: channel closed\n"}}
[debug] [2026-02-20T01:09:21.214Z] Feb 19, 2026 8:09:21 PM io.gapi.emulators.netty.HttpVersionRoutingHandler channelRead
INFO: Detected non-HTTP/2 connection.
 {"metadata":{"emulator":{"name":"firestore"},"message":"Feb 19, 2026 8:09:21 PM io.gapi.emulators.netty.HttpVersionRoutingHandler channelRead\nINFO: Detected non-HTTP/2 connection.\n"}}
[debug] [2026-02-20T01:10:05.759Z] Feb 19, 2026 8:10:05 PM io.gapi.emulators.netty.HttpVersionRoutingHandler channelRead
INFO: Detected non-HTTP/2 connection.
 {"metadata":{"emulator":{"name":"firestore"},"message":"Feb 19, 2026 8:10:05 PM io.gapi.emulators.netty.HttpVersionRoutingHandler channelRead\nINFO: Detected non-HTTP/2 connection.\n"}}
[debug] [2026-02-20T01:10:37.213Z] Feb 19, 2026 8:10:37 PM io.gapi.emulators.netty.HttpVersionRoutingHandler channelRead
INFO: Detected non-HTTP/2 connection.
 {"metadata":{"emulator":{"name":"firestore"},"message":"Feb 19, 2026 8:10:37 PM io.gapi.emulators.netty.HttpVersionRoutingHandler channelRead\nINFO: Detected non-HTTP/2 connection.\n"}}
[debug] [2026-02-20T01:11:05.775Z] Feb 19, 2026 8:11:05 PM io.gapi.emulators.netty.HttpVersionRoutingHandler channelRead
INFO: Detected non-HTTP/2 connection.
 {"metadata":{"emulator":{"name":"firestore"},"message":"Feb 19, 2026 8:11:05 PM io.gapi.emulators.netty.HttpVersionRoutingHandler channelRead\nINFO: Detected non-HTTP/2 connection.\n"}}
[debug] [2026-02-20T01:11:37.223Z] Feb 19, 2026 8:11:37 PM io.gapi.emulators.netty.HttpVersionRoutingHandler channelRead
INFO: Detected non-HTTP/2 connection.
 {"metadata":{"emulator":{"name":"firestore"},"message":"Feb 19, 2026 8:11:37 PM io.gapi.emulators.netty.HttpVersionRoutingHandler channelRead\nINFO: Detected non-HTTP/2 connection.\n"}}
[debug] [2026-02-20T01:12:05.788Z] Feb 19, 2026 8:12:05 PM io.gapi.emulators.netty.HttpVersionRoutingHandler channelRead
INFO: Detected non-HTTP/2 connection.
 {"metadata":{"emulator":{"name":"firestore"},"message":"Feb 19, 2026 8:12:05 PM io.gapi.emulators.netty.HttpVersionRoutingHandler channelRead\nINFO: Detected non-HTTP/2 connection.\n"}}
[debug] [2026-02-20T01:12:37.238Z] Feb 19, 2026 8:12:37 PM io.gapi.emulators.netty.HttpVersionRoutingHandler channelRead
INFO: Detected non-HTTP/2 connection.
 {"metadata":{"emulator":{"name":"firestore"},"message":"Feb 19, 2026 8:12:37 PM io.gapi.emulators.netty.HttpVersionRoutingHandler channelRead\nINFO: Detected non-HTTP/2 connection.\n"}}
[debug] [2026-02-20T01:13:05.813Z] Feb 19, 2026 8:13:05 PM io.gapi.emulators.netty.HttpVersionRoutingHandler channelRead
INFO: Detected non-HTTP/2 connection.
 {"metadata":{"emulator":{"name":"firestore"},"message":"Feb 19, 2026 8:13:05 PM io.gapi.emulators.netty.HttpVersionRoutingHandler channelRead\nINFO: Detected non-HTTP/2 connection.\n"}}
[debug] [2026-02-20T01:13:37.254Z] Feb 19, 2026 8:13:37 PM io.gapi.emulators.netty.HttpVersionRoutingHandler channelRead
INFO: Detected non-HTTP/2 connection.
 {"metadata":{"emulator":{"name":"firestore"},"message":"Feb 19, 2026 8:13:37 PM io.gapi.emulators.netty.HttpVersionRoutingHandler channelRead\nINFO: Detected non-HTTP/2 connection.\n"}}
[debug] [2026-02-20T01:14:05.833Z] Feb 19, 2026 8:14:05 PM io.gapi.emulators.netty.HttpVersionRoutingHandler channelRead
INFO: Detected non-HTTP/2 connection.
 {"metadata":{"emulator":{"name":"firestore"},"message":"Feb 19, 2026 8:14:05 PM io.gapi.emulators.netty.HttpVersionRoutingHandler channelRead\nINFO: Detected non-HTTP/2 connection.\n"}}
[debug] [2026-02-20T01:14:37.271Z] Feb 19, 2026 8:14:37 PM io.gapi.emulators.netty.HttpVersionRoutingHandler channelRead
INFO: Detected non-HTTP/2 connection.
 {"metadata":{"emulator":{"name":"firestore"},"message":"Feb 19, 2026 8:14:37 PM io.gapi.emulators.netty.HttpVersionRoutingHandler channelRead\nINFO: Detected non-HTTP/2 connection.\n"}}
[debug] [2026-02-20T01:15:05.849Z] Feb 19, 2026 8:15:05 PM io.gapi.emulators.netty.HttpVersionRoutingHandler channelRead
INFO: Detected non-HTTP/2 connection.
 {"metadata":{"emulator":{"name":"firestore"},"message":"Feb 19, 2026 8:15:05 PM io.gapi.emulators.netty.HttpVersionRoutingHandler channelRead\nINFO: Detected non-HTTP/2 connection.\n"}}
[debug] [2026-02-20T01:15:16.555Z] Feb 19, 2026 8:15:16 PM io.gapi.emulators.netty.HttpVersionRoutingHandler channelRead
INFO: Detected non-HTTP/2 connection.
 {"metadata":{"emulator":{"name":"firestore"},"message":"Feb 19, 2026 8:15:16 PM io.gapi.emulators.netty.HttpVersionRoutingHandler channelRead\nINFO: Detected non-HTTP/2 connection.\n"}}
[debug] [2026-02-20T01:15:16.600Z] Feb 19, 2026 8:15:16 PM io.gapi.emulators.netty.HttpVersionRoutingHandler channelRead
INFO: Detected non-HTTP/2 connection.
 {"metadata":{"emulator":{"name":"firestore"},"message":"Feb 19, 2026 8:15:16 PM io.gapi.emulators.netty.HttpVersionRoutingHandler channelRead\nINFO: Detected non-HTTP/2 connection.\n"}}
[debug] [2026-02-20T01:15:16.601Z] Feb 19, 2026 8:15:16 PM io.gapi.emulators.netty.HttpVersionRoutingHandler channelRead
INFO: Detected non-HTTP/2 connection.
 {"metadata":{"emulator":{"name":"firestore"},"message":"Feb 19, 2026 8:15:16 PM io.gapi.emulators.netty.HttpVersionRoutingHandler channelRead\nINFO: Detected non-HTTP/2 connection.\n"}}
[debug] [2026-02-20T01:15:16.609Z] Feb 19, 2026 8:15:16 PM io.gapi.emulators.netty.HttpVersionRoutingHandler channelRead
INFO: Detected non-HTTP/2 connection.
 {"metadata":{"emulator":{"name":"firestore"},"message":"Feb 19, 2026 8:15:16 PM io.gapi.emulators.netty.HttpVersionRoutingHandler channelRead\nINFO: Detected non-HTTP/2 connection.\n"}}
[debug] [2026-02-20T01:15:16.614Z] Feb 19, 2026 8:15:16 PM io.gapi.emulators.netty.HttpVersionRoutingHandler channelRead
INFO: Detected non-HTTP/2 connection.
 {"metadata":{"emulator":{"name":"firestore"},"message":"Feb 19, 2026 8:15:16 PM io.gapi.emulators.netty.HttpVersionRoutingHandler channelRead\nINFO: Detected non-HTTP/2 connection.\n"}}
[debug] [2026-02-20T01:15:16.669Z] Feb 19, 2026 8:15:16 PM io.gapi.emulators.netty.HttpVersionRoutingHandler channelRead
INFO: Detected non-HTTP/2 connection.
 {"metadata":{"emulator":{"name":"firestore"},"message":"Feb 19, 2026 8:15:16 PM io.gapi.emulators.netty.HttpVersionRoutingHandler channelRead\nINFO: Detected non-HTTP/2 connection.\n"}}
[debug] [2026-02-20T01:15:16.669Z] Feb 19, 2026 8:15:16 PM io.gapi.emulators.netty.HttpVersionRoutingHandler channelRead
INFO: Detected non-HTTP/2 connection.
 {"metadata":{"emulator":{"name":"firestore"},"message":"Feb 19, 2026 8:15:16 PM io.gapi.emulators.netty.HttpVersionRoutingHandler channelRead\nINFO: Detected non-HTTP/2 connection.\n"}}
[debug] [2026-02-20T01:15:16.670Z] Feb 19, 2026 8:15:16 PM com.google.cloud.datastore.emulator.firestore.webchannel.FirestoreV1WebChannelAdapter$FirestoreListenHandler onClose
INFO: channel closed
 {"metadata":{"emulator":{"name":"firestore"},"message":"Feb 19, 2026 8:15:16 PM com.google.cloud.datastore.emulator.firestore.webchannel.FirestoreV1WebChannelAdapter$FirestoreListenHandler onClose\nINFO: channel closed\n"}}
[debug] [2026-02-20T01:15:16.672Z] Feb 19, 2026 8:15:16 PM com.google.cloud.datastore.emulator.firestore.webchannel.FirestoreV1WebChannelAdapter$FirestoreWriteHandler onClose
INFO: channel closed
 {"metadata":{"emulator":{"name":"firestore"},"message":"Feb 19, 2026 8:15:16 PM com.google.cloud.datastore.emulator.firestore.webchannel.FirestoreV1WebChannelAdapter$FirestoreWriteHandler onClose\nINFO: channel closed\n"}}
[debug] [2026-02-20T01:15:29.022Z] Feb 19, 2026 8:15:29 PM io.gapi.emulators.netty.HttpVersionRoutingHandler channelRead
INFO: Detected non-HTTP/2 connection.
 {"metadata":{"emulator":{"name":"firestore"},"message":"Feb 19, 2026 8:15:29 PM io.gapi.emulators.netty.HttpVersionRoutingHandler channelRead\nINFO: Detected non-HTTP/2 connection.\n"}}
[debug] [2026-02-20T01:15:29.036Z] Feb 19, 2026 8:15:29 PM io.gapi.emulators.netty.HttpVersionRoutingHandler channelRead
INFO: Detected non-HTTP/2 connection.
 {"metadata":{"emulator":{"name":"firestore"},"message":"Feb 19, 2026 8:15:29 PM io.gapi.emulators.netty.HttpVersionRoutingHandler channelRead\nINFO: Detected non-HTTP/2 connection.\n"}}
[debug] [2026-02-20T01:15:29.041Z] Feb 19, 2026 8:15:29 PM io.gapi.emulators.netty.HttpVersionRoutingHandler channelRead
INFO: Detected non-HTTP/2 connection.
 {"metadata":{"emulator":{"name":"firestore"},"message":"Feb 19, 2026 8:15:29 PM io.gapi.emulators.netty.HttpVersionRoutingHandler channelRead\nINFO: Detected non-HTTP/2 connection.\n"}}
[debug] [2026-02-20T01:15:29.041Z] Feb 19, 2026 8:15:29 PM io.gapi.emulators.netty.HttpVersionRoutingHandler channelRead
INFO: Detected non-HTTP/2 connection.
 {"metadata":{"emulator":{"name":"firestore"},"message":"Feb 19, 2026 8:15:29 PM io.gapi.emulators.netty.HttpVersionRoutingHandler channelRead\nINFO: Detected non-HTTP/2 connection.\n"}}
[debug] [2026-02-20T01:15:29.062Z] Feb 19, 2026 8:15:29 PM io.gapi.emulators.netty.HttpVersionRoutingHandler channelRead
INFO: Detected non-HTTP/2 connection.
 {"metadata":{"emulator":{"name":"firestore"},"message":"Feb 19, 2026 8:15:29 PM io.gapi.emulators.netty.HttpVersionRoutingHandler channelRead\nINFO: Detected non-HTTP/2 connection.\n"}}
[debug] [2026-02-20T01:15:29.072Z] Feb 19, 2026 8:15:29 PM io.gapi.emulators.netty.HttpVersionRoutingHandler channelRead
INFO: Detected non-HTTP/2 connection.
 {"metadata":{"emulator":{"name":"firestore"},"message":"Feb 19, 2026 8:15:29 PM io.gapi.emulators.netty.HttpVersionRoutingHandler channelRead\nINFO: Detected non-HTTP/2 connection.\n"}}
[debug] [2026-02-20T01:15:29.079Z] Feb 19, 2026 8:15:29 PM io.gapi.emulators.netty.HttpVersionRoutingHandler channelRead
INFO: Detected non-HTTP/2 connection.
 {"metadata":{"emulator":{"name":"firestore"},"message":"Feb 19, 2026 8:15:29 PM io.gapi.emulators.netty.HttpVersionRoutingHandler channelRead\nINFO: Detected non-HTTP/2 connection.\n"}}
[debug] [2026-02-20T01:16:29.061Z] Feb 19, 2026 8:16:29 PM io.gapi.emulators.netty.HttpVersionRoutingHandler channelRead
INFO: Detected non-HTTP/2 connection.
 {"metadata":{"emulator":{"name":"firestore"},"message":"Feb 19, 2026 8:16:29 PM io.gapi.emulators.netty.HttpVersionRoutingHandler channelRead\nINFO: Detected non-HTTP/2 connection.\n"}}
[debug] [2026-02-20T01:16:29.088Z] Feb 19, 2026 8:16:29 PM io.gapi.emulators.netty.HttpVersionRoutingHandler channelRead
INFO: Detected non-HTTP/2 connection.
 {"metadata":{"emulator":{"name":"firestore"},"message":"Feb 19, 2026 8:16:29 PM io.gapi.emulators.netty.HttpVersionRoutingHandler channelRead\nINFO: Detected non-HTTP/2 connection.\n"}}
[debug] [2026-02-20T01:16:29.091Z] Feb 19, 2026 8:16:29 PM com.google.cloud.datastore.emulator.firestore.webchannel.FirestoreV1WebChannelAdapter$FirestoreWriteHandler onClose
INFO: channel closed
 {"metadata":{"emulator":{"name":"firestore"},"message":"Feb 19, 2026 8:16:29 PM com.google.cloud.datastore.emulator.firestore.webchannel.FirestoreV1WebChannelAdapter$FirestoreWriteHandler onClose\nINFO: channel closed\n"}}
[debug] [2026-02-20T01:16:44.212Z] Feb 19, 2026 8:16:44 PM io.gapi.emulators.netty.HttpVersionRoutingHandler channelRead
INFO: Detected non-HTTP/2 connection.
 {"metadata":{"emulator":{"name":"firestore"},"message":"Feb 19, 2026 8:16:44 PM io.gapi.emulators.netty.HttpVersionRoutingHandler channelRead\nINFO: Detected non-HTTP/2 connection.\n"}}
[debug] [2026-02-20T01:17:29.079Z] Feb 19, 2026 8:17:29 PM io.gapi.emulators.netty.HttpVersionRoutingHandler channelRead
INFO: Detected non-HTTP/2 connection.
 {"metadata":{"emulator":{"name":"firestore"},"message":"Feb 19, 2026 8:17:29 PM io.gapi.emulators.netty.HttpVersionRoutingHandler channelRead\nINFO: Detected non-HTTP/2 connection.\n"}}
[debug] [2026-02-20T01:17:44.231Z] Feb 19, 2026 8:17:44 PM io.gapi.emulators.netty.HttpVersionRoutingHandler channelRead
INFO: Detected non-HTTP/2 connection.
 {"metadata":{"emulator":{"name":"firestore"},"message":"Feb 19, 2026 8:17:44 PM io.gapi.emulators.netty.HttpVersionRoutingHandler channelRead\nINFO: Detected non-HTTP/2 connection.\n"}}
[debug] [2026-02-20T01:17:45.968Z] Feb 19, 2026 8:17:45 PM io.gapi.emulators.netty.HttpVersionRoutingHandler channelRead
INFO: Detected non-HTTP/2 connection.
 {"metadata":{"emulator":{"name":"firestore"},"message":"Feb 19, 2026 8:17:45 PM io.gapi.emulators.netty.HttpVersionRoutingHandler channelRead\nINFO: Detected non-HTTP/2 connection.\n"}}
[debug] [2026-02-20T01:17:46.000Z] Feb 19, 2026 8:17:45 PM io.gapi.emulators.netty.HttpVersionRoutingHandler channelRead
INFO: Detected non-HTTP/2 connection.
 {"metadata":{"emulator":{"name":"firestore"},"message":"Feb 19, 2026 8:17:45 PM io.gapi.emulators.netty.HttpVersionRoutingHandler channelRead\nINFO: Detected non-HTTP/2 connection.\n"}}
[debug] [2026-02-20T01:17:46.000Z] Feb 19, 2026 8:17:46 PM io.gapi.emulators.netty.HttpVersionRoutingHandler channelRead
INFO: Detected non-HTTP/2 connection.
 {"metadata":{"emulator":{"name":"firestore"},"message":"Feb 19, 2026 8:17:46 PM io.gapi.emulators.netty.HttpVersionRoutingHandler channelRead\nINFO: Detected non-HTTP/2 connection.\n"}}
[debug] [2026-02-20T01:17:46.006Z] Feb 19, 2026 8:17:46 PM io.gapi.emulators.netty.HttpVersionRoutingHandler channelRead
INFO: Detected non-HTTP/2 connection.
 {"metadata":{"emulator":{"name":"firestore"},"message":"Feb 19, 2026 8:17:46 PM io.gapi.emulators.netty.HttpVersionRoutingHandler channelRead\nINFO: Detected non-HTTP/2 connection.\n"}}
[debug] [2026-02-20T01:17:46.018Z] Feb 19, 2026 8:17:46 PM io.gapi.emulators.netty.HttpVersionRoutingHandler channelRead
INFO: Detected non-HTTP/2 connection.
 {"metadata":{"emulator":{"name":"firestore"},"message":"Feb 19, 2026 8:17:46 PM io.gapi.emulators.netty.HttpVersionRoutingHandler channelRead\nINFO: Detected non-HTTP/2 connection.\n"}}
[debug] [2026-02-20T01:17:46.070Z] Feb 19, 2026 8:17:46 PM io.gapi.emulators.netty.HttpVersionRoutingHandler channelRead
INFO: Detected non-HTTP/2 connection.
 {"metadata":{"emulator":{"name":"firestore"},"message":"Feb 19, 2026 8:17:46 PM io.gapi.emulators.netty.HttpVersionRoutingHandler channelRead\nINFO: Detected non-HTTP/2 connection.\n"}}
[debug] [2026-02-20T01:17:46.070Z] Feb 19, 2026 8:17:46 PM io.gapi.emulators.netty.HttpVersionRoutingHandler channelRead
INFO: Detected non-HTTP/2 connection.
 {"metadata":{"emulator":{"name":"firestore"},"message":"Feb 19, 2026 8:17:46 PM io.gapi.emulators.netty.HttpVersionRoutingHandler channelRead\nINFO: Detected non-HTTP/2 connection.\n"}}
[debug] [2026-02-20T01:17:46.073Z] Feb 19, 2026 8:17:46 PM com.google.cloud.datastore.emulator.firestore.webchannel.FirestoreV1WebChannelAdapter$FirestoreListenHandler onClose
INFO: channel closed
 {"metadata":{"emulator":{"name":"firestore"},"message":"Feb 19, 2026 8:17:46 PM com.google.cloud.datastore.emulator.firestore.webchannel.FirestoreV1WebChannelAdapter$FirestoreListenHandler onClose\nINFO: channel closed\n"}}
[debug] [2026-02-20T01:17:46.075Z] Feb 19, 2026 8:17:46 PM com.google.cloud.datastore.emulator.firestore.webchannel.FirestoreV1WebChannelAdapter$FirestoreWriteHandler onClose
INFO: channel closed
 {"metadata":{"emulator":{"name":"firestore"},"message":"Feb 19, 2026 8:17:46 PM com.google.cloud.datastore.emulator.firestore.webchannel.FirestoreV1WebChannelAdapter$FirestoreWriteHandler onClose\nINFO: channel closed\n"}}
[debug] [2026-02-20T01:17:52.657Z] Feb 19, 2026 8:17:52 PM io.gapi.emulators.netty.HttpVersionRoutingHandler channelRead
INFO: Detected non-HTTP/2 connection.
 {"metadata":{"emulator":{"name":"firestore"},"message":"Feb 19, 2026 8:17:52 PM io.gapi.emulators.netty.HttpVersionRoutingHandler channelRead\nINFO: Detected non-HTTP/2 connection.\n"}}
[debug] [2026-02-20T01:17:52.671Z] Feb 19, 2026 8:17:52 PM io.gapi.emulators.netty.HttpVersionRoutingHandler channelRead
INFO: Detected non-HTTP/2 connection.
 {"metadata":{"emulator":{"name":"firestore"},"message":"Feb 19, 2026 8:17:52 PM io.gapi.emulators.netty.HttpVersionRoutingHandler channelRead\nINFO: Detected non-HTTP/2 connection.\n"}}
[debug] [2026-02-20T01:17:52.678Z] Feb 19, 2026 8:17:52 PM io.gapi.emulators.netty.HttpVersionRoutingHandler channelRead
INFO: Detected non-HTTP/2 connection.
 {"metadata":{"emulator":{"name":"firestore"},"message":"Feb 19, 2026 8:17:52 PM io.gapi.emulators.netty.HttpVersionRoutingHandler channelRead\nINFO: Detected non-HTTP/2 connection.\n"}}
[debug] [2026-02-20T01:17:52.679Z] Feb 19, 2026 8:17:52 PM io.gapi.emulators.netty.HttpVersionRoutingHandler channelRead
INFO: Detected non-HTTP/2 connection.
 {"metadata":{"emulator":{"name":"firestore"},"message":"Feb 19, 2026 8:17:52 PM io.gapi.emulators.netty.HttpVersionRoutingHandler channelRead\nINFO: Detected non-HTTP/2 connection.\n"}}
[debug] [2026-02-20T01:17:52.698Z] Feb 19, 2026 8:17:52 PM io.gapi.emulators.netty.HttpVersionRoutingHandler channelRead
INFO: Detected non-HTTP/2 connection.
 {"metadata":{"emulator":{"name":"firestore"},"message":"Feb 19, 2026 8:17:52 PM io.gapi.emulators.netty.HttpVersionRoutingHandler channelRead\nINFO: Detected non-HTTP/2 connection.\n"}}
[debug] [2026-02-20T01:17:52.709Z] Feb 19, 2026 8:17:52 PM io.gapi.emulators.netty.HttpVersionRoutingHandler channelRead
INFO: Detected non-HTTP/2 connection.
 {"metadata":{"emulator":{"name":"firestore"},"message":"Feb 19, 2026 8:17:52 PM io.gapi.emulators.netty.HttpVersionRoutingHandler channelRead\nINFO: Detected non-HTTP/2 connection.\n"}}
[debug] [2026-02-20T01:18:22.166Z] Feb 19, 2026 8:18:22 PM io.gapi.emulators.netty.HttpVersionRoutingHandler channelRead
INFO: Detected non-HTTP/2 connection.
 {"metadata":{"emulator":{"name":"firestore"},"message":"Feb 19, 2026 8:18:22 PM io.gapi.emulators.netty.HttpVersionRoutingHandler channelRead\nINFO: Detected non-HTTP/2 connection.\n"}}
[debug] [2026-02-20T01:18:22.190Z] Feb 19, 2026 8:18:22 PM io.gapi.emulators.netty.HttpVersionRoutingHandler channelRead
INFO: Detected non-HTTP/2 connection.
 {"metadata":{"emulator":{"name":"firestore"},"message":"Feb 19, 2026 8:18:22 PM io.gapi.emulators.netty.HttpVersionRoutingHandler channelRead\nINFO: Detected non-HTTP/2 connection.\n"}}
[debug] [2026-02-20T01:18:22.190Z] Feb 19, 2026 8:18:22 PM io.gapi.emulators.netty.HttpVersionRoutingHandler channelRead
INFO: Detected non-HTTP/2 connection.
 {"metadata":{"emulator":{"name":"firestore"},"message":"Feb 19, 2026 8:18:22 PM io.gapi.emulators.netty.HttpVersionRoutingHandler channelRead\nINFO: Detected non-HTTP/2 connection.\n"}}
[debug] [2026-02-20T01:18:22.222Z] Feb 19, 2026 8:18:22 PM io.gapi.emulators.netty.HttpVersionRoutingHandler channelRead
INFO: Detected non-HTTP/2 connection.
 {"metadata":{"emulator":{"name":"firestore"},"message":"Feb 19, 2026 8:18:22 PM io.gapi.emulators.netty.HttpVersionRoutingHandler channelRead\nINFO: Detected non-HTTP/2 connection.\n"}}
[debug] [2026-02-20T01:18:22.222Z] Feb 19, 2026 8:18:22 PM io.gapi.emulators.netty.HttpVersionRoutingHandler channelRead
INFO: Detected non-HTTP/2 connection.
 {"metadata":{"emulator":{"name":"firestore"},"message":"Feb 19, 2026 8:18:22 PM io.gapi.emulators.netty.HttpVersionRoutingHandler channelRead\nINFO: Detected non-HTTP/2 connection.\n"}}
[debug] [2026-02-20T01:18:22.224Z] Feb 19, 2026 8:18:22 PM com.google.cloud.datastore.emulator.firestore.webchannel.FirestoreV1WebChannelAdapter$FirestoreListenHandler onClose
INFO: channel closed
 {"metadata":{"emulator":{"name":"firestore"},"message":"Feb 19, 2026 8:18:22 PM com.google.cloud.datastore.emulator.firestore.webchannel.FirestoreV1WebChannelAdapter$FirestoreListenHandler onClose\nINFO: channel closed\n"}}
[debug] [2026-02-20T01:18:22.226Z] Feb 19, 2026 8:18:22 PM com.google.cloud.datastore.emulator.firestore.webchannel.FirestoreV1WebChannelAdapter$FirestoreWriteHandler onClose
INFO: channel closed
 {"metadata":{"emulator":{"name":"firestore"},"message":"Feb 19, 2026 8:18:22 PM com.google.cloud.datastore.emulator.firestore.webchannel.FirestoreV1WebChannelAdapter$FirestoreWriteHandler onClose\nINFO: channel closed\n"}}
[debug] [2026-02-20T01:18:28.473Z] Feb 19, 2026 8:18:28 PM io.gapi.emulators.netty.HttpVersionRoutingHandler channelRead
INFO: Detected non-HTTP/2 connection.
 {"metadata":{"emulator":{"name":"firestore"},"message":"Feb 19, 2026 8:18:28 PM io.gapi.emulators.netty.HttpVersionRoutingHandler channelRead\nINFO: Detected non-HTTP/2 connection.\n"}}
[debug] [2026-02-20T01:18:28.488Z] Feb 19, 2026 8:18:28 PM io.gapi.emulators.netty.HttpVersionRoutingHandler channelRead
INFO: Detected non-HTTP/2 connection.
 {"metadata":{"emulator":{"name":"firestore"},"message":"Feb 19, 2026 8:18:28 PM io.gapi.emulators.netty.HttpVersionRoutingHandler channelRead\nINFO: Detected non-HTTP/2 connection.\n"}}
[debug] [2026-02-20T01:18:28.498Z] Feb 19, 2026 8:18:28 PM io.gapi.emulators.netty.HttpVersionRoutingHandler channelRead
INFO: Detected non-HTTP/2 connection.
 {"metadata":{"emulator":{"name":"firestore"},"message":"Feb 19, 2026 8:18:28 PM io.gapi.emulators.netty.HttpVersionRoutingHandler channelRead\nINFO: Detected non-HTTP/2 connection.\n"}}
[debug] [2026-02-20T01:18:28.500Z] Feb 19, 2026 8:18:28 PM io.gapi.emulators.netty.HttpVersionRoutingHandler channelRead
INFO: Detected non-HTTP/2 connection.
 {"metadata":{"emulator":{"name":"firestore"},"message":"Feb 19, 2026 8:18:28 PM io.gapi.emulators.netty.HttpVersionRoutingHandler channelRead\nINFO: Detected non-HTTP/2 connection.\n"}}
[debug] [2026-02-20T01:18:28.512Z] Feb 19, 2026 8:18:28 PM io.gapi.emulators.netty.HttpVersionRoutingHandler channelRead
INFO: Detected non-HTTP/2 connection.
 {"metadata":{"emulator":{"name":"firestore"},"message":"Feb 19, 2026 8:18:28 PM io.gapi.emulators.netty.HttpVersionRoutingHandler channelRead\nINFO: Detected non-HTTP/2 connection.\n"}}
[debug] [2026-02-20T01:18:28.523Z] Feb 19, 2026 8:18:28 PM io.gapi.emulators.netty.HttpVersionRoutingHandler channelRead
INFO: Detected non-HTTP/2 connection.
 {"metadata":{"emulator":{"name":"firestore"},"message":"Feb 19, 2026 8:18:28 PM io.gapi.emulators.netty.HttpVersionRoutingHandler channelRead\nINFO: Detected non-HTTP/2 connection.\n"}}
[debug] [2026-02-20T01:18:38.101Z] Feb 19, 2026 8:18:38 PM io.gapi.emulators.netty.HttpVersionRoutingHandler channelRead
INFO: Detected non-HTTP/2 connection.
 {"metadata":{"emulator":{"name":"firestore"},"message":"Feb 19, 2026 8:18:38 PM io.gapi.emulators.netty.HttpVersionRoutingHandler channelRead\nINFO: Detected non-HTTP/2 connection.\n"}}
[debug] [2026-02-20T01:18:38.120Z] Feb 19, 2026 8:18:38 PM io.gapi.emulators.netty.HttpVersionRoutingHandler channelRead
INFO: Detected non-HTTP/2 connection.
 {"metadata":{"emulator":{"name":"firestore"},"message":"Feb 19, 2026 8:18:38 PM io.gapi.emulators.netty.HttpVersionRoutingHandler channelRead\nINFO: Detected non-HTTP/2 connection.\n"}}
[debug] [2026-02-20T01:18:38.121Z] Feb 19, 2026 8:18:38 PM io.gapi.emulators.netty.HttpVersionRoutingHandler channelRead
INFO: Detected non-HTTP/2 connection.
 {"metadata":{"emulator":{"name":"firestore"},"message":"Feb 19, 2026 8:18:38 PM io.gapi.emulators.netty.HttpVersionRoutingHandler channelRead\nINFO: Detected non-HTTP/2 connection.\n"}}
[debug] [2026-02-20T01:18:38.137Z] Feb 19, 2026 8:18:38 PM io.gapi.emulators.netty.HttpVersionRoutingHandler channelRead
INFO: Detected non-HTTP/2 connection.
 {"metadata":{"emulator":{"name":"firestore"},"message":"Feb 19, 2026 8:18:38 PM io.gapi.emulators.netty.HttpVersionRoutingHandler channelRead\nINFO: Detected non-HTTP/2 connection.\n"}}
[debug] [2026-02-20T01:18:38.190Z] Feb 19, 2026 8:18:38 PM io.gapi.emulators.netty.HttpVersionRoutingHandler channelRead
INFO: Detected non-HTTP/2 connection.
Feb 19, 2026 8:18:38 PM io.gapi.emulators.netty.HttpVersionRoutingHandler channelRead
INFO: Detected non-HTTP/2 connection.
 {"metadata":{"emulator":{"name":"firestore"},"message":"Feb 19, 2026 8:18:38 PM io.gapi.emulators.netty.HttpVersionRoutingHandler channelRead\nINFO: Detected non-HTTP/2 connection.\nFeb 19, 2026 8:18:38 PM io.gapi.emulators.netty.HttpVersionRoutingHandler channelRead\nINFO: Detected non-HTTP/2 connection.\n"}}
[debug] [2026-02-20T01:18:38.193Z] Feb 19, 2026 8:18:38 PM com.google.cloud.datastore.emulator.firestore.webchannel.FirestoreV1WebChannelAdapter$FirestoreListenHandler onClose
INFO: channel closed
 {"metadata":{"emulator":{"name":"firestore"},"message":"Feb 19, 2026 8:18:38 PM com.google.cloud.datastore.emulator.firestore.webchannel.FirestoreV1WebChannelAdapter$FirestoreListenHandler onClose\nINFO: channel closed\n"}}
[debug] [2026-02-20T01:18:38.194Z] Feb 19, 2026 8:18:38 PM com.google.cloud.datastore.emulator.firestore.webchannel.FirestoreV1WebChannelAdapter$FirestoreWriteHandler onClose
INFO: channel closed
 {"metadata":{"emulator":{"name":"firestore"},"message":"Feb 19, 2026 8:18:38 PM com.google.cloud.datastore.emulator.firestore.webchannel.FirestoreV1WebChannelAdapter$FirestoreWriteHandler onClose\nINFO: channel closed\n"}}
[debug] [2026-02-20T01:18:38.199Z] Feb 19, 2026 8:18:38 PM io.gapi.emulators.netty.HttpVersionRoutingHandler channelRead
INFO: Detected non-HTTP/2 connection.
 {"metadata":{"emulator":{"name":"firestore"},"message":"Feb 19, 2026 8:18:38 PM io.gapi.emulators.netty.HttpVersionRoutingHandler channelRead\nINFO: Detected non-HTTP/2 connection.\n"}}
[debug] [2026-02-20T01:18:38.214Z] Feb 19, 2026 8:18:38 PM io.gapi.emulators.netty.HttpVersionRoutingHandler channelRead
INFO: Detected non-HTTP/2 connection.
 {"metadata":{"emulator":{"name":"firestore"},"message":"Feb 19, 2026 8:18:38 PM io.gapi.emulators.netty.HttpVersionRoutingHandler channelRead\nINFO: Detected non-HTTP/2 connection.\n"}}
[debug] [2026-02-20T01:18:38.214Z] Feb 19, 2026 8:18:38 PM io.gapi.emulators.netty.HttpVersionRoutingHandler channelRead
INFO: Detected non-HTTP/2 connection.
 {"metadata":{"emulator":{"name":"firestore"},"message":"Feb 19, 2026 8:18:38 PM io.gapi.emulators.netty.HttpVersionRoutingHandler channelRead\nINFO: Detected non-HTTP/2 connection.\n"}}
[debug] [2026-02-20T01:18:41.198Z] Feb 19, 2026 8:18:41 PM io.gapi.emulators.netty.HttpVersionRoutingHandler channelRead
INFO: Detected non-HTTP/2 connection.
 {"metadata":{"emulator":{"name":"firestore"},"message":"Feb 19, 2026 8:18:41 PM io.gapi.emulators.netty.HttpVersionRoutingHandler channelRead\nINFO: Detected non-HTTP/2 connection.\n"}}
[debug] [2026-02-20T01:18:41.201Z] Feb 19, 2026 8:18:41 PM com.google.cloud.datastore.emulator.firestore.webchannel.FirestoreV1WebChannelAdapter$FirestoreListenHandler onClose
INFO: channel closed
 {"metadata":{"emulator":{"name":"firestore"},"message":"Feb 19, 2026 8:18:41 PM com.google.cloud.datastore.emulator.firestore.webchannel.FirestoreV1WebChannelAdapter$FirestoreListenHandler onClose\nINFO: channel closed\n"}}
[debug] [2026-02-20T01:18:41.224Z] Feb 19, 2026 8:18:41 PM io.gapi.emulators.netty.HttpVersionRoutingHandler channelRead
INFO: Detected non-HTTP/2 connection.
 {"metadata":{"emulator":{"name":"firestore"},"message":"Feb 19, 2026 8:18:41 PM io.gapi.emulators.netty.HttpVersionRoutingHandler channelRead\nINFO: Detected non-HTTP/2 connection.\n"}}
[debug] [2026-02-20T01:18:41.239Z] Feb 19, 2026 8:18:41 PM io.gapi.emulators.netty.HttpVersionRoutingHandler channelRead
INFO: Detected non-HTTP/2 connection.
 {"metadata":{"emulator":{"name":"firestore"},"message":"Feb 19, 2026 8:18:41 PM io.gapi.emulators.netty.HttpVersionRoutingHandler channelRead\nINFO: Detected non-HTTP/2 connection.\n"}}
[debug] [2026-02-20T01:18:41.250Z] Feb 19, 2026 8:18:41 PM io.gapi.emulators.netty.HttpVersionRoutingHandler channelRead
INFO: Detected non-HTTP/2 connection.
 {"metadata":{"emulator":{"name":"firestore"},"message":"Feb 19, 2026 8:18:41 PM io.gapi.emulators.netty.HttpVersionRoutingHandler channelRead\nINFO: Detected non-HTTP/2 connection.\n"}}
[debug] [2026-02-20T01:18:41.256Z] Feb 19, 2026 8:18:41 PM io.gapi.emulators.netty.HttpVersionRoutingHandler channelRead
INFO: Detected non-HTTP/2 connection.
 {"metadata":{"emulator":{"name":"firestore"},"message":"Feb 19, 2026 8:18:41 PM io.gapi.emulators.netty.HttpVersionRoutingHandler channelRead\nINFO: Detected non-HTTP/2 connection.\n"}}
[debug] [2026-02-20T01:18:41.269Z] Feb 19, 2026 8:18:41 PM io.gapi.emulators.netty.HttpVersionRoutingHandler channelRead
INFO: Detected non-HTTP/2 connection.
 {"metadata":{"emulator":{"name":"firestore"},"message":"Feb 19, 2026 8:18:41 PM io.gapi.emulators.netty.HttpVersionRoutingHandler channelRead\nINFO: Detected non-HTTP/2 connection.\n"}}
[debug] [2026-02-20T01:18:41.280Z] Feb 19, 2026 8:18:41 PM io.gapi.emulators.netty.HttpVersionRoutingHandler channelRead
INFO: Detected non-HTTP/2 connection.
 {"metadata":{"emulator":{"name":"firestore"},"message":"Feb 19, 2026 8:18:41 PM io.gapi.emulators.netty.HttpVersionRoutingHandler channelRead\nINFO: Detected non-HTTP/2 connection.\n"}}
[debug] [2026-02-20T01:19:07.373Z] Feb 19, 2026 8:19:07 PM io.gapi.emulators.netty.HttpVersionRoutingHandler channelRead
INFO: Detected non-HTTP/2 connection.
 {"metadata":{"emulator":{"name":"firestore"},"message":"Feb 19, 2026 8:19:07 PM io.gapi.emulators.netty.HttpVersionRoutingHandler channelRead\nINFO: Detected non-HTTP/2 connection.\n"}}
[debug] [2026-02-20T01:19:07.405Z] Feb 19, 2026 8:19:07 PM io.gapi.emulators.netty.HttpVersionRoutingHandler channelRead
INFO: Detected non-HTTP/2 connection.
 {"metadata":{"emulator":{"name":"firestore"},"message":"Feb 19, 2026 8:19:07 PM io.gapi.emulators.netty.HttpVersionRoutingHandler channelRead\nINFO: Detected non-HTTP/2 connection.\n"}}
[debug] [2026-02-20T01:19:07.405Z] Feb 19, 2026 8:19:07 PM io.gapi.emulators.netty.HttpVersionRoutingHandler channelRead
INFO: Detected non-HTTP/2 connection.
 {"metadata":{"emulator":{"name":"firestore"},"message":"Feb 19, 2026 8:19:07 PM io.gapi.emulators.netty.HttpVersionRoutingHandler channelRead\nINFO: Detected non-HTTP/2 connection.\n"}}
[debug] [2026-02-20T01:19:07.450Z] Feb 19, 2026 8:19:07 PM io.gapi.emulators.netty.HttpVersionRoutingHandler channelRead
INFO: Detected non-HTTP/2 connection.
 {"metadata":{"emulator":{"name":"firestore"},"message":"Feb 19, 2026 8:19:07 PM io.gapi.emulators.netty.HttpVersionRoutingHandler channelRead\nINFO: Detected non-HTTP/2 connection.\n"}}
[debug] [2026-02-20T01:19:07.450Z] Feb 19, 2026 8:19:07 PM io.gapi.emulators.netty.HttpVersionRoutingHandler channelRead
INFO: Detected non-HTTP/2 connection.
 {"metadata":{"emulator":{"name":"firestore"},"message":"Feb 19, 2026 8:19:07 PM io.gapi.emulators.netty.HttpVersionRoutingHandler channelRead\nINFO: Detected non-HTTP/2 connection.\n"}}
[debug] [2026-02-20T01:19:07.453Z] Feb 19, 2026 8:19:07 PM com.google.cloud.datastore.emulator.firestore.webchannel.FirestoreV1WebChannelAdapter$FirestoreWriteHandler onClose
INFO: channel closed
 {"metadata":{"emulator":{"name":"firestore"},"message":"Feb 19, 2026 8:19:07 PM com.google.cloud.datastore.emulator.firestore.webchannel.FirestoreV1WebChannelAdapter$FirestoreWriteHandler onClose\nINFO: channel closed\n"}}
[debug] [2026-02-20T01:19:07.454Z] Feb 19, 2026 8:19:07 PM com.google.cloud.datastore.emulator.firestore.webchannel.FirestoreV1WebChannelAdapter$FirestoreListenHandler onClose
INFO: channel closed
 {"metadata":{"emulator":{"name":"firestore"},"message":"Feb 19, 2026 8:19:07 PM com.google.cloud.datastore.emulator.firestore.webchannel.FirestoreV1WebChannelAdapter$FirestoreListenHandler onClose\nINFO: channel closed\n"}}
[debug] [2026-02-20T01:19:18.820Z] Feb 19, 2026 8:19:18 PM io.gapi.emulators.netty.HttpVersionRoutingHandler channelRead
INFO: Detected non-HTTP/2 connection.
 {"metadata":{"emulator":{"name":"firestore"},"message":"Feb 19, 2026 8:19:18 PM io.gapi.emulators.netty.HttpVersionRoutingHandler channelRead\nINFO: Detected non-HTTP/2 connection.\n"}}
[debug] [2026-02-20T01:19:18.833Z] Feb 19, 2026 8:19:18 PM io.gapi.emulators.netty.HttpVersionRoutingHandler channelRead
INFO: Detected non-HTTP/2 connection.
 {"metadata":{"emulator":{"name":"firestore"},"message":"Feb 19, 2026 8:19:18 PM io.gapi.emulators.netty.HttpVersionRoutingHandler channelRead\nINFO: Detected non-HTTP/2 connection.\n"}}
[debug] [2026-02-20T01:19:18.838Z] Feb 19, 2026 8:19:18 PM io.gapi.emulators.netty.HttpVersionRoutingHandler channelRead
INFO: Detected non-HTTP/2 connection.
 {"metadata":{"emulator":{"name":"firestore"},"message":"Feb 19, 2026 8:19:18 PM io.gapi.emulators.netty.HttpVersionRoutingHandler channelRead\nINFO: Detected non-HTTP/2 connection.\n"}}
[debug] [2026-02-20T01:19:18.840Z] Feb 19, 2026 8:19:18 PM io.gapi.emulators.netty.HttpVersionRoutingHandler channelRead
INFO: Detected non-HTTP/2 connection.
 {"metadata":{"emulator":{"name":"firestore"},"message":"Feb 19, 2026 8:19:18 PM io.gapi.emulators.netty.HttpVersionRoutingHandler channelRead\nINFO: Detected non-HTTP/2 connection.\n"}}
[debug] [2026-02-20T01:19:18.859Z] Feb 19, 2026 8:19:18 PM io.gapi.emulators.netty.HttpVersionRoutingHandler channelRead
INFO: Detected non-HTTP/2 connection.
 {"metadata":{"emulator":{"name":"firestore"},"message":"Feb 19, 2026 8:19:18 PM io.gapi.emulators.netty.HttpVersionRoutingHandler channelRead\nINFO: Detected non-HTTP/2 connection.\n"}}
[debug] [2026-02-20T01:19:18.869Z] Feb 19, 2026 8:19:18 PM io.gapi.emulators.netty.HttpVersionRoutingHandler channelRead
INFO: Detected non-HTTP/2 connection.
 {"metadata":{"emulator":{"name":"firestore"},"message":"Feb 19, 2026 8:19:18 PM io.gapi.emulators.netty.HttpVersionRoutingHandler channelRead\nINFO: Detected non-HTTP/2 connection.\n"}}
[debug] [2026-02-20T01:19:41.022Z] Feb 19, 2026 8:19:41 PM io.gapi.emulators.netty.HttpVersionRoutingHandler channelRead
INFO: Detected non-HTTP/2 connection.
 {"metadata":{"emulator":{"name":"firestore"},"message":"Feb 19, 2026 8:19:41 PM io.gapi.emulators.netty.HttpVersionRoutingHandler channelRead\nINFO: Detected non-HTTP/2 connection.\n"}}
[debug] [2026-02-20T01:19:41.041Z] Feb 19, 2026 8:19:41 PM io.gapi.emulators.netty.HttpVersionRoutingHandler channelRead
INFO: Detected non-HTTP/2 connection.
 {"metadata":{"emulator":{"name":"firestore"},"message":"Feb 19, 2026 8:19:41 PM io.gapi.emulators.netty.HttpVersionRoutingHandler channelRead\nINFO: Detected non-HTTP/2 connection.\n"}}
[debug] [2026-02-20T01:19:41.042Z] Feb 19, 2026 8:19:41 PM io.gapi.emulators.netty.HttpVersionRoutingHandler channelRead
INFO: Detected non-HTTP/2 connection.
 {"metadata":{"emulator":{"name":"firestore"},"message":"Feb 19, 2026 8:19:41 PM io.gapi.emulators.netty.HttpVersionRoutingHandler channelRead\nINFO: Detected non-HTTP/2 connection.\n"}}
[debug] [2026-02-20T01:19:41.052Z] Feb 19, 2026 8:19:41 PM io.gapi.emulators.netty.HttpVersionRoutingHandler channelRead
INFO: Detected non-HTTP/2 connection.
 {"metadata":{"emulator":{"name":"firestore"},"message":"Feb 19, 2026 8:19:41 PM io.gapi.emulators.netty.HttpVersionRoutingHandler channelRead\nINFO: Detected non-HTTP/2 connection.\n"}}
[debug] [2026-02-20T01:19:41.088Z] Feb 19, 2026 8:19:41 PM io.gapi.emulators.netty.HttpVersionRoutingHandler channelRead
INFO: Detected non-HTTP/2 connection.
 {"metadata":{"emulator":{"name":"firestore"},"message":"Feb 19, 2026 8:19:41 PM io.gapi.emulators.netty.HttpVersionRoutingHandler channelRead\nINFO: Detected non-HTTP/2 connection.\n"}}
[debug] [2026-02-20T01:19:41.088Z] Feb 19, 2026 8:19:41 PM io.gapi.emulators.netty.HttpVersionRoutingHandler channelRead
INFO: Detected non-HTTP/2 connection.
 {"metadata":{"emulator":{"name":"firestore"},"message":"Feb 19, 2026 8:19:41 PM io.gapi.emulators.netty.HttpVersionRoutingHandler channelRead\nINFO: Detected non-HTTP/2 connection.\n"}}
[debug] [2026-02-20T01:19:41.091Z] Feb 19, 2026 8:19:41 PM com.google.cloud.datastore.emulator.firestore.webchannel.FirestoreV1WebChannelAdapter$FirestoreWriteHandler onClose
INFO: channel closed
 {"metadata":{"emulator":{"name":"firestore"},"message":"Feb 19, 2026 8:19:41 PM com.google.cloud.datastore.emulator.firestore.webchannel.FirestoreV1WebChannelAdapter$FirestoreWriteHandler onClose\nINFO: channel closed\n"}}
[debug] [2026-02-20T01:19:41.092Z] Feb 19, 2026 8:19:41 PM com.google.cloud.datastore.emulator.firestore.webchannel.FirestoreV1WebChannelAdapter$FirestoreListenHandler onClose
INFO: channel closed
 {"metadata":{"emulator":{"name":"firestore"},"message":"Feb 19, 2026 8:19:41 PM com.google.cloud.datastore.emulator.firestore.webchannel.FirestoreV1WebChannelAdapter$FirestoreListenHandler onClose\nINFO: channel closed\n"}}
[debug] [2026-02-20T01:20:40.574Z] Feb 19, 2026 8:20:40 PM io.gapi.emulators.netty.HttpVersionRoutingHandler channelRead
INFO: Detected non-HTTP/2 connection.
 {"metadata":{"emulator":{"name":"firestore"},"message":"Feb 19, 2026 8:20:40 PM io.gapi.emulators.netty.HttpVersionRoutingHandler channelRead\nINFO: Detected non-HTTP/2 connection.\n"}}
[debug] [2026-02-20T01:20:40.609Z] Feb 19, 2026 8:20:40 PM io.gapi.emulators.netty.HttpVersionRoutingHandler channelRead
INFO: Detected non-HTTP/2 connection.
 {"metadata":{"emulator":{"name":"firestore"},"message":"Feb 19, 2026 8:20:40 PM io.gapi.emulators.netty.HttpVersionRoutingHandler channelRead\nINFO: Detected non-HTTP/2 connection.\n"}}
[debug] [2026-02-20T01:20:40.615Z] Feb 19, 2026 8:20:40 PM io.gapi.emulators.netty.HttpVersionRoutingHandler channelRead
INFO: Detected non-HTTP/2 connection.
 {"metadata":{"emulator":{"name":"firestore"},"message":"Feb 19, 2026 8:20:40 PM io.gapi.emulators.netty.HttpVersionRoutingHandler channelRead\nINFO: Detected non-HTTP/2 connection.\n"}}
[debug] [2026-02-20T01:20:40.616Z] Feb 19, 2026 8:20:40 PM io.gapi.emulators.netty.HttpVersionRoutingHandler channelRead
INFO: Detected non-HTTP/2 connection.
 {"metadata":{"emulator":{"name":"firestore"},"message":"Feb 19, 2026 8:20:40 PM io.gapi.emulators.netty.HttpVersionRoutingHandler channelRead\nINFO: Detected non-HTTP/2 connection.\n"}}
[debug] [2026-02-20T01:20:40.623Z] Feb 19, 2026 8:20:40 PM io.gapi.emulators.netty.HttpVersionRoutingHandler channelRead
INFO: Detected non-HTTP/2 connection.
 {"metadata":{"emulator":{"name":"firestore"},"message":"Feb 19, 2026 8:20:40 PM io.gapi.emulators.netty.HttpVersionRoutingHandler channelRead\nINFO: Detected non-HTTP/2 connection.\n"}}
[debug] [2026-02-20T01:20:40.624Z] Feb 19, 2026 8:20:40 PM io.gapi.emulators.netty.HttpVersionRoutingHandler channelRead
INFO: Detected non-HTTP/2 connection.
 {"metadata":{"emulator":{"name":"firestore"},"message":"Feb 19, 2026 8:20:40 PM io.gapi.emulators.netty.HttpVersionRoutingHandler channelRead\nINFO: Detected non-HTTP/2 connection.\n"}}
[debug] [2026-02-20T01:20:40.637Z] Feb 19, 2026 8:20:40 PM io.gapi.emulators.netty.HttpVersionRoutingHandler channelRead
INFO: Detected non-HTTP/2 connection.
 {"metadata":{"emulator":{"name":"firestore"},"message":"Feb 19, 2026 8:20:40 PM io.gapi.emulators.netty.HttpVersionRoutingHandler channelRead\nINFO: Detected non-HTTP/2 connection.\n"}}
[debug] [2026-02-20T01:20:40.645Z] Feb 19, 2026 8:20:40 PM io.gapi.emulators.netty.HttpVersionRoutingHandler channelRead
INFO: Detected non-HTTP/2 connection.
 {"metadata":{"emulator":{"name":"firestore"},"message":"Feb 19, 2026 8:20:40 PM io.gapi.emulators.netty.HttpVersionRoutingHandler channelRead\nINFO: Detected non-HTTP/2 connection.\n"}}
[debug] [2026-02-20T01:20:44.769Z] Feb 19, 2026 8:20:44 PM io.gapi.emulators.netty.HttpVersionRoutingHandler channelRead
INFO: Detected non-HTTP/2 connection.
 {"metadata":{"emulator":{"name":"firestore"},"message":"Feb 19, 2026 8:20:44 PM io.gapi.emulators.netty.HttpVersionRoutingHandler channelRead\nINFO: Detected non-HTTP/2 connection.\n"}}
[debug] [2026-02-20T01:20:51.324Z] Feb 19, 2026 8:20:51 PM io.gapi.emulators.netty.HttpVersionRoutingHandler channelRead
INFO: Detected non-HTTP/2 connection.
 {"metadata":{"emulator":{"name":"firestore"},"message":"Feb 19, 2026 8:20:51 PM io.gapi.emulators.netty.HttpVersionRoutingHandler channelRead\nINFO: Detected non-HTTP/2 connection.\n"}}
[debug] [2026-02-20T01:20:51.326Z] Feb 19, 2026 8:20:51 PM io.gapi.emulators.netty.HttpVersionRoutingHandler channelRead
INFO: Detected non-HTTP/2 connection.
 {"metadata":{"emulator":{"name":"firestore"},"message":"Feb 19, 2026 8:20:51 PM io.gapi.emulators.netty.HttpVersionRoutingHandler channelRead\nINFO: Detected non-HTTP/2 connection.\n"}}
[debug] [2026-02-20T01:20:51.328Z] Feb 19, 2026 8:20:51 PM io.gapi.emulators.netty.HttpVersionRoutingHandler channelRead
INFO: Detected non-HTTP/2 connection.
 {"metadata":{"emulator":{"name":"firestore"},"message":"Feb 19, 2026 8:20:51 PM io.gapi.emulators.netty.HttpVersionRoutingHandler channelRead\nINFO: Detected non-HTTP/2 connection.\n"}}
[debug] [2026-02-20T01:20:51.329Z] Feb 19, 2026 8:20:51 PM io.gapi.emulators.netty.HttpVersionRoutingHandler channelRead
INFO: Detected non-HTTP/2 connection.
 {"metadata":{"emulator":{"name":"firestore"},"message":"Feb 19, 2026 8:20:51 PM io.gapi.emulators.netty.HttpVersionRoutingHandler channelRead\nINFO: Detected non-HTTP/2 connection.\n"}}
[debug] [2026-02-20T01:20:51.330Z] Feb 19, 2026 8:20:51 PM io.gapi.emulators.netty.HttpVersionRoutingHandler channelRead
INFO: Detected non-HTTP/2 connection.
 {"metadata":{"emulator":{"name":"firestore"},"message":"Feb 19, 2026 8:20:51 PM io.gapi.emulators.netty.HttpVersionRoutingHandler channelRead\nINFO: Detected non-HTTP/2 connection.\n"}}
[debug] [2026-02-20T01:21:02.956Z] Feb 19, 2026 8:21:02 PM io.gapi.emulators.netty.HttpVersionRoutingHandler channelRead
INFO: Detected non-HTTP/2 connection.
 {"metadata":{"emulator":{"name":"firestore"},"message":"Feb 19, 2026 8:21:02 PM io.gapi.emulators.netty.HttpVersionRoutingHandler channelRead\nINFO: Detected non-HTTP/2 connection.\n"}}
[debug] [2026-02-20T01:21:04.067Z] Feb 19, 2026 8:21:04 PM io.gapi.emulators.netty.HttpVersionRoutingHandler channelRead
INFO: Detected non-HTTP/2 connection.
 {"metadata":{"emulator":{"name":"firestore"},"message":"Feb 19, 2026 8:21:04 PM io.gapi.emulators.netty.HttpVersionRoutingHandler channelRead\nINFO: Detected non-HTTP/2 connection.\n"}}
[debug] [2026-02-20T01:21:05.122Z] Feb 19, 2026 8:21:05 PM io.gapi.emulators.netty.HttpVersionRoutingHandler channelRead
INFO: Detected non-HTTP/2 connection.
 {"metadata":{"emulator":{"name":"firestore"},"message":"Feb 19, 2026 8:21:05 PM io.gapi.emulators.netty.HttpVersionRoutingHandler channelRead\nINFO: Detected non-HTTP/2 connection.\n"}}
[debug] [2026-02-20T01:21:08.731Z] Feb 19, 2026 8:21:08 PM io.gapi.emulators.netty.HttpVersionRoutingHandler channelRead
INFO: Detected non-HTTP/2 connection.
 {"metadata":{"emulator":{"name":"firestore"},"message":"Feb 19, 2026 8:21:08 PM io.gapi.emulators.netty.HttpVersionRoutingHandler channelRead\nINFO: Detected non-HTTP/2 connection.\n"}}
[debug] [2026-02-20T01:21:09.311Z] Feb 19, 2026 8:21:09 PM io.gapi.emulators.netty.HttpVersionRoutingHandler channelRead
INFO: Detected non-HTTP/2 connection.
 {"metadata":{"emulator":{"name":"firestore"},"message":"Feb 19, 2026 8:21:09 PM io.gapi.emulators.netty.HttpVersionRoutingHandler channelRead\nINFO: Detected non-HTTP/2 connection.\n"}}
[debug] [2026-02-20T01:21:10.438Z] Feb 19, 2026 8:21:10 PM io.gapi.emulators.netty.HttpVersionRoutingHandler channelRead
INFO: Detected non-HTTP/2 connection.
 {"metadata":{"emulator":{"name":"firestore"},"message":"Feb 19, 2026 8:21:10 PM io.gapi.emulators.netty.HttpVersionRoutingHandler channelRead\nINFO: Detected non-HTTP/2 connection.\n"}}
[debug] [2026-02-20T01:21:15.537Z] Feb 19, 2026 8:21:15 PM io.gapi.emulators.netty.HttpVersionRoutingHandler channelRead
INFO: Detected non-HTTP/2 connection.
 {"metadata":{"emulator":{"name":"firestore"},"message":"Feb 19, 2026 8:21:15 PM io.gapi.emulators.netty.HttpVersionRoutingHandler channelRead\nINFO: Detected non-HTTP/2 connection.\n"}}
[debug] [2026-02-20T01:21:16.577Z] Feb 19, 2026 8:21:16 PM io.gapi.emulators.netty.HttpVersionRoutingHandler channelRead
INFO: Detected non-HTTP/2 connection.
 {"metadata":{"emulator":{"name":"firestore"},"message":"Feb 19, 2026 8:21:16 PM io.gapi.emulators.netty.HttpVersionRoutingHandler channelRead\nINFO: Detected non-HTTP/2 connection.\n"}}
[debug] [2026-02-20T01:21:17.604Z] Feb 19, 2026 8:21:17 PM io.gapi.emulators.netty.HttpVersionRoutingHandler channelRead
INFO: Detected non-HTTP/2 connection.
 {"metadata":{"emulator":{"name":"firestore"},"message":"Feb 19, 2026 8:21:17 PM io.gapi.emulators.netty.HttpVersionRoutingHandler channelRead\nINFO: Detected non-HTTP/2 connection.\n"}}
[debug] [2026-02-20T01:21:27.745Z] Feb 19, 2026 8:21:27 PM io.gapi.emulators.netty.HttpVersionRoutingHandler channelRead
INFO: Detected non-HTTP/2 connection.
 {"metadata":{"emulator":{"name":"firestore"},"message":"Feb 19, 2026 8:21:27 PM io.gapi.emulators.netty.HttpVersionRoutingHandler channelRead\nINFO: Detected non-HTTP/2 connection.\n"}}
[debug] [2026-02-20T01:21:27.755Z] Feb 19, 2026 8:21:27 PM io.gapi.emulators.netty.HttpVersionRoutingHandler channelRead
INFO: Detected non-HTTP/2 connection.
 {"metadata":{"emulator":{"name":"firestore"},"message":"Feb 19, 2026 8:21:27 PM io.gapi.emulators.netty.HttpVersionRoutingHandler channelRead\nINFO: Detected non-HTTP/2 connection.\n"}}
[debug] [2026-02-20T01:21:27.780Z] Feb 19, 2026 8:21:27 PM io.gapi.emulators.netty.HttpVersionRoutingHandler channelRead
INFO: Detected non-HTTP/2 connection.
 {"metadata":{"emulator":{"name":"firestore"},"message":"Feb 19, 2026 8:21:27 PM io.gapi.emulators.netty.HttpVersionRoutingHandler channelRead\nINFO: Detected non-HTTP/2 connection.\n"}}
[debug] [2026-02-20T01:21:27.781Z] Feb 19, 2026 8:21:27 PM io.gapi.emulators.netty.HttpVersionRoutingHandler channelRead
INFO: Detected non-HTTP/2 connection.
 {"metadata":{"emulator":{"name":"firestore"},"message":"Feb 19, 2026 8:21:27 PM io.gapi.emulators.netty.HttpVersionRoutingHandler channelRead\nINFO: Detected non-HTTP/2 connection.\n"}}
[debug] [2026-02-20T01:21:29.221Z] Feb 19, 2026 8:21:29 PM io.gapi.emulators.netty.HttpVersionRoutingHandler channelRead
INFO: Detected non-HTTP/2 connection.
 {"metadata":{"emulator":{"name":"firestore"},"message":"Feb 19, 2026 8:21:29 PM io.gapi.emulators.netty.HttpVersionRoutingHandler channelRead\nINFO: Detected non-HTTP/2 connection.\n"}}
[debug] [2026-02-20T01:21:32.408Z] Feb 19, 2026 8:21:32 PM io.gapi.emulators.netty.HttpVersionRoutingHandler channelRead
INFO: Detected non-HTTP/2 connection.
 {"metadata":{"emulator":{"name":"firestore"},"message":"Feb 19, 2026 8:21:32 PM io.gapi.emulators.netty.HttpVersionRoutingHandler channelRead\nINFO: Detected non-HTTP/2 connection.\n"}}
[debug] [2026-02-20T01:21:42.911Z] Feb 19, 2026 8:21:42 PM io.gapi.emulators.netty.HttpVersionRoutingHandler channelRead
INFO: Detected non-HTTP/2 connection.
 {"metadata":{"emulator":{"name":"firestore"},"message":"Feb 19, 2026 8:21:42 PM io.gapi.emulators.netty.HttpVersionRoutingHandler channelRead\nINFO: Detected non-HTTP/2 connection.\n"}}
[debug] [2026-02-20T01:21:45.372Z] Feb 19, 2026 8:21:45 PM io.gapi.emulators.netty.HttpVersionRoutingHandler channelRead
INFO: Detected non-HTTP/2 connection.
 {"metadata":{"emulator":{"name":"firestore"},"message":"Feb 19, 2026 8:21:45 PM io.gapi.emulators.netty.HttpVersionRoutingHandler channelRead\nINFO: Detected non-HTTP/2 connection.\n"}}
[debug] [2026-02-20T01:21:52.200Z] Feb 19, 2026 8:21:52 PM io.gapi.emulators.netty.HttpVersionRoutingHandler channelRead
INFO: Detected non-HTTP/2 connection.
 {"metadata":{"emulator":{"name":"firestore"},"message":"Feb 19, 2026 8:21:52 PM io.gapi.emulators.netty.HttpVersionRoutingHandler channelRead\nINFO: Detected non-HTTP/2 connection.\n"}}
[debug] [2026-02-20T01:21:52.808Z] Feb 19, 2026 8:21:52 PM io.gapi.emulators.netty.HttpVersionRoutingHandler channelRead
INFO: Detected non-HTTP/2 connection.
 {"metadata":{"emulator":{"name":"firestore"},"message":"Feb 19, 2026 8:21:52 PM io.gapi.emulators.netty.HttpVersionRoutingHandler channelRead\nINFO: Detected non-HTTP/2 connection.\n"}}
[debug] [2026-02-20T01:21:56.509Z] Feb 19, 2026 8:21:56 PM io.gapi.emulators.netty.HttpVersionRoutingHandler channelRead
INFO: Detected non-HTTP/2 connection.
 {"metadata":{"emulator":{"name":"firestore"},"message":"Feb 19, 2026 8:21:56 PM io.gapi.emulators.netty.HttpVersionRoutingHandler channelRead\nINFO: Detected non-HTTP/2 connection.\n"}}
[debug] [2026-02-20T01:21:57.489Z] Feb 19, 2026 8:21:57 PM io.gapi.emulators.netty.HttpVersionRoutingHandler channelRead
INFO: Detected non-HTTP/2 connection.
 {"metadata":{"emulator":{"name":"firestore"},"message":"Feb 19, 2026 8:21:57 PM io.gapi.emulators.netty.HttpVersionRoutingHandler channelRead\nINFO: Detected non-HTTP/2 connection.\n"}}
[debug] [2026-02-20T01:21:59.207Z] Feb 19, 2026 8:21:59 PM io.gapi.emulators.netty.HttpVersionRoutingHandler channelRead
INFO: Detected non-HTTP/2 connection.
 {"metadata":{"emulator":{"name":"firestore"},"message":"Feb 19, 2026 8:21:59 PM io.gapi.emulators.netty.HttpVersionRoutingHandler channelRead\nINFO: Detected non-HTTP/2 connection.\n"}}
[debug] [2026-02-20T01:22:00.992Z] Feb 19, 2026 8:22:00 PM io.gapi.emulators.netty.HttpVersionRoutingHandler channelRead
INFO: Detected non-HTTP/2 connection.
 {"metadata":{"emulator":{"name":"firestore"},"message":"Feb 19, 2026 8:22:00 PM io.gapi.emulators.netty.HttpVersionRoutingHandler channelRead\nINFO: Detected non-HTTP/2 connection.\n"}}
[debug] [2026-02-20T01:22:03.153Z] Feb 19, 2026 8:22:03 PM io.gapi.emulators.netty.HttpVersionRoutingHandler channelRead
INFO: Detected non-HTTP/2 connection.
 {"metadata":{"emulator":{"name":"firestore"},"message":"Feb 19, 2026 8:22:03 PM io.gapi.emulators.netty.HttpVersionRoutingHandler channelRead\nINFO: Detected non-HTTP/2 connection.\n"}}
[debug] [2026-02-20T01:22:08.888Z] Feb 19, 2026 8:22:08 PM io.gapi.emulators.netty.HttpVersionRoutingHandler channelRead
INFO: Detected non-HTTP/2 connection.
 {"metadata":{"emulator":{"name":"firestore"},"message":"Feb 19, 2026 8:22:08 PM io.gapi.emulators.netty.HttpVersionRoutingHandler channelRead\nINFO: Detected non-HTTP/2 connection.\n"}}
[debug] [2026-02-20T01:22:09.664Z] Feb 19, 2026 8:22:09 PM io.gapi.emulators.netty.HttpVersionRoutingHandler channelRead
INFO: Detected non-HTTP/2 connection.
 {"metadata":{"emulator":{"name":"firestore"},"message":"Feb 19, 2026 8:22:09 PM io.gapi.emulators.netty.HttpVersionRoutingHandler channelRead\nINFO: Detected non-HTTP/2 connection.\n"}}
[debug] [2026-02-20T01:22:11.874Z] Feb 19, 2026 8:22:11 PM io.gapi.emulators.netty.HttpVersionRoutingHandler channelRead
INFO: Detected non-HTTP/2 connection.
 {"metadata":{"emulator":{"name":"firestore"},"message":"Feb 19, 2026 8:22:11 PM io.gapi.emulators.netty.HttpVersionRoutingHandler channelRead\nINFO: Detected non-HTTP/2 connection.\n"}}
[debug] [2026-02-20T01:22:12.955Z] Feb 19, 2026 8:22:12 PM io.gapi.emulators.netty.HttpVersionRoutingHandler channelRead
INFO: Detected non-HTTP/2 connection.
 {"metadata":{"emulator":{"name":"firestore"},"message":"Feb 19, 2026 8:22:12 PM io.gapi.emulators.netty.HttpVersionRoutingHandler channelRead\nINFO: Detected non-HTTP/2 connection.\n"}}
[debug] [2026-02-20T01:22:12.969Z] Feb 19, 2026 8:22:12 PM io.gapi.emulators.netty.HttpVersionRoutingHandler channelRead
INFO: Detected non-HTTP/2 connection.
 {"metadata":{"emulator":{"name":"firestore"},"message":"Feb 19, 2026 8:22:12 PM io.gapi.emulators.netty.HttpVersionRoutingHandler channelRead\nINFO: Detected non-HTTP/2 connection.\n"}}
[debug] [2026-02-20T01:22:12.980Z] Feb 19, 2026 8:22:12 PM io.gapi.emulators.netty.HttpVersionRoutingHandler channelRead
INFO: Detected non-HTTP/2 connection.
 {"metadata":{"emulator":{"name":"firestore"},"message":"Feb 19, 2026 8:22:12 PM io.gapi.emulators.netty.HttpVersionRoutingHandler channelRead\nINFO: Detected non-HTTP/2 connection.\n"}}
[debug] [2026-02-20T01:22:12.990Z] Feb 19, 2026 8:22:12 PM io.gapi.emulators.netty.HttpVersionRoutingHandler channelRead
INFO: Detected non-HTTP/2 connection.
 {"metadata":{"emulator":{"name":"firestore"},"message":"Feb 19, 2026 8:22:12 PM io.gapi.emulators.netty.HttpVersionRoutingHandler channelRead\nINFO: Detected non-HTTP/2 connection.\n"}}
[debug] [2026-02-20T01:22:19.582Z] Feb 19, 2026 8:22:19 PM io.gapi.emulators.netty.HttpVersionRoutingHandler channelRead
INFO: Detected non-HTTP/2 connection.
 {"metadata":{"emulator":{"name":"firestore"},"message":"Feb 19, 2026 8:22:19 PM io.gapi.emulators.netty.HttpVersionRoutingHandler channelRead\nINFO: Detected non-HTTP/2 connection.\n"}}
[debug] [2026-02-20T01:22:20.572Z] Feb 19, 2026 8:22:20 PM io.gapi.emulators.netty.HttpVersionRoutingHandler channelRead
INFO: Detected non-HTTP/2 connection.
 {"metadata":{"emulator":{"name":"firestore"},"message":"Feb 19, 2026 8:22:20 PM io.gapi.emulators.netty.HttpVersionRoutingHandler channelRead\nINFO: Detected non-HTTP/2 connection.\n"}}
[debug] [2026-02-20T01:22:24.436Z] Feb 19, 2026 8:22:24 PM io.gapi.emulators.netty.HttpVersionRoutingHandler channelRead
INFO: Detected non-HTTP/2 connection.
 {"metadata":{"emulator":{"name":"firestore"},"message":"Feb 19, 2026 8:22:24 PM io.gapi.emulators.netty.HttpVersionRoutingHandler channelRead\nINFO: Detected non-HTTP/2 connection.\n"}}
[debug] [2026-02-20T01:22:35.240Z] Feb 19, 2026 8:22:35 PM io.gapi.emulators.netty.HttpVersionRoutingHandler channelRead
INFO: Detected non-HTTP/2 connection.
 {"metadata":{"emulator":{"name":"firestore"},"message":"Feb 19, 2026 8:22:35 PM io.gapi.emulators.netty.HttpVersionRoutingHandler channelRead\nINFO: Detected non-HTTP/2 connection.\n"}}
[debug] [2026-02-20T01:22:36.457Z] Feb 19, 2026 8:22:36 PM io.gapi.emulators.netty.HttpVersionRoutingHandler channelRead
INFO: Detected non-HTTP/2 connection.
 {"metadata":{"emulator":{"name":"firestore"},"message":"Feb 19, 2026 8:22:36 PM io.gapi.emulators.netty.HttpVersionRoutingHandler channelRead\nINFO: Detected non-HTTP/2 connection.\n"}}
[debug] [2026-02-20T01:22:37.145Z] Feb 19, 2026 8:22:37 PM io.gapi.emulators.netty.HttpVersionRoutingHandler channelRead
INFO: Detected non-HTTP/2 connection.
 {"metadata":{"emulator":{"name":"firestore"},"message":"Feb 19, 2026 8:22:37 PM io.gapi.emulators.netty.HttpVersionRoutingHandler channelRead\nINFO: Detected non-HTTP/2 connection.\n"}}
[debug] [2026-02-20T01:22:38.705Z] Feb 19, 2026 8:22:38 PM io.gapi.emulators.netty.HttpVersionRoutingHandler channelRead
INFO: Detected non-HTTP/2 connection.
 {"metadata":{"emulator":{"name":"firestore"},"message":"Feb 19, 2026 8:22:38 PM io.gapi.emulators.netty.HttpVersionRoutingHandler channelRead\nINFO: Detected non-HTTP/2 connection.\n"}}
[debug] [2026-02-20T01:22:40.352Z] Feb 19, 2026 8:22:40 PM io.gapi.emulators.netty.HttpVersionRoutingHandler channelRead
INFO: Detected non-HTTP/2 connection.
 {"metadata":{"emulator":{"name":"firestore"},"message":"Feb 19, 2026 8:22:40 PM io.gapi.emulators.netty.HttpVersionRoutingHandler channelRead\nINFO: Detected non-HTTP/2 connection.\n"}}
[debug] [2026-02-20T01:22:44.188Z] Feb 19, 2026 8:22:44 PM io.gapi.emulators.netty.HttpVersionRoutingHandler channelRead
INFO: Detected non-HTTP/2 connection.
 {"metadata":{"emulator":{"name":"firestore"},"message":"Feb 19, 2026 8:22:44 PM io.gapi.emulators.netty.HttpVersionRoutingHandler channelRead\nINFO: Detected non-HTTP/2 connection.\n"}}
[debug] [2026-02-20T01:22:47.887Z] Feb 19, 2026 8:22:47 PM io.gapi.emulators.netty.HttpVersionRoutingHandler channelRead
INFO: Detected non-HTTP/2 connection.
 {"metadata":{"emulator":{"name":"firestore"},"message":"Feb 19, 2026 8:22:47 PM io.gapi.emulators.netty.HttpVersionRoutingHandler channelRead\nINFO: Detected non-HTTP/2 connection.\n"}}
[debug] [2026-02-20T01:22:48.688Z] Feb 19, 2026 8:22:48 PM io.gapi.emulators.netty.HttpVersionRoutingHandler channelRead
INFO: Detected non-HTTP/2 connection.
 {"metadata":{"emulator":{"name":"firestore"},"message":"Feb 19, 2026 8:22:48 PM io.gapi.emulators.netty.HttpVersionRoutingHandler channelRead\nINFO: Detected non-HTTP/2 connection.\n"}}
[debug] [2026-02-20T01:22:49.756Z] Feb 19, 2026 8:22:49 PM io.gapi.emulators.netty.HttpVersionRoutingHandler channelRead
INFO: Detected non-HTTP/2 connection.
 {"metadata":{"emulator":{"name":"firestore"},"message":"Feb 19, 2026 8:22:49 PM io.gapi.emulators.netty.HttpVersionRoutingHandler channelRead\nINFO: Detected non-HTTP/2 connection.\n"}}
[debug] [2026-02-20T01:22:51.352Z] Feb 19, 2026 8:22:51 PM io.gapi.emulators.netty.HttpVersionRoutingHandler channelRead
INFO: Detected non-HTTP/2 connection.
 {"metadata":{"emulator":{"name":"firestore"},"message":"Feb 19, 2026 8:22:51 PM io.gapi.emulators.netty.HttpVersionRoutingHandler channelRead\nINFO: Detected non-HTTP/2 connection.\n"}}
[debug] [2026-02-20T01:22:52.188Z] Feb 19, 2026 8:22:52 PM io.gapi.emulators.netty.HttpVersionRoutingHandler channelRead
INFO: Detected non-HTTP/2 connection.
 {"metadata":{"emulator":{"name":"firestore"},"message":"Feb 19, 2026 8:22:52 PM io.gapi.emulators.netty.HttpVersionRoutingHandler channelRead\nINFO: Detected non-HTTP/2 connection.\n"}}
[debug] [2026-02-20T01:22:59.649Z] Feb 19, 2026 8:22:59 PM io.gapi.emulators.netty.HttpVersionRoutingHandler channelRead
INFO: Detected non-HTTP/2 connection.
 {"metadata":{"emulator":{"name":"firestore"},"message":"Feb 19, 2026 8:22:59 PM io.gapi.emulators.netty.HttpVersionRoutingHandler channelRead\nINFO: Detected non-HTTP/2 connection.\n"}}
[debug] [2026-02-20T01:22:59.661Z] Feb 19, 2026 8:22:59 PM io.gapi.emulators.netty.HttpVersionRoutingHandler channelRead
INFO: Detected non-HTTP/2 connection.
 {"metadata":{"emulator":{"name":"firestore"},"message":"Feb 19, 2026 8:22:59 PM io.gapi.emulators.netty.HttpVersionRoutingHandler channelRead\nINFO: Detected non-HTTP/2 connection.\n"}}
[debug] [2026-02-20T01:22:59.683Z] Feb 19, 2026 8:22:59 PM io.gapi.emulators.netty.HttpVersionRoutingHandler channelRead
INFO: Detected non-HTTP/2 connection.
 {"metadata":{"emulator":{"name":"firestore"},"message":"Feb 19, 2026 8:22:59 PM io.gapi.emulators.netty.HttpVersionRoutingHandler channelRead\nINFO: Detected non-HTTP/2 connection.\n"}}
[debug] [2026-02-20T01:22:59.683Z] Feb 19, 2026 8:22:59 PM io.gapi.emulators.netty.HttpVersionRoutingHandler channelRead
INFO: Detected non-HTTP/2 connection.
 {"metadata":{"emulator":{"name":"firestore"},"message":"Feb 19, 2026 8:22:59 PM io.gapi.emulators.netty.HttpVersionRoutingHandler channelRead\nINFO: Detected non-HTTP/2 connection.\n"}}
[debug] [2026-02-20T01:23:00.753Z] Feb 19, 2026 8:23:00 PM io.gapi.emulators.netty.HttpVersionRoutingHandler channelRead
INFO: Detected non-HTTP/2 connection.
 {"metadata":{"emulator":{"name":"firestore"},"message":"Feb 19, 2026 8:23:00 PM io.gapi.emulators.netty.HttpVersionRoutingHandler channelRead\nINFO: Detected non-HTTP/2 connection.\n"}}
[debug] [2026-02-20T01:23:05.546Z] Feb 19, 2026 8:23:05 PM io.gapi.emulators.netty.HttpVersionRoutingHandler channelRead
INFO: Detected non-HTTP/2 connection.
 {"metadata":{"emulator":{"name":"firestore"},"message":"Feb 19, 2026 8:23:05 PM io.gapi.emulators.netty.HttpVersionRoutingHandler channelRead\nINFO: Detected non-HTTP/2 connection.\n"}}
[debug] [2026-02-20T01:23:06.356Z] Feb 19, 2026 8:23:06 PM io.gapi.emulators.netty.HttpVersionRoutingHandler channelRead
INFO: Detected non-HTTP/2 connection.
 {"metadata":{"emulator":{"name":"firestore"},"message":"Feb 19, 2026 8:23:06 PM io.gapi.emulators.netty.HttpVersionRoutingHandler channelRead\nINFO: Detected non-HTTP/2 connection.\n"}}
[debug] [2026-02-20T01:23:12.222Z] Feb 19, 2026 8:23:12 PM io.gapi.emulators.netty.HttpVersionRoutingHandler channelRead
INFO: Detected non-HTTP/2 connection.
 {"metadata":{"emulator":{"name":"firestore"},"message":"Feb 19, 2026 8:23:12 PM io.gapi.emulators.netty.HttpVersionRoutingHandler channelRead\nINFO: Detected non-HTTP/2 connection.\n"}}
[debug] [2026-02-20T01:23:14.267Z] Feb 19, 2026 8:23:14 PM io.gapi.emulators.netty.HttpVersionRoutingHandler channelRead
INFO: Detected non-HTTP/2 connection.
 {"metadata":{"emulator":{"name":"firestore"},"message":"Feb 19, 2026 8:23:14 PM io.gapi.emulators.netty.HttpVersionRoutingHandler channelRead\nINFO: Detected non-HTTP/2 connection.\n"}}
[debug] [2026-02-20T01:23:15.502Z] Feb 19, 2026 8:23:15 PM io.gapi.emulators.netty.HttpVersionRoutingHandler channelRead
INFO: Detected non-HTTP/2 connection.
 {"metadata":{"emulator":{"name":"firestore"},"message":"Feb 19, 2026 8:23:15 PM io.gapi.emulators.netty.HttpVersionRoutingHandler channelRead\nINFO: Detected non-HTTP/2 connection.\n"}}
[debug] [2026-02-20T01:23:17.351Z] Feb 19, 2026 8:23:17 PM io.gapi.emulators.netty.HttpVersionRoutingHandler channelRead
INFO: Detected non-HTTP/2 connection.
 {"metadata":{"emulator":{"name":"firestore"},"message":"Feb 19, 2026 8:23:17 PM io.gapi.emulators.netty.HttpVersionRoutingHandler channelRead\nINFO: Detected non-HTTP/2 connection.\n"}}
[debug] [2026-02-20T01:23:19.634Z] Feb 19, 2026 8:23:19 PM io.gapi.emulators.netty.HttpVersionRoutingHandler channelRead
INFO: Detected non-HTTP/2 connection.
 {"metadata":{"emulator":{"name":"firestore"},"message":"Feb 19, 2026 8:23:19 PM io.gapi.emulators.netty.HttpVersionRoutingHandler channelRead\nINFO: Detected non-HTTP/2 connection.\n"}}
[debug] [2026-02-20T01:23:25.987Z] Feb 19, 2026 8:23:25 PM io.gapi.emulators.netty.HttpVersionRoutingHandler channelRead
INFO: Detected non-HTTP/2 connection.
 {"metadata":{"emulator":{"name":"firestore"},"message":"Feb 19, 2026 8:23:25 PM io.gapi.emulators.netty.HttpVersionRoutingHandler channelRead\nINFO: Detected non-HTTP/2 connection.\n"}}
[debug] [2026-02-20T01:23:27.446Z] Feb 19, 2026 8:23:27 PM io.gapi.emulators.netty.HttpVersionRoutingHandler channelRead
INFO: Detected non-HTTP/2 connection.
 {"metadata":{"emulator":{"name":"firestore"},"message":"Feb 19, 2026 8:23:27 PM io.gapi.emulators.netty.HttpVersionRoutingHandler channelRead\nINFO: Detected non-HTTP/2 connection.\n"}}
[debug] [2026-02-20T01:23:28.667Z] Feb 19, 2026 8:23:28 PM io.gapi.emulators.netty.HttpVersionRoutingHandler channelRead
INFO: Detected non-HTTP/2 connection.
 {"metadata":{"emulator":{"name":"firestore"},"message":"Feb 19, 2026 8:23:28 PM io.gapi.emulators.netty.HttpVersionRoutingHandler channelRead\nINFO: Detected non-HTTP/2 connection.\n"}}
[debug] [2026-02-20T01:23:30.635Z] Feb 19, 2026 8:23:30 PM io.gapi.emulators.netty.HttpVersionRoutingHandler channelRead
INFO: Detected non-HTTP/2 connection.
 {"metadata":{"emulator":{"name":"firestore"},"message":"Feb 19, 2026 8:23:30 PM io.gapi.emulators.netty.HttpVersionRoutingHandler channelRead\nINFO: Detected non-HTTP/2 connection.\n"}}
[debug] [2026-02-20T01:23:31.884Z] Feb 19, 2026 8:23:31 PM io.gapi.emulators.netty.HttpVersionRoutingHandler channelRead
INFO: Detected non-HTTP/2 connection.
 {"metadata":{"emulator":{"name":"firestore"},"message":"Feb 19, 2026 8:23:31 PM io.gapi.emulators.netty.HttpVersionRoutingHandler channelRead\nINFO: Detected non-HTTP/2 connection.\n"}}
[debug] [2026-02-20T01:23:40.114Z] Feb 19, 2026 8:23:40 PM io.gapi.emulators.netty.HttpVersionRoutingHandler channelRead
INFO: Detected non-HTTP/2 connection.
 {"metadata":{"emulator":{"name":"firestore"},"message":"Feb 19, 2026 8:23:40 PM io.gapi.emulators.netty.HttpVersionRoutingHandler channelRead\nINFO: Detected non-HTTP/2 connection.\n"}}
[debug] [2026-02-20T01:23:40.148Z] Feb 19, 2026 8:23:40 PM io.gapi.emulators.netty.HttpVersionRoutingHandler channelRead
INFO: Detected non-HTTP/2 connection.
 {"metadata":{"emulator":{"name":"firestore"},"message":"Feb 19, 2026 8:23:40 PM io.gapi.emulators.netty.HttpVersionRoutingHandler channelRead\nINFO: Detected non-HTTP/2 connection.\n"}}
[debug] [2026-02-20T01:24:10.170Z] Feb 19, 2026 8:24:10 PM io.gapi.emulators.netty.HttpVersionRoutingHandler channelRead
INFO: Detected non-HTTP/2 connection.
 {"metadata":{"emulator":{"name":"firestore"},"message":"Feb 19, 2026 8:24:10 PM io.gapi.emulators.netty.HttpVersionRoutingHandler channelRead\nINFO: Detected non-HTTP/2 connection.\n"}}
[debug] [2026-02-20T01:24:10.170Z] Feb 19, 2026 8:24:10 PM io.gapi.emulators.netty.HttpVersionRoutingHandler channelRead
INFO: Detected non-HTTP/2 connection.
Feb 19, 2026 8:24:10 PM io.gapi.emulators.netty.HttpVersionRoutingHandler channelRead
INFO: Detected non-HTTP/2 connection.
 {"metadata":{"emulator":{"name":"firestore"},"message":"Feb 19, 2026 8:24:10 PM io.gapi.emulators.netty.HttpVersionRoutingHandler channelRead\nINFO: Detected non-HTTP/2 connection.\nFeb 19, 2026 8:24:10 PM io.gapi.emulators.netty.HttpVersionRoutingHandler channelRead\nINFO: Detected non-HTTP/2 connection.\n"}}
[debug] [2026-02-20T01:24:40.167Z] Feb 19, 2026 8:24:40 PM io.gapi.emulators.netty.HttpVersionRoutingHandler channelRead
INFO: Detected non-HTTP/2 connection.
 {"metadata":{"emulator":{"name":"firestore"},"message":"Feb 19, 2026 8:24:40 PM io.gapi.emulators.netty.HttpVersionRoutingHandler channelRead\nINFO: Detected non-HTTP/2 connection.\n"}}
[debug] [2026-02-20T01:24:40.170Z] Feb 19, 2026 8:24:40 PM com.google.cloud.datastore.emulator.firestore.webchannel.FirestoreV1WebChannelAdapter$FirestoreWriteHandler onClose
INFO: channel closed
 {"metadata":{"emulator":{"name":"firestore"},"message":"Feb 19, 2026 8:24:40 PM com.google.cloud.datastore.emulator.firestore.webchannel.FirestoreV1WebChannelAdapter$FirestoreWriteHandler onClose\nINFO: channel closed\n"}}
[debug] [2026-02-20T01:24:42.712Z] Feb 19, 2026 8:24:42 PM io.gapi.emulators.netty.HttpVersionRoutingHandler channelRead
INFO: Detected non-HTTP/2 connection.
 {"metadata":{"emulator":{"name":"firestore"},"message":"Feb 19, 2026 8:24:42 PM io.gapi.emulators.netty.HttpVersionRoutingHandler channelRead\nINFO: Detected non-HTTP/2 connection.\n"}}
[debug] [2026-02-20T01:24:42.758Z] Feb 19, 2026 8:24:42 PM io.gapi.emulators.netty.HttpVersionRoutingHandler channelRead
INFO: Detected non-HTTP/2 connection.
 {"metadata":{"emulator":{"name":"firestore"},"message":"Feb 19, 2026 8:24:42 PM io.gapi.emulators.netty.HttpVersionRoutingHandler channelRead\nINFO: Detected non-HTTP/2 connection.\n"}}
[debug] [2026-02-20T01:24:42.778Z] Feb 19, 2026 8:24:42 PM io.gapi.emulators.netty.HttpVersionRoutingHandler channelRead
INFO: Detected non-HTTP/2 connection.
 {"metadata":{"emulator":{"name":"firestore"},"message":"Feb 19, 2026 8:24:42 PM io.gapi.emulators.netty.HttpVersionRoutingHandler channelRead\nINFO: Detected non-HTTP/2 connection.\n"}}
[debug] [2026-02-20T01:25:12.846Z] Feb 19, 2026 8:25:12 PM io.gapi.emulators.netty.HttpVersionRoutingHandler channelRead
INFO: Detected non-HTTP/2 connection.
Feb 19, 2026 8:25:12 PM io.gapi.emulators.netty.HttpVersionRoutingHandler channelRead
INFO: Detected non-HTTP/2 connection.
 {"metadata":{"emulator":{"name":"firestore"},"message":"Feb 19, 2026 8:25:12 PM io.gapi.emulators.netty.HttpVersionRoutingHandler channelRead\nINFO: Detected non-HTTP/2 connection.\nFeb 19, 2026 8:25:12 PM io.gapi.emulators.netty.HttpVersionRoutingHandler channelRead\nINFO: Detected non-HTTP/2 connection.\n"}}
[debug] [2026-02-20T01:25:42.844Z] Feb 19, 2026 8:25:42 PM io.gapi.emulators.netty.HttpVersionRoutingHandler channelRead
INFO: Detected non-HTTP/2 connection.
 {"metadata":{"emulator":{"name":"firestore"},"message":"Feb 19, 2026 8:25:42 PM io.gapi.emulators.netty.HttpVersionRoutingHandler channelRead\nINFO: Detected non-HTTP/2 connection.\n"}}
[debug] [2026-02-20T01:25:42.847Z] Feb 19, 2026 8:25:42 PM com.google.cloud.datastore.emulator.firestore.webchannel.FirestoreV1WebChannelAdapter$FirestoreWriteHandler onClose
INFO: channel closed
 {"metadata":{"emulator":{"name":"firestore"},"message":"Feb 19, 2026 8:25:42 PM com.google.cloud.datastore.emulator.firestore.webchannel.FirestoreV1WebChannelAdapter$FirestoreWriteHandler onClose\nINFO: channel closed\n"}}
[debug] [2026-02-20T01:25:58.210Z] Feb 19, 2026 8:25:58 PM io.gapi.emulators.netty.HttpVersionRoutingHandler channelRead
INFO: Detected non-HTTP/2 connection.
 {"metadata":{"emulator":{"name":"firestore"},"message":"Feb 19, 2026 8:25:58 PM io.gapi.emulators.netty.HttpVersionRoutingHandler channelRead\nINFO: Detected non-HTTP/2 connection.\n"}}
[debug] [2026-02-20T01:26:12.853Z] Feb 19, 2026 8:26:12 PM io.gapi.emulators.netty.HttpVersionRoutingHandler channelRead
INFO: Detected non-HTTP/2 connection.
 {"metadata":{"emulator":{"name":"firestore"},"message":"Feb 19, 2026 8:26:12 PM io.gapi.emulators.netty.HttpVersionRoutingHandler channelRead\nINFO: Detected non-HTTP/2 connection.\n"}}
[debug] [2026-02-20T01:26:58.229Z] Feb 19, 2026 8:26:58 PM io.gapi.emulators.netty.HttpVersionRoutingHandler channelRead
INFO: Detected non-HTTP/2 connection.
 {"metadata":{"emulator":{"name":"firestore"},"message":"Feb 19, 2026 8:26:58 PM io.gapi.emulators.netty.HttpVersionRoutingHandler channelRead\nINFO: Detected non-HTTP/2 connection.\n"}}
[debug] [2026-02-20T01:27:12.869Z] Feb 19, 2026 8:27:12 PM io.gapi.emulators.netty.HttpVersionRoutingHandler channelRead
INFO: Detected non-HTTP/2 connection.
 {"metadata":{"emulator":{"name":"firestore"},"message":"Feb 19, 2026 8:27:12 PM io.gapi.emulators.netty.HttpVersionRoutingHandler channelRead\nINFO: Detected non-HTTP/2 connection.\n"}}
[debug] [2026-02-20T01:27:58.244Z] Feb 19, 2026 8:27:58 PM io.gapi.emulators.netty.HttpVersionRoutingHandler channelRead
INFO: Detected non-HTTP/2 connection.
 {"metadata":{"emulator":{"name":"firestore"},"message":"Feb 19, 2026 8:27:58 PM io.gapi.emulators.netty.HttpVersionRoutingHandler channelRead\nINFO: Detected non-HTTP/2 connection.\n"}}
[debug] [2026-02-20T01:28:12.883Z] Feb 19, 2026 8:28:12 PM io.gapi.emulators.netty.HttpVersionRoutingHandler channelRead
INFO: Detected non-HTTP/2 connection.
 {"metadata":{"emulator":{"name":"firestore"},"message":"Feb 19, 2026 8:28:12 PM io.gapi.emulators.netty.HttpVersionRoutingHandler channelRead\nINFO: Detected non-HTTP/2 connection.\n"}}
[debug] [2026-02-20T01:28:58.259Z] Feb 19, 2026 8:28:58 PM io.gapi.emulators.netty.HttpVersionRoutingHandler channelRead
INFO: Detected non-HTTP/2 connection.
 {"metadata":{"emulator":{"name":"firestore"},"message":"Feb 19, 2026 8:28:58 PM io.gapi.emulators.netty.HttpVersionRoutingHandler channelRead\nINFO: Detected non-HTTP/2 connection.\n"}}
[debug] [2026-02-20T01:29:12.892Z] Feb 19, 2026 8:29:12 PM io.gapi.emulators.netty.HttpVersionRoutingHandler channelRead
INFO: Detected non-HTTP/2 connection.
 {"metadata":{"emulator":{"name":"firestore"},"message":"Feb 19, 2026 8:29:12 PM io.gapi.emulators.netty.HttpVersionRoutingHandler channelRead\nINFO: Detected non-HTTP/2 connection.\n"}}
[debug] [2026-02-20T01:29:44.210Z] Feb 19, 2026 8:29:44 PM io.gapi.emulators.netty.HttpVersionRoutingHandler channelRead
INFO: Detected non-HTTP/2 connection.
 {"metadata":{"emulator":{"name":"firestore"},"message":"Feb 19, 2026 8:29:44 PM io.gapi.emulators.netty.HttpVersionRoutingHandler channelRead\nINFO: Detected non-HTTP/2 connection.\n"}}
[debug] [2026-02-20T01:29:53.317Z] Feb 19, 2026 8:29:53 PM io.gapi.emulators.netty.HttpVersionRoutingHandler channelRead
INFO: Detected non-HTTP/2 connection.
 {"metadata":{"emulator":{"name":"firestore"},"message":"Feb 19, 2026 8:29:53 PM io.gapi.emulators.netty.HttpVersionRoutingHandler channelRead\nINFO: Detected non-HTTP/2 connection.\n"}}
[debug] [2026-02-20T01:29:53.427Z] Feb 19, 2026 8:29:53 PM io.gapi.emulators.netty.HttpVersionRoutingHandler channelRead
INFO: Detected non-HTTP/2 connection.
 {"metadata":{"emulator":{"name":"firestore"},"message":"Feb 19, 2026 8:29:53 PM io.gapi.emulators.netty.HttpVersionRoutingHandler channelRead\nINFO: Detected non-HTTP/2 connection.\n"}}
[debug] [2026-02-20T01:29:53.431Z] Feb 19, 2026 8:29:53 PM io.gapi.emulators.netty.HttpVersionRoutingHandler channelRead
INFO: Detected non-HTTP/2 connection.
 {"metadata":{"emulator":{"name":"firestore"},"message":"Feb 19, 2026 8:29:53 PM io.gapi.emulators.netty.HttpVersionRoutingHandler channelRead\nINFO: Detected non-HTTP/2 connection.\n"}}
[debug] [2026-02-20T01:30:07.067Z] Feb 19, 2026 8:30:07 PM io.gapi.emulators.netty.HttpVersionRoutingHandler channelRead
INFO: Detected non-HTTP/2 connection.
 {"metadata":{"emulator":{"name":"firestore"},"message":"Feb 19, 2026 8:30:07 PM io.gapi.emulators.netty.HttpVersionRoutingHandler channelRead\nINFO: Detected non-HTTP/2 connection.\n"}}
[debug] [2026-02-20T01:30:07.127Z] Feb 19, 2026 8:30:07 PM io.gapi.emulators.netty.HttpVersionRoutingHandler channelRead
INFO: Detected non-HTTP/2 connection.
 {"metadata":{"emulator":{"name":"firestore"},"message":"Feb 19, 2026 8:30:07 PM io.gapi.emulators.netty.HttpVersionRoutingHandler channelRead\nINFO: Detected non-HTTP/2 connection.\n"}}
[debug] [2026-02-20T01:30:07.128Z] Feb 19, 2026 8:30:07 PM io.gapi.emulators.netty.HttpVersionRoutingHandler channelRead
INFO: Detected non-HTTP/2 connection.
 {"metadata":{"emulator":{"name":"firestore"},"message":"Feb 19, 2026 8:30:07 PM io.gapi.emulators.netty.HttpVersionRoutingHandler channelRead\nINFO: Detected non-HTTP/2 connection.\n"}}
[debug] [2026-02-20T01:30:13.420Z] Feb 19, 2026 8:30:13 PM io.gapi.emulators.netty.HttpVersionRoutingHandler channelRead
INFO: Detected non-HTTP/2 connection.
 {"metadata":{"emulator":{"name":"firestore"},"message":"Feb 19, 2026 8:30:13 PM io.gapi.emulators.netty.HttpVersionRoutingHandler channelRead\nINFO: Detected non-HTTP/2 connection.\n"}}
[debug] [2026-02-20T01:30:13.424Z] Feb 19, 2026 8:30:13 PM io.gapi.emulators.netty.HttpVersionRoutingHandler channelRead
INFO: Detected non-HTTP/2 connection.
Feb 19, 2026 8:30:13 PM io.gapi.emulators.netty.HttpVersionRoutingHandler channelRead
INFO: Detected non-HTTP/2 connection.
 {"metadata":{"emulator":{"name":"firestore"},"message":"Feb 19, 2026 8:30:13 PM io.gapi.emulators.netty.HttpVersionRoutingHandler channelRead\nINFO: Detected non-HTTP/2 connection.\nFeb 19, 2026 8:30:13 PM io.gapi.emulators.netty.HttpVersionRoutingHandler channelRead\nINFO: Detected non-HTTP/2 connection.\n"}}
[debug] [2026-02-20T01:30:29.536Z] Feb 19, 2026 8:30:29 PM io.gapi.emulators.netty.HttpVersionRoutingHandler channelRead
INFO: Detected non-HTTP/2 connection.
 {"metadata":{"emulator":{"name":"firestore"},"message":"Feb 19, 2026 8:30:29 PM io.gapi.emulators.netty.HttpVersionRoutingHandler channelRead\nINFO: Detected non-HTTP/2 connection.\n"}}
[debug] [2026-02-20T01:30:29.564Z] Feb 19, 2026 8:30:29 PM io.gapi.emulators.netty.HttpVersionRoutingHandler channelRead
INFO: Detected non-HTTP/2 connection.
 {"metadata":{"emulator":{"name":"firestore"},"message":"Feb 19, 2026 8:30:29 PM io.gapi.emulators.netty.HttpVersionRoutingHandler channelRead\nINFO: Detected non-HTTP/2 connection.\n"}}
[debug] [2026-02-20T01:30:31.271Z] Feb 19, 2026 8:30:31 PM io.gapi.emulators.netty.HttpVersionRoutingHandler channelRead
INFO: Detected non-HTTP/2 connection.
 {"metadata":{"emulator":{"name":"firestore"},"message":"Feb 19, 2026 8:30:31 PM io.gapi.emulators.netty.HttpVersionRoutingHandler channelRead\nINFO: Detected non-HTTP/2 connection.\n"}}
[debug] [2026-02-20T01:30:32.449Z] Feb 19, 2026 8:30:32 PM io.gapi.emulators.netty.HttpVersionRoutingHandler channelRead
INFO: Detected non-HTTP/2 connection.
 {"metadata":{"emulator":{"name":"firestore"},"message":"Feb 19, 2026 8:30:32 PM io.gapi.emulators.netty.HttpVersionRoutingHandler channelRead\nINFO: Detected non-HTTP/2 connection.\n"}}
[debug] [2026-02-20T01:30:33.393Z] Feb 19, 2026 8:30:33 PM io.gapi.emulators.netty.HttpVersionRoutingHandler channelRead
INFO: Detected non-HTTP/2 connection.
 {"metadata":{"emulator":{"name":"firestore"},"message":"Feb 19, 2026 8:30:33 PM io.gapi.emulators.netty.HttpVersionRoutingHandler channelRead\nINFO: Detected non-HTTP/2 connection.\n"}}
[debug] [2026-02-20T01:30:35.352Z] Feb 19, 2026 8:30:35 PM io.gapi.emulators.netty.HttpVersionRoutingHandler channelRead
INFO: Detected non-HTTP/2 connection.
 {"metadata":{"emulator":{"name":"firestore"},"message":"Feb 19, 2026 8:30:35 PM io.gapi.emulators.netty.HttpVersionRoutingHandler channelRead\nINFO: Detected non-HTTP/2 connection.\n"}}
[debug] [2026-02-20T01:30:36.545Z] Feb 19, 2026 8:30:36 PM io.gapi.emulators.netty.HttpVersionRoutingHandler channelRead
INFO: Detected non-HTTP/2 connection.
 {"metadata":{"emulator":{"name":"firestore"},"message":"Feb 19, 2026 8:30:36 PM io.gapi.emulators.netty.HttpVersionRoutingHandler channelRead\nINFO: Detected non-HTTP/2 connection.\n"}}
[debug] [2026-02-20T01:30:42.534Z] Feb 19, 2026 8:30:42 PM io.gapi.emulators.netty.HttpVersionRoutingHandler channelRead
INFO: Detected non-HTTP/2 connection.
 {"metadata":{"emulator":{"name":"firestore"},"message":"Feb 19, 2026 8:30:42 PM io.gapi.emulators.netty.HttpVersionRoutingHandler channelRead\nINFO: Detected non-HTTP/2 connection.\n"}}
[debug] [2026-02-20T01:30:56.275Z] Feb 19, 2026 8:30:56 PM io.gapi.emulators.netty.HttpVersionRoutingHandler channelRead
INFO: Detected non-HTTP/2 connection.
 {"metadata":{"emulator":{"name":"firestore"},"message":"Feb 19, 2026 8:30:56 PM io.gapi.emulators.netty.HttpVersionRoutingHandler channelRead\nINFO: Detected non-HTTP/2 connection.\n"}}
[debug] [2026-02-20T01:30:56.285Z] Feb 19, 2026 8:30:56 PM io.gapi.emulators.netty.HttpVersionRoutingHandler channelRead
INFO: Detected non-HTTP/2 connection.
 {"metadata":{"emulator":{"name":"firestore"},"message":"Feb 19, 2026 8:30:56 PM io.gapi.emulators.netty.HttpVersionRoutingHandler channelRead\nINFO: Detected non-HTTP/2 connection.\n"}}
[debug] [2026-02-20T01:30:56.290Z] Feb 19, 2026 8:30:56 PM io.gapi.emulators.netty.HttpVersionRoutingHandler channelRead
INFO: Detected non-HTTP/2 connection.
 {"metadata":{"emulator":{"name":"firestore"},"message":"Feb 19, 2026 8:30:56 PM io.gapi.emulators.netty.HttpVersionRoutingHandler channelRead\nINFO: Detected non-HTTP/2 connection.\n"}}
[debug] [2026-02-20T01:30:56.291Z] Feb 19, 2026 8:30:56 PM io.gapi.emulators.netty.HttpVersionRoutingHandler channelRead
INFO: Detected non-HTTP/2 connection.
 {"metadata":{"emulator":{"name":"firestore"},"message":"Feb 19, 2026 8:30:56 PM io.gapi.emulators.netty.HttpVersionRoutingHandler channelRead\nINFO: Detected non-HTTP/2 connection.\n"}}
[debug] [2026-02-20T01:30:56.308Z] Feb 19, 2026 8:30:56 PM io.gapi.emulators.netty.HttpVersionRoutingHandler channelRead
INFO: Detected non-HTTP/2 connection.
 {"metadata":{"emulator":{"name":"firestore"},"message":"Feb 19, 2026 8:30:56 PM io.gapi.emulators.netty.HttpVersionRoutingHandler channelRead\nINFO: Detected non-HTTP/2 connection.\n"}}
[debug] [2026-02-20T01:30:56.309Z] Feb 19, 2026 8:30:56 PM io.gapi.emulators.netty.HttpVersionRoutingHandler channelRead
INFO: Detected non-HTTP/2 connection.
 {"metadata":{"emulator":{"name":"firestore"},"message":"Feb 19, 2026 8:30:56 PM io.gapi.emulators.netty.HttpVersionRoutingHandler channelRead\nINFO: Detected non-HTTP/2 connection.\n"}}
[debug] [2026-02-20T01:30:56.310Z] Feb 19, 2026 8:30:56 PM io.gapi.emulators.netty.HttpVersionRoutingHandler channelRead
INFO: Detected non-HTTP/2 connection.
 {"metadata":{"emulator":{"name":"firestore"},"message":"Feb 19, 2026 8:30:56 PM io.gapi.emulators.netty.HttpVersionRoutingHandler channelRead\nINFO: Detected non-HTTP/2 connection.\n"}}
[debug] [2026-02-20T01:30:56.311Z] Feb 19, 2026 8:30:56 PM com.google.cloud.datastore.emulator.firestore.webchannel.FirestoreV1WebChannelAdapter$FirestoreWriteHandler onClose
INFO: channel closed
 {"metadata":{"emulator":{"name":"firestore"},"message":"Feb 19, 2026 8:30:56 PM com.google.cloud.datastore.emulator.firestore.webchannel.FirestoreV1WebChannelAdapter$FirestoreWriteHandler onClose\nINFO: channel closed\n"}}
[debug] [2026-02-20T01:30:56.312Z] Feb 19, 2026 8:30:56 PM com.google.cloud.datastore.emulator.firestore.webchannel.FirestoreV1WebChannelAdapter$FirestoreListenHandler onClose
INFO: channel closed
 {"metadata":{"emulator":{"name":"firestore"},"message":"Feb 19, 2026 8:30:56 PM com.google.cloud.datastore.emulator.firestore.webchannel.FirestoreV1WebChannelAdapter$FirestoreListenHandler onClose\nINFO: channel closed\n"}}
[debug] [2026-02-20T01:31:06.601Z] Feb 19, 2026 8:31:06 PM io.gapi.emulators.netty.HttpVersionRoutingHandler channelRead
INFO: Detected non-HTTP/2 connection.
 {"metadata":{"emulator":{"name":"firestore"},"message":"Feb 19, 2026 8:31:06 PM io.gapi.emulators.netty.HttpVersionRoutingHandler channelRead\nINFO: Detected non-HTTP/2 connection.\n"}}
[debug] [2026-02-20T01:31:06.622Z] Feb 19, 2026 8:31:06 PM io.gapi.emulators.netty.HttpVersionRoutingHandler channelRead
INFO: Detected non-HTTP/2 connection.
 {"metadata":{"emulator":{"name":"firestore"},"message":"Feb 19, 2026 8:31:06 PM io.gapi.emulators.netty.HttpVersionRoutingHandler channelRead\nINFO: Detected non-HTTP/2 connection.\n"}}
[debug] [2026-02-20T01:31:06.639Z] Feb 19, 2026 8:31:06 PM io.gapi.emulators.netty.HttpVersionRoutingHandler channelRead
INFO: Detected non-HTTP/2 connection.
 {"metadata":{"emulator":{"name":"firestore"},"message":"Feb 19, 2026 8:31:06 PM io.gapi.emulators.netty.HttpVersionRoutingHandler channelRead\nINFO: Detected non-HTTP/2 connection.\n"}}
[debug] [2026-02-20T01:31:06.646Z] Feb 19, 2026 8:31:06 PM io.gapi.emulators.netty.HttpVersionRoutingHandler channelRead
INFO: Detected non-HTTP/2 connection.
 {"metadata":{"emulator":{"name":"firestore"},"message":"Feb 19, 2026 8:31:06 PM io.gapi.emulators.netty.HttpVersionRoutingHandler channelRead\nINFO: Detected non-HTTP/2 connection.\n"}}
[debug] [2026-02-20T01:31:06.713Z] Feb 19, 2026 8:31:06 PM io.gapi.emulators.netty.HttpVersionRoutingHandler channelRead
INFO: Detected non-HTTP/2 connection.
 {"metadata":{"emulator":{"name":"firestore"},"message":"Feb 19, 2026 8:31:06 PM io.gapi.emulators.netty.HttpVersionRoutingHandler channelRead\nINFO: Detected non-HTTP/2 connection.\n"}}
[debug] [2026-02-20T01:31:06.721Z] Feb 19, 2026 8:31:06 PM io.gapi.emulators.netty.HttpVersionRoutingHandler channelRead
INFO: Detected non-HTTP/2 connection.
 {"metadata":{"emulator":{"name":"firestore"},"message":"Feb 19, 2026 8:31:06 PM io.gapi.emulators.netty.HttpVersionRoutingHandler channelRead\nINFO: Detected non-HTTP/2 connection.\n"}}
[debug] [2026-02-20T01:31:06.734Z] Feb 19, 2026 8:31:06 PM io.gapi.emulators.netty.HttpVersionRoutingHandler channelRead
INFO: Detected non-HTTP/2 connection.
 {"metadata":{"emulator":{"name":"firestore"},"message":"Feb 19, 2026 8:31:06 PM io.gapi.emulators.netty.HttpVersionRoutingHandler channelRead\nINFO: Detected non-HTTP/2 connection.\n"}}
[debug] [2026-02-20T01:31:06.837Z] Feb 19, 2026 8:31:06 PM io.gapi.emulators.netty.HttpVersionRoutingHandler channelRead
INFO: Detected non-HTTP/2 connection.
 {"metadata":{"emulator":{"name":"firestore"},"message":"Feb 19, 2026 8:31:06 PM io.gapi.emulators.netty.HttpVersionRoutingHandler channelRead\nINFO: Detected non-HTTP/2 connection.\n"}}
[debug] [2026-02-20T01:31:08.365Z] Feb 19, 2026 8:31:08 PM io.gapi.emulators.netty.HttpVersionRoutingHandler channelRead
INFO: Detected non-HTTP/2 connection.
 {"metadata":{"emulator":{"name":"firestore"},"message":"Feb 19, 2026 8:31:08 PM io.gapi.emulators.netty.HttpVersionRoutingHandler channelRead\nINFO: Detected non-HTTP/2 connection.\n"}}
[debug] [2026-02-20T01:31:15.918Z] Feb 19, 2026 8:31:15 PM io.gapi.emulators.netty.HttpVersionRoutingHandler channelRead
INFO: Detected non-HTTP/2 connection.
 {"metadata":{"emulator":{"name":"firestore"},"message":"Feb 19, 2026 8:31:15 PM io.gapi.emulators.netty.HttpVersionRoutingHandler channelRead\nINFO: Detected non-HTTP/2 connection.\n"}}
[debug] [2026-02-20T01:31:15.918Z] Feb 19, 2026 8:31:15 PM io.gapi.emulators.netty.HttpVersionRoutingHandler channelRead
INFO: Detected non-HTTP/2 connection.
 {"metadata":{"emulator":{"name":"firestore"},"message":"Feb 19, 2026 8:31:15 PM io.gapi.emulators.netty.HttpVersionRoutingHandler channelRead\nINFO: Detected non-HTTP/2 connection.\n"}}
[debug] [2026-02-20T01:31:34.666Z] Feb 19, 2026 8:31:34 PM io.gapi.emulators.netty.HttpVersionRoutingHandler channelRead
INFO: Detected non-HTTP/2 connection.
 {"metadata":{"emulator":{"name":"firestore"},"message":"Feb 19, 2026 8:31:34 PM io.gapi.emulators.netty.HttpVersionRoutingHandler channelRead\nINFO: Detected non-HTTP/2 connection.\n"}}
[debug] [2026-02-20T01:31:34.677Z] Feb 19, 2026 8:31:34 PM io.gapi.emulators.netty.HttpVersionRoutingHandler channelRead
INFO: Detected non-HTTP/2 connection.
 {"metadata":{"emulator":{"name":"firestore"},"message":"Feb 19, 2026 8:31:34 PM io.gapi.emulators.netty.HttpVersionRoutingHandler channelRead\nINFO: Detected non-HTTP/2 connection.\n"}}
[debug] [2026-02-20T01:31:35.349Z] Feb 19, 2026 8:31:35 PM io.gapi.emulators.netty.HttpVersionRoutingHandler channelRead
INFO: Detected non-HTTP/2 connection.
 {"metadata":{"emulator":{"name":"firestore"},"message":"Feb 19, 2026 8:31:35 PM io.gapi.emulators.netty.HttpVersionRoutingHandler channelRead\nINFO: Detected non-HTTP/2 connection.\n"}}
[debug] [2026-02-20T01:31:49.028Z] Feb 19, 2026 8:31:49 PM io.gapi.emulators.netty.HttpVersionRoutingHandler channelRead
INFO: Detected non-HTTP/2 connection.
 {"metadata":{"emulator":{"name":"firestore"},"message":"Feb 19, 2026 8:31:49 PM io.gapi.emulators.netty.HttpVersionRoutingHandler channelRead\nINFO: Detected non-HTTP/2 connection.\n"}}
[debug] [2026-02-20T01:31:50.231Z] Feb 19, 2026 8:31:50 PM io.gapi.emulators.netty.HttpVersionRoutingHandler channelRead
INFO: Detected non-HTTP/2 connection.
 {"metadata":{"emulator":{"name":"firestore"},"message":"Feb 19, 2026 8:31:50 PM io.gapi.emulators.netty.HttpVersionRoutingHandler channelRead\nINFO: Detected non-HTTP/2 connection.\n"}}
[debug] [2026-02-20T01:31:53.525Z] Feb 19, 2026 8:31:53 PM io.gapi.emulators.netty.HttpVersionRoutingHandler channelRead
INFO: Detected non-HTTP/2 connection.
 {"metadata":{"emulator":{"name":"firestore"},"message":"Feb 19, 2026 8:31:53 PM io.gapi.emulators.netty.HttpVersionRoutingHandler channelRead\nINFO: Detected non-HTTP/2 connection.\n"}}
[debug] [2026-02-20T01:31:53.555Z] Feb 19, 2026 8:31:53 PM io.gapi.emulators.netty.HttpVersionRoutingHandler channelRead
INFO: Detected non-HTTP/2 connection.
 {"metadata":{"emulator":{"name":"firestore"},"message":"Feb 19, 2026 8:31:53 PM io.gapi.emulators.netty.HttpVersionRoutingHandler channelRead\nINFO: Detected non-HTTP/2 connection.\n"}}
[debug] [2026-02-20T01:31:53.556Z] Feb 19, 2026 8:31:53 PM io.gapi.emulators.netty.HttpVersionRoutingHandler channelRead
INFO: Detected non-HTTP/2 connection.
 {"metadata":{"emulator":{"name":"firestore"},"message":"Feb 19, 2026 8:31:53 PM io.gapi.emulators.netty.HttpVersionRoutingHandler channelRead\nINFO: Detected non-HTTP/2 connection.\n"}}
[debug] [2026-02-20T01:31:56.191Z] Feb 19, 2026 8:31:56 PM io.gapi.emulators.netty.HttpVersionRoutingHandler channelRead
INFO: Detected non-HTTP/2 connection.
 {"metadata":{"emulator":{"name":"firestore"},"message":"Feb 19, 2026 8:31:56 PM io.gapi.emulators.netty.HttpVersionRoutingHandler channelRead\nINFO: Detected non-HTTP/2 connection.\n"}}
[debug] [2026-02-20T01:32:00.417Z] Feb 19, 2026 8:32:00 PM io.gapi.emulators.netty.HttpVersionRoutingHandler channelRead
INFO: Detected non-HTTP/2 connection.
 {"metadata":{"emulator":{"name":"firestore"},"message":"Feb 19, 2026 8:32:00 PM io.gapi.emulators.netty.HttpVersionRoutingHandler channelRead\nINFO: Detected non-HTTP/2 connection.\n"}}
[debug] [2026-02-20T01:32:03.000Z] Feb 19, 2026 8:32:03 PM io.gapi.emulators.netty.HttpVersionRoutingHandler channelRead
INFO: Detected non-HTTP/2 connection.
 {"metadata":{"emulator":{"name":"firestore"},"message":"Feb 19, 2026 8:32:03 PM io.gapi.emulators.netty.HttpVersionRoutingHandler channelRead\nINFO: Detected non-HTTP/2 connection.\n"}}
[debug] [2026-02-20T01:32:06.051Z] Feb 19, 2026 8:32:06 PM io.gapi.emulators.netty.HttpVersionRoutingHandler channelRead
INFO: Detected non-HTTP/2 connection.
 {"metadata":{"emulator":{"name":"firestore"},"message":"Feb 19, 2026 8:32:06 PM io.gapi.emulators.netty.HttpVersionRoutingHandler channelRead\nINFO: Detected non-HTTP/2 connection.\n"}}
[debug] [2026-02-20T01:32:09.324Z] Feb 19, 2026 8:32:09 PM io.gapi.emulators.netty.HttpVersionRoutingHandler channelRead
INFO: Detected non-HTTP/2 connection.
 {"metadata":{"emulator":{"name":"firestore"},"message":"Feb 19, 2026 8:32:09 PM io.gapi.emulators.netty.HttpVersionRoutingHandler channelRead\nINFO: Detected non-HTTP/2 connection.\n"}}
[debug] [2026-02-20T01:32:15.347Z] Feb 19, 2026 8:32:15 PM io.gapi.emulators.netty.HttpVersionRoutingHandler channelRead
INFO: Detected non-HTTP/2 connection.
 {"metadata":{"emulator":{"name":"firestore"},"message":"Feb 19, 2026 8:32:15 PM io.gapi.emulators.netty.HttpVersionRoutingHandler channelRead\nINFO: Detected non-HTTP/2 connection.\n"}}
[debug] [2026-02-20T01:32:24.890Z] Feb 19, 2026 8:32:24 PM io.gapi.emulators.netty.HttpVersionRoutingHandler channelRead
INFO: Detected non-HTTP/2 connection.
 {"metadata":{"emulator":{"name":"firestore"},"message":"Feb 19, 2026 8:32:24 PM io.gapi.emulators.netty.HttpVersionRoutingHandler channelRead\nINFO: Detected non-HTTP/2 connection.\n"}}
[debug] [2026-02-20T01:32:24.898Z] Feb 19, 2026 8:32:24 PM io.gapi.emulators.netty.HttpVersionRoutingHandler channelRead
INFO: Detected non-HTTP/2 connection.
 {"metadata":{"emulator":{"name":"firestore"},"message":"Feb 19, 2026 8:32:24 PM io.gapi.emulators.netty.HttpVersionRoutingHandler channelRead\nINFO: Detected non-HTTP/2 connection.\n"}}
[debug] [2026-02-20T01:32:30.950Z] Feb 19, 2026 8:32:30 PM io.gapi.emulators.netty.HttpVersionRoutingHandler channelRead
INFO: Detected non-HTTP/2 connection.
 {"metadata":{"emulator":{"name":"firestore"},"message":"Feb 19, 2026 8:32:30 PM io.gapi.emulators.netty.HttpVersionRoutingHandler channelRead\nINFO: Detected non-HTTP/2 connection.\n"}}
[debug] [2026-02-20T01:32:33.720Z] Feb 19, 2026 8:32:33 PM io.gapi.emulators.netty.HttpVersionRoutingHandler channelRead
INFO: Detected non-HTTP/2 connection.
 {"metadata":{"emulator":{"name":"firestore"},"message":"Feb 19, 2026 8:32:33 PM io.gapi.emulators.netty.HttpVersionRoutingHandler channelRead\nINFO: Detected non-HTTP/2 connection.\n"}}
[debug] [2026-02-20T01:32:37.825Z] Feb 19, 2026 8:32:37 PM io.gapi.emulators.netty.HttpVersionRoutingHandler channelRead
INFO: Detected non-HTTP/2 connection.
 {"metadata":{"emulator":{"name":"firestore"},"message":"Feb 19, 2026 8:32:37 PM io.gapi.emulators.netty.HttpVersionRoutingHandler channelRead\nINFO: Detected non-HTTP/2 connection.\n"}}
[debug] [2026-02-20T01:32:39.762Z] Feb 19, 2026 8:32:39 PM io.gapi.emulators.netty.HttpVersionRoutingHandler channelRead
INFO: Detected non-HTTP/2 connection.
 {"metadata":{"emulator":{"name":"firestore"},"message":"Feb 19, 2026 8:32:39 PM io.gapi.emulators.netty.HttpVersionRoutingHandler channelRead\nINFO: Detected non-HTTP/2 connection.\n"}}
[debug] [2026-02-20T01:32:39.784Z] Feb 19, 2026 8:32:39 PM io.gapi.emulators.netty.HttpVersionRoutingHandler channelRead
INFO: Detected non-HTTP/2 connection.
 {"metadata":{"emulator":{"name":"firestore"},"message":"Feb 19, 2026 8:32:39 PM io.gapi.emulators.netty.HttpVersionRoutingHandler channelRead\nINFO: Detected non-HTTP/2 connection.\n"}}
[debug] [2026-02-20T01:32:39.787Z] Feb 19, 2026 8:32:39 PM io.gapi.emulators.netty.HttpVersionRoutingHandler channelRead
INFO: Detected non-HTTP/2 connection.
 {"metadata":{"emulator":{"name":"firestore"},"message":"Feb 19, 2026 8:32:39 PM io.gapi.emulators.netty.HttpVersionRoutingHandler channelRead\nINFO: Detected non-HTTP/2 connection.\n"}}
[debug] [2026-02-20T01:32:51.209Z] Feb 19, 2026 8:32:51 PM io.gapi.emulators.netty.HttpVersionRoutingHandler channelRead
INFO: Detected non-HTTP/2 connection.
 {"metadata":{"emulator":{"name":"firestore"},"message":"Feb 19, 2026 8:32:51 PM io.gapi.emulators.netty.HttpVersionRoutingHandler channelRead\nINFO: Detected non-HTTP/2 connection.\n"}}
[debug] [2026-02-20T01:32:55.570Z] Feb 19, 2026 8:32:55 PM io.gapi.emulators.netty.HttpVersionRoutingHandler channelRead
INFO: Detected non-HTTP/2 connection.
 {"metadata":{"emulator":{"name":"firestore"},"message":"Feb 19, 2026 8:32:55 PM io.gapi.emulators.netty.HttpVersionRoutingHandler channelRead\nINFO: Detected non-HTTP/2 connection.\n"}}
[debug] [2026-02-20T01:32:59.258Z] Feb 19, 2026 8:32:59 PM io.gapi.emulators.netty.HttpVersionRoutingHandler channelRead
INFO: Detected non-HTTP/2 connection.
 {"metadata":{"emulator":{"name":"firestore"},"message":"Feb 19, 2026 8:32:59 PM io.gapi.emulators.netty.HttpVersionRoutingHandler channelRead\nINFO: Detected non-HTTP/2 connection.\n"}}
[debug] [2026-02-20T01:32:59.333Z] Feb 19, 2026 8:32:59 PM io.gapi.emulators.netty.HttpVersionRoutingHandler channelRead
INFO: Detected non-HTTP/2 connection.
 {"metadata":{"emulator":{"name":"firestore"},"message":"Feb 19, 2026 8:32:59 PM io.gapi.emulators.netty.HttpVersionRoutingHandler channelRead\nINFO: Detected non-HTTP/2 connection.\n"}}
[debug] [2026-02-20T01:33:20.195Z] Feb 19, 2026 8:33:20 PM io.gapi.emulators.netty.HttpVersionRoutingHandler channelRead
INFO: Detected non-HTTP/2 connection.
 {"metadata":{"emulator":{"name":"firestore"},"message":"Feb 19, 2026 8:33:20 PM io.gapi.emulators.netty.HttpVersionRoutingHandler channelRead\nINFO: Detected non-HTTP/2 connection.\n"}}
[debug] [2026-02-20T01:33:20.208Z] Feb 19, 2026 8:33:20 PM io.gapi.emulators.netty.HttpVersionRoutingHandler channelRead
INFO: Detected non-HTTP/2 connection.
 {"metadata":{"emulator":{"name":"firestore"},"message":"Feb 19, 2026 8:33:20 PM io.gapi.emulators.netty.HttpVersionRoutingHandler channelRead\nINFO: Detected non-HTTP/2 connection.\n"}}
[debug] [2026-02-20T01:33:20.214Z] Feb 19, 2026 8:33:20 PM io.gapi.emulators.netty.HttpVersionRoutingHandler channelRead
INFO: Detected non-HTTP/2 connection.
 {"metadata":{"emulator":{"name":"firestore"},"message":"Feb 19, 2026 8:33:20 PM io.gapi.emulators.netty.HttpVersionRoutingHandler channelRead\nINFO: Detected non-HTTP/2 connection.\n"}}
[debug] [2026-02-20T01:33:20.214Z] Feb 19, 2026 8:33:20 PM io.gapi.emulators.netty.HttpVersionRoutingHandler channelRead
INFO: Detected non-HTTP/2 connection.
 {"metadata":{"emulator":{"name":"firestore"},"message":"Feb 19, 2026 8:33:20 PM io.gapi.emulators.netty.HttpVersionRoutingHandler channelRead\nINFO: Detected non-HTTP/2 connection.\n"}}
[debug] [2026-02-20T01:33:20.216Z] Feb 19, 2026 8:33:20 PM com.google.cloud.datastore.emulator.firestore.webchannel.FirestoreV1WebChannelAdapter$FirestoreWriteHandler onClose
INFO: channel closed
Feb 19, 2026 8:33:20 PM com.google.cloud.datastore.emulator.firestore.webchannel.FirestoreV1WebChannelAdapter$FirestoreListenHandler onClose
INFO: channel closed
 {"metadata":{"emulator":{"name":"firestore"},"message":"Feb 19, 2026 8:33:20 PM com.google.cloud.datastore.emulator.firestore.webchannel.FirestoreV1WebChannelAdapter$FirestoreWriteHandler onClose\nINFO: channel closed\nFeb 19, 2026 8:33:20 PM com.google.cloud.datastore.emulator.firestore.webchannel.FirestoreV1WebChannelAdapter$FirestoreListenHandler onClose\nINFO: channel closed\n"}}
[debug] [2026-02-20T01:33:29.364Z] Feb 19, 2026 8:33:29 PM io.gapi.emulators.netty.HttpVersionRoutingHandler channelRead
INFO: Detected non-HTTP/2 connection.
 {"metadata":{"emulator":{"name":"firestore"},"message":"Feb 19, 2026 8:33:29 PM io.gapi.emulators.netty.HttpVersionRoutingHandler channelRead\nINFO: Detected non-HTTP/2 connection.\n"}}
[debug] [2026-02-20T01:34:45.228Z] Feb 19, 2026 8:34:45 PM io.gapi.emulators.netty.HttpVersionRoutingHandler channelRead
INFO: Detected non-HTTP/2 connection.
 {"metadata":{"emulator":{"name":"firestore"},"message":"Feb 19, 2026 8:34:45 PM io.gapi.emulators.netty.HttpVersionRoutingHandler channelRead\nINFO: Detected non-HTTP/2 connection.\n"}}
[debug] [2026-02-20T01:35:45.292Z] Feb 19, 2026 8:35:45 PM io.gapi.emulators.netty.HttpVersionRoutingHandler channelRead
INFO: Detected non-HTTP/2 connection.
 {"metadata":{"emulator":{"name":"firestore"},"message":"Feb 19, 2026 8:35:45 PM io.gapi.emulators.netty.HttpVersionRoutingHandler channelRead\nINFO: Detected non-HTTP/2 connection.\n"}}
[debug] [2026-02-20T01:36:45.483Z] Feb 19, 2026 8:36:45 PM io.gapi.emulators.netty.HttpVersionRoutingHandler channelRead
INFO: Detected non-HTTP/2 connection.
 {"metadata":{"emulator":{"name":"firestore"},"message":"Feb 19, 2026 8:36:45 PM io.gapi.emulators.netty.HttpVersionRoutingHandler channelRead\nINFO: Detected non-HTTP/2 connection.\n"}}
[debug] [2026-02-20T01:38:01.219Z] Feb 19, 2026 8:38:01 PM io.gapi.emulators.netty.HttpVersionRoutingHandler channelRead
INFO: Detected non-HTTP/2 connection.
 {"metadata":{"emulator":{"name":"firestore"},"message":"Feb 19, 2026 8:38:01 PM io.gapi.emulators.netty.HttpVersionRoutingHandler channelRead\nINFO: Detected non-HTTP/2 connection.\n"}}
[debug] [2026-02-20T01:38:46.234Z] Feb 19, 2026 8:38:46 PM io.gapi.emulators.netty.HttpVersionRoutingHandler channelRead
INFO: Detected non-HTTP/2 connection.
 {"metadata":{"emulator":{"name":"firestore"},"message":"Feb 19, 2026 8:38:46 PM io.gapi.emulators.netty.HttpVersionRoutingHandler channelRead\nINFO: Detected non-HTTP/2 connection.\n"}}
[debug] [2026-02-20T01:40:01.248Z] Feb 19, 2026 8:40:01 PM io.gapi.emulators.netty.HttpVersionRoutingHandler channelRead
INFO: Detected non-HTTP/2 connection.
 {"metadata":{"emulator":{"name":"firestore"},"message":"Feb 19, 2026 8:40:01 PM io.gapi.emulators.netty.HttpVersionRoutingHandler channelRead\nINFO: Detected non-HTTP/2 connection.\n"}}
[debug] [2026-02-20T01:41:16.260Z] Feb 19, 2026 8:41:16 PM io.gapi.emulators.netty.HttpVersionRoutingHandler channelRead
INFO: Detected non-HTTP/2 connection.
 {"metadata":{"emulator":{"name":"firestore"},"message":"Feb 19, 2026 8:41:16 PM io.gapi.emulators.netty.HttpVersionRoutingHandler channelRead\nINFO: Detected non-HTTP/2 connection.\n"}}
[debug] [2026-02-20T01:42:16.276Z] Feb 19, 2026 8:42:16 PM io.gapi.emulators.netty.HttpVersionRoutingHandler channelRead
INFO: Detected non-HTTP/2 connection.
 {"metadata":{"emulator":{"name":"firestore"},"message":"Feb 19, 2026 8:42:16 PM io.gapi.emulators.netty.HttpVersionRoutingHandler channelRead\nINFO: Detected non-HTTP/2 connection.\n"}}
[debug] [2026-02-20T01:43:16.285Z] Feb 19, 2026 8:43:16 PM io.gapi.emulators.netty.HttpVersionRoutingHandler channelRead
INFO: Detected non-HTTP/2 connection.
 {"metadata":{"emulator":{"name":"firestore"},"message":"Feb 19, 2026 8:43:16 PM io.gapi.emulators.netty.HttpVersionRoutingHandler channelRead\nINFO: Detected non-HTTP/2 connection.\n"}}
[debug] [2026-02-20T01:44:02.209Z] Feb 19, 2026 8:44:02 PM io.gapi.emulators.netty.HttpVersionRoutingHandler channelRead
INFO: Detected non-HTTP/2 connection.
 {"metadata":{"emulator":{"name":"firestore"},"message":"Feb 19, 2026 8:44:02 PM io.gapi.emulators.netty.HttpVersionRoutingHandler channelRead\nINFO: Detected non-HTTP/2 connection.\n"}}
[debug] [2026-02-20T01:44:48.208Z] Feb 19, 2026 8:44:48 PM io.gapi.emulators.netty.HttpVersionRoutingHandler channelRead
INFO: Detected non-HTTP/2 connection.
 {"metadata":{"emulator":{"name":"firestore"},"message":"Feb 19, 2026 8:44:48 PM io.gapi.emulators.netty.HttpVersionRoutingHandler channelRead\nINFO: Detected non-HTTP/2 connection.\n"}}
[debug] [2026-02-20T01:45:48.220Z] Feb 19, 2026 8:45:48 PM io.gapi.emulators.netty.HttpVersionRoutingHandler channelRead
INFO: Detected non-HTTP/2 connection.
 {"metadata":{"emulator":{"name":"firestore"},"message":"Feb 19, 2026 8:45:48 PM io.gapi.emulators.netty.HttpVersionRoutingHandler channelRead\nINFO: Detected non-HTTP/2 connection.\n"}}
[debug] [2026-02-20T01:46:34.211Z] Feb 19, 2026 8:46:34 PM io.gapi.emulators.netty.HttpVersionRoutingHandler channelRead
INFO: Detected non-HTTP/2 connection.
 {"metadata":{"emulator":{"name":"firestore"},"message":"Feb 19, 2026 8:46:34 PM io.gapi.emulators.netty.HttpVersionRoutingHandler channelRead\nINFO: Detected non-HTTP/2 connection.\n"}}
[debug] [2026-02-20T01:47:34.228Z] Feb 19, 2026 8:47:34 PM io.gapi.emulators.netty.HttpVersionRoutingHandler channelRead
INFO: Detected non-HTTP/2 connection.
 {"metadata":{"emulator":{"name":"firestore"},"message":"Feb 19, 2026 8:47:34 PM io.gapi.emulators.netty.HttpVersionRoutingHandler channelRead\nINFO: Detected non-HTTP/2 connection.\n"}}
[debug] [2026-02-20T01:48:50.209Z] Feb 19, 2026 8:48:50 PM io.gapi.emulators.netty.HttpVersionRoutingHandler channelRead
INFO: Detected non-HTTP/2 connection.
 {"metadata":{"emulator":{"name":"firestore"},"message":"Feb 19, 2026 8:48:50 PM io.gapi.emulators.netty.HttpVersionRoutingHandler channelRead\nINFO: Detected non-HTTP/2 connection.\n"}}
[debug] [2026-02-20T01:49:50.227Z] Feb 19, 2026 8:49:50 PM io.gapi.emulators.netty.HttpVersionRoutingHandler channelRead
INFO: Detected non-HTTP/2 connection.
 {"metadata":{"emulator":{"name":"firestore"},"message":"Feb 19, 2026 8:49:50 PM io.gapi.emulators.netty.HttpVersionRoutingHandler channelRead\nINFO: Detected non-HTTP/2 connection.\n"}}
[debug] [2026-02-20T01:50:04.199Z] Feb 19, 2026 8:50:04 PM io.gapi.emulators.netty.HttpVersionRoutingHandler channelRead
INFO: Detected non-HTTP/2 connection.
 {"metadata":{"emulator":{"name":"firestore"},"message":"Feb 19, 2026 8:50:04 PM io.gapi.emulators.netty.HttpVersionRoutingHandler channelRead\nINFO: Detected non-HTTP/2 connection.\n"}}
[debug] [2026-02-20T01:50:04.199Z] Feb 19, 2026 8:50:04 PM io.gapi.emulators.netty.HttpVersionRoutingHandler channelRead
INFO: Detected non-HTTP/2 connection.
 {"metadata":{"emulator":{"name":"firestore"},"message":"Feb 19, 2026 8:50:04 PM io.gapi.emulators.netty.HttpVersionRoutingHandler channelRead\nINFO: Detected non-HTTP/2 connection.\n"}}
[debug] [2026-02-20T01:50:04.201Z] Feb 19, 2026 8:50:04 PM io.gapi.emulators.netty.HttpVersionRoutingHandler channelRead
INFO: Detected non-HTTP/2 connection.
 {"metadata":{"emulator":{"name":"firestore"},"message":"Feb 19, 2026 8:50:04 PM io.gapi.emulators.netty.HttpVersionRoutingHandler channelRead\nINFO: Detected non-HTTP/2 connection.\n"}}
[debug] [2026-02-20T01:50:04.201Z] Feb 19, 2026 8:50:04 PM io.gapi.emulators.netty.HttpVersionRoutingHandler channelRead
INFO: Detected non-HTTP/2 connection.
 {"metadata":{"emulator":{"name":"firestore"},"message":"Feb 19, 2026 8:50:04 PM io.gapi.emulators.netty.HttpVersionRoutingHandler channelRead\nINFO: Detected non-HTTP/2 connection.\n"}}
[debug] [2026-02-20T01:50:50.238Z] Feb 19, 2026 8:50:50 PM io.gapi.emulators.netty.HttpVersionRoutingHandler channelRead
INFO: Detected non-HTTP/2 connection.
 {"metadata":{"emulator":{"name":"firestore"},"message":"Feb 19, 2026 8:50:50 PM io.gapi.emulators.netty.HttpVersionRoutingHandler channelRead\nINFO: Detected non-HTTP/2 connection.\n"}}
[debug] [2026-02-20T01:51:36.209Z] Feb 19, 2026 8:51:36 PM io.gapi.emulators.netty.HttpVersionRoutingHandler channelRead
INFO: Detected non-HTTP/2 connection.
 {"metadata":{"emulator":{"name":"firestore"},"message":"Feb 19, 2026 8:51:36 PM io.gapi.emulators.netty.HttpVersionRoutingHandler channelRead\nINFO: Detected non-HTTP/2 connection.\n"}}
[debug] [2026-02-20T01:51:42.845Z] Feb 19, 2026 8:51:42 PM io.gapi.emulators.netty.HttpVersionRoutingHandler channelRead
INFO: Detected non-HTTP/2 connection.
 {"metadata":{"emulator":{"name":"firestore"},"message":"Feb 19, 2026 8:51:42 PM io.gapi.emulators.netty.HttpVersionRoutingHandler channelRead\nINFO: Detected non-HTTP/2 connection.\n"}}
[debug] [2026-02-20T01:51:42.851Z] Feb 19, 2026 8:51:42 PM io.gapi.emulators.netty.HttpVersionRoutingHandler channelRead
INFO: Detected non-HTTP/2 connection.
 {"metadata":{"emulator":{"name":"firestore"},"message":"Feb 19, 2026 8:51:42 PM io.gapi.emulators.netty.HttpVersionRoutingHandler channelRead\nINFO: Detected non-HTTP/2 connection.\n"}}
[debug] [2026-02-20T01:51:42.867Z] Feb 19, 2026 8:51:42 PM io.gapi.emulators.netty.HttpVersionRoutingHandler channelRead
INFO: Detected non-HTTP/2 connection.
 {"metadata":{"emulator":{"name":"firestore"},"message":"Feb 19, 2026 8:51:42 PM io.gapi.emulators.netty.HttpVersionRoutingHandler channelRead\nINFO: Detected non-HTTP/2 connection.\n"}}
[debug] [2026-02-20T01:51:42.879Z] Feb 19, 2026 8:51:42 PM io.gapi.emulators.netty.HttpVersionRoutingHandler channelRead
INFO: Detected non-HTTP/2 connection.
 {"metadata":{"emulator":{"name":"firestore"},"message":"Feb 19, 2026 8:51:42 PM io.gapi.emulators.netty.HttpVersionRoutingHandler channelRead\nINFO: Detected non-HTTP/2 connection.\n"}}
[debug] [2026-02-20T01:51:42.879Z] Feb 19, 2026 8:51:42 PM io.gapi.emulators.netty.HttpVersionRoutingHandler channelRead
INFO: Detected non-HTTP/2 connection.
 {"metadata":{"emulator":{"name":"firestore"},"message":"Feb 19, 2026 8:51:42 PM io.gapi.emulators.netty.HttpVersionRoutingHandler channelRead\nINFO: Detected non-HTTP/2 connection.\n"}}
[debug] [2026-02-20T01:51:42.900Z] Feb 19, 2026 8:51:42 PM io.gapi.emulators.netty.HttpVersionRoutingHandler channelRead
INFO: Detected non-HTTP/2 connection.
 {"metadata":{"emulator":{"name":"firestore"},"message":"Feb 19, 2026 8:51:42 PM io.gapi.emulators.netty.HttpVersionRoutingHandler channelRead\nINFO: Detected non-HTTP/2 connection.\n"}}
[debug] [2026-02-20T01:51:42.993Z] Feb 19, 2026 8:51:42 PM io.gapi.emulators.netty.HttpVersionRoutingHandler channelRead
INFO: Detected non-HTTP/2 connection.
 {"metadata":{"emulator":{"name":"firestore"},"message":"Feb 19, 2026 8:51:42 PM io.gapi.emulators.netty.HttpVersionRoutingHandler channelRead\nINFO: Detected non-HTTP/2 connection.\n"}}
[debug] [2026-02-20T01:51:42.993Z] Feb 19, 2026 8:51:42 PM io.gapi.emulators.netty.HttpVersionRoutingHandler channelRead
INFO: Detected non-HTTP/2 connection.
 {"metadata":{"emulator":{"name":"firestore"},"message":"Feb 19, 2026 8:51:42 PM io.gapi.emulators.netty.HttpVersionRoutingHandler channelRead\nINFO: Detected non-HTTP/2 connection.\n"}}
[debug] [2026-02-20T01:51:50.185Z] Feb 19, 2026 8:51:50 PM io.gapi.emulators.netty.HttpVersionRoutingHandler channelRead
INFO: Detected non-HTTP/2 connection.
 {"metadata":{"emulator":{"name":"firestore"},"message":"Feb 19, 2026 8:51:50 PM io.gapi.emulators.netty.HttpVersionRoutingHandler channelRead\nINFO: Detected non-HTTP/2 connection.\n"}}
[debug] [2026-02-20T01:51:57.941Z] Feb 19, 2026 8:51:57 PM io.gapi.emulators.netty.HttpVersionRoutingHandler channelRead
INFO: Detected non-HTTP/2 connection.
 {"metadata":{"emulator":{"name":"firestore"},"message":"Feb 19, 2026 8:51:57 PM io.gapi.emulators.netty.HttpVersionRoutingHandler channelRead\nINFO: Detected non-HTTP/2 connection.\n"}}
[debug] [2026-02-20T01:52:01.546Z] Feb 19, 2026 8:52:01 PM io.gapi.emulators.netty.HttpVersionRoutingHandler channelRead
INFO: Detected non-HTTP/2 connection.
 {"metadata":{"emulator":{"name":"firestore"},"message":"Feb 19, 2026 8:52:01 PM io.gapi.emulators.netty.HttpVersionRoutingHandler channelRead\nINFO: Detected non-HTTP/2 connection.\n"}}
[debug] [2026-02-20T01:52:20.365Z] Feb 19, 2026 8:52:20 PM io.gapi.emulators.netty.HttpVersionRoutingHandler channelRead
INFO: Detected non-HTTP/2 connection.
 {"metadata":{"emulator":{"name":"firestore"},"message":"Feb 19, 2026 8:52:20 PM io.gapi.emulators.netty.HttpVersionRoutingHandler channelRead\nINFO: Detected non-HTTP/2 connection.\n"}}
[debug] [2026-02-20T01:52:20.376Z] Feb 19, 2026 8:52:20 PM io.gapi.emulators.netty.HttpVersionRoutingHandler channelRead
INFO: Detected non-HTTP/2 connection.
 {"metadata":{"emulator":{"name":"firestore"},"message":"Feb 19, 2026 8:52:20 PM io.gapi.emulators.netty.HttpVersionRoutingHandler channelRead\nINFO: Detected non-HTTP/2 connection.\n"}}
[debug] [2026-02-20T01:52:20.376Z] Feb 19, 2026 8:52:20 PM io.gapi.emulators.netty.HttpVersionRoutingHandler channelRead
INFO: Detected non-HTTP/2 connection.
 {"metadata":{"emulator":{"name":"firestore"},"message":"Feb 19, 2026 8:52:20 PM io.gapi.emulators.netty.HttpVersionRoutingHandler channelRead\nINFO: Detected non-HTTP/2 connection.\n"}}
[debug] [2026-02-20T01:52:20.432Z] Feb 19, 2026 8:52:20 PM io.gapi.emulators.netty.HttpVersionRoutingHandler channelRead
INFO: Detected non-HTTP/2 connection.
 {"metadata":{"emulator":{"name":"firestore"},"message":"Feb 19, 2026 8:52:20 PM io.gapi.emulators.netty.HttpVersionRoutingHandler channelRead\nINFO: Detected non-HTTP/2 connection.\n"}}
[debug] [2026-02-20T01:52:20.432Z] Feb 19, 2026 8:52:20 PM io.gapi.emulators.netty.HttpVersionRoutingHandler channelRead
INFO: Detected non-HTTP/2 connection.
 {"metadata":{"emulator":{"name":"firestore"},"message":"Feb 19, 2026 8:52:20 PM io.gapi.emulators.netty.HttpVersionRoutingHandler channelRead\nINFO: Detected non-HTTP/2 connection.\n"}}
[debug] [2026-02-20T01:52:20.454Z] Feb 19, 2026 8:52:20 PM io.gapi.emulators.netty.HttpVersionRoutingHandler channelRead
INFO: Detected non-HTTP/2 connection.
 {"metadata":{"emulator":{"name":"firestore"},"message":"Feb 19, 2026 8:52:20 PM io.gapi.emulators.netty.HttpVersionRoutingHandler channelRead\nINFO: Detected non-HTTP/2 connection.\n"}}
[debug] [2026-02-20T01:52:20.461Z] Feb 19, 2026 8:52:20 PM com.google.cloud.datastore.emulator.firestore.webchannel.FirestoreV1WebChannelAdapter$FirestoreWriteHandler onClose
INFO: channel closed
Feb 19, 2026 8:52:20 PM com.google.cloud.datastore.emulator.firestore.webchannel.FirestoreV1WebChannelAdapter$FirestoreListenHandler onClose
INFO: channel closed
 {"metadata":{"emulator":{"name":"firestore"},"message":"Feb 19, 2026 8:52:20 PM com.google.cloud.datastore.emulator.firestore.webchannel.FirestoreV1WebChannelAdapter$FirestoreWriteHandler onClose\nINFO: channel closed\nFeb 19, 2026 8:52:20 PM com.google.cloud.datastore.emulator.firestore.webchannel.FirestoreV1WebChannelAdapter$FirestoreListenHandler onClose\nINFO: channel closed\n"}}
[debug] [2026-02-20T01:52:20.470Z] Feb 19, 2026 8:52:20 PM io.gapi.emulators.netty.HttpVersionRoutingHandler channelRead
INFO: Detected non-HTTP/2 connection.
Feb 19, 2026 8:52:20 PM io.gapi.emulators.netty.HttpVersionRoutingHandler channelRead
INFO: Detected non-HTTP/2 connection.
 {"metadata":{"emulator":{"name":"firestore"},"message":"Feb 19, 2026 8:52:20 PM io.gapi.emulators.netty.HttpVersionRoutingHandler channelRead\nINFO: Detected non-HTTP/2 connection.\nFeb 19, 2026 8:52:20 PM io.gapi.emulators.netty.HttpVersionRoutingHandler channelRead\nINFO: Detected non-HTTP/2 connection.\n"}}
[debug] [2026-02-20T01:52:50.433Z] Feb 19, 2026 8:52:50 PM io.gapi.emulators.netty.HttpVersionRoutingHandler channelRead
INFO: Detected non-HTTP/2 connection.
 {"metadata":{"emulator":{"name":"firestore"},"message":"Feb 19, 2026 8:52:50 PM io.gapi.emulators.netty.HttpVersionRoutingHandler channelRead\nINFO: Detected non-HTTP/2 connection.\n"}}
[debug] [2026-02-20T01:52:57.334Z] Feb 19, 2026 8:52:57 PM io.gapi.emulators.netty.HttpVersionRoutingHandler channelRead
INFO: Detected non-HTTP/2 connection.
 {"metadata":{"emulator":{"name":"firestore"},"message":"Feb 19, 2026 8:52:57 PM io.gapi.emulators.netty.HttpVersionRoutingHandler channelRead\nINFO: Detected non-HTTP/2 connection.\n"}}
[debug] [2026-02-20T01:52:57.337Z] Feb 19, 2026 8:52:57 PM com.google.cloud.datastore.emulator.firestore.webchannel.FirestoreV1WebChannelAdapter$FirestoreListenHandler onClose
INFO: channel closed
 {"metadata":{"emulator":{"name":"firestore"},"message":"Feb 19, 2026 8:52:57 PM com.google.cloud.datastore.emulator.firestore.webchannel.FirestoreV1WebChannelAdapter$FirestoreListenHandler onClose\nINFO: channel closed\n"}}
[debug] [2026-02-20T01:52:57.378Z] Feb 19, 2026 8:52:57 PM io.gapi.emulators.netty.HttpVersionRoutingHandler channelRead
INFO: Detected non-HTTP/2 connection.
 {"metadata":{"emulator":{"name":"firestore"},"message":"Feb 19, 2026 8:52:57 PM io.gapi.emulators.netty.HttpVersionRoutingHandler channelRead\nINFO: Detected non-HTTP/2 connection.\n"}}
[debug] [2026-02-20T01:52:57.401Z] Feb 19, 2026 8:52:57 PM io.gapi.emulators.netty.HttpVersionRoutingHandler channelRead
INFO: Detected non-HTTP/2 connection.
 {"metadata":{"emulator":{"name":"firestore"},"message":"Feb 19, 2026 8:52:57 PM io.gapi.emulators.netty.HttpVersionRoutingHandler channelRead\nINFO: Detected non-HTTP/2 connection.\n"}}
[debug] [2026-02-20T01:52:57.492Z] Feb 19, 2026 8:52:57 PM io.gapi.emulators.netty.HttpVersionRoutingHandler channelRead
INFO: Detected non-HTTP/2 connection.
 {"metadata":{"emulator":{"name":"firestore"},"message":"Feb 19, 2026 8:52:57 PM io.gapi.emulators.netty.HttpVersionRoutingHandler channelRead\nINFO: Detected non-HTTP/2 connection.\n"}}
[debug] [2026-02-20T01:52:57.501Z] Feb 19, 2026 8:52:57 PM io.gapi.emulators.netty.HttpVersionRoutingHandler channelRead
INFO: Detected non-HTTP/2 connection.
 {"metadata":{"emulator":{"name":"firestore"},"message":"Feb 19, 2026 8:52:57 PM io.gapi.emulators.netty.HttpVersionRoutingHandler channelRead\nINFO: Detected non-HTTP/2 connection.\n"}}
[debug] [2026-02-20T01:52:57.503Z] Feb 19, 2026 8:52:57 PM io.gapi.emulators.netty.HttpVersionRoutingHandler channelRead
INFO: Detected non-HTTP/2 connection.
 {"metadata":{"emulator":{"name":"firestore"},"message":"Feb 19, 2026 8:52:57 PM io.gapi.emulators.netty.HttpVersionRoutingHandler channelRead\nINFO: Detected non-HTTP/2 connection.\n"}}
[debug] [2026-02-20T01:52:57.516Z] Feb 19, 2026 8:52:57 PM io.gapi.emulators.netty.HttpVersionRoutingHandler channelRead
INFO: Detected non-HTTP/2 connection.
 {"metadata":{"emulator":{"name":"firestore"},"message":"Feb 19, 2026 8:52:57 PM io.gapi.emulators.netty.HttpVersionRoutingHandler channelRead\nINFO: Detected non-HTTP/2 connection.\n"}}
[debug] [2026-02-20T01:52:57.521Z] Feb 19, 2026 8:52:57 PM io.gapi.emulators.netty.HttpVersionRoutingHandler channelRead
INFO: Detected non-HTTP/2 connection.
 {"metadata":{"emulator":{"name":"firestore"},"message":"Feb 19, 2026 8:52:57 PM io.gapi.emulators.netty.HttpVersionRoutingHandler channelRead\nINFO: Detected non-HTTP/2 connection.\n"}}
[debug] [2026-02-20T01:53:14.712Z] Feb 19, 2026 8:53:14 PM io.gapi.emulators.netty.HttpVersionRoutingHandler channelRead
INFO: Detected non-HTTP/2 connection.
 {"metadata":{"emulator":{"name":"firestore"},"message":"Feb 19, 2026 8:53:14 PM io.gapi.emulators.netty.HttpVersionRoutingHandler channelRead\nINFO: Detected non-HTTP/2 connection.\n"}}
[debug] [2026-02-20T01:53:15.365Z] Feb 19, 2026 8:53:15 PM io.gapi.emulators.netty.HttpVersionRoutingHandler channelRead
INFO: Detected non-HTTP/2 connection.
 {"metadata":{"emulator":{"name":"firestore"},"message":"Feb 19, 2026 8:53:15 PM io.gapi.emulators.netty.HttpVersionRoutingHandler channelRead\nINFO: Detected non-HTTP/2 connection.\n"}}
[debug] [2026-02-20T01:53:15.403Z] Feb 19, 2026 8:53:15 PM io.gapi.emulators.netty.HttpVersionRoutingHandler channelRead
INFO: Detected non-HTTP/2 connection.
Feb 19, 2026 8:53:15 PM io.gapi.emulators.netty.HttpVersionRoutingHandler channelRead
INFO: Detected non-HTTP/2 connection.
 {"metadata":{"emulator":{"name":"firestore"},"message":"Feb 19, 2026 8:53:15 PM io.gapi.emulators.netty.HttpVersionRoutingHandler channelRead\nINFO: Detected non-HTTP/2 connection.\nFeb 19, 2026 8:53:15 PM io.gapi.emulators.netty.HttpVersionRoutingHandler channelRead\nINFO: Detected non-HTTP/2 connection.\n"}}
[debug] [2026-02-20T01:53:15.412Z] Feb 19, 2026 8:53:15 PM io.gapi.emulators.netty.HttpVersionRoutingHandler channelRead
INFO: Detected non-HTTP/2 connection.
 {"metadata":{"emulator":{"name":"firestore"},"message":"Feb 19, 2026 8:53:15 PM io.gapi.emulators.netty.HttpVersionRoutingHandler channelRead\nINFO: Detected non-HTTP/2 connection.\n"}}
[debug] [2026-02-20T01:53:15.413Z] Feb 19, 2026 8:53:15 PM io.gapi.emulators.netty.HttpVersionRoutingHandler channelRead
INFO: Detected non-HTTP/2 connection.
 {"metadata":{"emulator":{"name":"firestore"},"message":"Feb 19, 2026 8:53:15 PM io.gapi.emulators.netty.HttpVersionRoutingHandler channelRead\nINFO: Detected non-HTTP/2 connection.\n"}}
[debug] [2026-02-20T01:53:15.427Z] Feb 19, 2026 8:53:15 PM io.gapi.emulators.netty.HttpVersionRoutingHandler channelRead
INFO: Detected non-HTTP/2 connection.
 {"metadata":{"emulator":{"name":"firestore"},"message":"Feb 19, 2026 8:53:15 PM io.gapi.emulators.netty.HttpVersionRoutingHandler channelRead\nINFO: Detected non-HTTP/2 connection.\n"}}
[debug] [2026-02-20T01:53:15.427Z] Feb 19, 2026 8:53:15 PM io.gapi.emulators.netty.HttpVersionRoutingHandler channelRead
INFO: Detected non-HTTP/2 connection.
 {"metadata":{"emulator":{"name":"firestore"},"message":"Feb 19, 2026 8:53:15 PM io.gapi.emulators.netty.HttpVersionRoutingHandler channelRead\nINFO: Detected non-HTTP/2 connection.\n"}}
[debug] [2026-02-20T01:53:49.825Z] Feb 19, 2026 8:53:49 PM io.gapi.emulators.netty.HttpVersionRoutingHandler channelRead
INFO: Detected non-HTTP/2 connection.
 {"metadata":{"emulator":{"name":"firestore"},"message":"Feb 19, 2026 8:53:49 PM io.gapi.emulators.netty.HttpVersionRoutingHandler channelRead\nINFO: Detected non-HTTP/2 connection.\n"}}
[debug] [2026-02-20T01:53:49.826Z] Feb 19, 2026 8:53:49 PM io.gapi.emulators.netty.HttpVersionRoutingHandler channelRead
INFO: Detected non-HTTP/2 connection.
 {"metadata":{"emulator":{"name":"firestore"},"message":"Feb 19, 2026 8:53:49 PM io.gapi.emulators.netty.HttpVersionRoutingHandler channelRead\nINFO: Detected non-HTTP/2 connection.\n"}}
[debug] [2026-02-20T01:53:50.526Z] Feb 19, 2026 8:53:50 PM io.gapi.emulators.netty.HttpVersionRoutingHandler channelRead
INFO: Detected non-HTTP/2 connection.
 {"metadata":{"emulator":{"name":"firestore"},"message":"Feb 19, 2026 8:53:50 PM io.gapi.emulators.netty.HttpVersionRoutingHandler channelRead\nINFO: Detected non-HTTP/2 connection.\n"}}
[debug] [2026-02-20T01:53:50.526Z] Feb 19, 2026 8:53:50 PM io.gapi.emulators.netty.HttpVersionRoutingHandler channelRead
INFO: Detected non-HTTP/2 connection.
 {"metadata":{"emulator":{"name":"firestore"},"message":"Feb 19, 2026 8:53:50 PM io.gapi.emulators.netty.HttpVersionRoutingHandler channelRead\nINFO: Detected non-HTTP/2 connection.\n"}}
[debug] [2026-02-20T01:53:50.562Z] Feb 19, 2026 8:53:50 PM io.gapi.emulators.netty.HttpVersionRoutingHandler channelRead
INFO: Detected non-HTTP/2 connection.
 {"metadata":{"emulator":{"name":"firestore"},"message":"Feb 19, 2026 8:53:50 PM io.gapi.emulators.netty.HttpVersionRoutingHandler channelRead\nINFO: Detected non-HTTP/2 connection.\n"}}
[debug] [2026-02-20T01:53:50.563Z] Feb 19, 2026 8:53:50 PM io.gapi.emulators.netty.HttpVersionRoutingHandler channelRead
INFO: Detected non-HTTP/2 connection.
 {"metadata":{"emulator":{"name":"firestore"},"message":"Feb 19, 2026 8:53:50 PM io.gapi.emulators.netty.HttpVersionRoutingHandler channelRead\nINFO: Detected non-HTTP/2 connection.\n"}}
[debug] [2026-02-20T01:53:50.569Z] Feb 19, 2026 8:53:50 PM io.gapi.emulators.netty.HttpVersionRoutingHandler channelRead
INFO: Detected non-HTTP/2 connection.
 {"metadata":{"emulator":{"name":"firestore"},"message":"Feb 19, 2026 8:53:50 PM io.gapi.emulators.netty.HttpVersionRoutingHandler channelRead\nINFO: Detected non-HTTP/2 connection.\n"}}
[debug] [2026-02-20T01:53:50.573Z] Feb 19, 2026 8:53:50 PM io.gapi.emulators.netty.HttpVersionRoutingHandler channelRead
INFO: Detected non-HTTP/2 connection.
 {"metadata":{"emulator":{"name":"firestore"},"message":"Feb 19, 2026 8:53:50 PM io.gapi.emulators.netty.HttpVersionRoutingHandler channelRead\nINFO: Detected non-HTTP/2 connection.\n"}}
[debug] [2026-02-20T01:53:50.577Z] Feb 19, 2026 8:53:50 PM io.gapi.emulators.netty.HttpVersionRoutingHandler channelRead
INFO: Detected non-HTTP/2 connection.
 {"metadata":{"emulator":{"name":"firestore"},"message":"Feb 19, 2026 8:53:50 PM io.gapi.emulators.netty.HttpVersionRoutingHandler channelRead\nINFO: Detected non-HTTP/2 connection.\n"}}
[debug] [2026-02-20T01:53:50.591Z] Feb 19, 2026 8:53:50 PM io.gapi.emulators.netty.HttpVersionRoutingHandler channelRead
INFO: Detected non-HTTP/2 connection.
 {"metadata":{"emulator":{"name":"firestore"},"message":"Feb 19, 2026 8:53:50 PM io.gapi.emulators.netty.HttpVersionRoutingHandler channelRead\nINFO: Detected non-HTTP/2 connection.\n"}}
[debug] [2026-02-20T01:53:50.603Z] Feb 19, 2026 8:53:50 PM io.gapi.emulators.netty.HttpVersionRoutingHandler channelRead
INFO: Detected non-HTTP/2 connection.
 {"metadata":{"emulator":{"name":"firestore"},"message":"Feb 19, 2026 8:53:50 PM io.gapi.emulators.netty.HttpVersionRoutingHandler channelRead\nINFO: Detected non-HTTP/2 connection.\n"}}
[debug] [2026-02-20T01:54:50.624Z] Feb 19, 2026 8:54:50 PM io.gapi.emulators.netty.HttpVersionRoutingHandler channelRead
INFO: Detected non-HTTP/2 connection.
 {"metadata":{"emulator":{"name":"firestore"},"message":"Feb 19, 2026 8:54:50 PM io.gapi.emulators.netty.HttpVersionRoutingHandler channelRead\nINFO: Detected non-HTTP/2 connection.\n"}}
[debug] [2026-02-20T01:54:50.627Z] Feb 19, 2026 8:54:50 PM com.google.cloud.datastore.emulator.firestore.webchannel.FirestoreV1WebChannelAdapter$FirestoreWriteHandler onClose
INFO: channel closed
 {"metadata":{"emulator":{"name":"firestore"},"message":"Feb 19, 2026 8:54:50 PM com.google.cloud.datastore.emulator.firestore.webchannel.FirestoreV1WebChannelAdapter$FirestoreWriteHandler onClose\nINFO: channel closed\n"}}
[debug] [2026-02-20T01:55:05.628Z] Feb 19, 2026 8:55:05 PM io.gapi.emulators.netty.HttpVersionRoutingHandler channelRead
INFO: Detected non-HTTP/2 connection.
 {"metadata":{"emulator":{"name":"firestore"},"message":"Feb 19, 2026 8:55:05 PM io.gapi.emulators.netty.HttpVersionRoutingHandler channelRead\nINFO: Detected non-HTTP/2 connection.\n"}}
[debug] [2026-02-20T01:55:06.210Z] Feb 19, 2026 8:55:06 PM io.gapi.emulators.netty.HttpVersionRoutingHandler channelRead
INFO: Detected non-HTTP/2 connection.
 {"metadata":{"emulator":{"name":"firestore"},"message":"Feb 19, 2026 8:55:06 PM io.gapi.emulators.netty.HttpVersionRoutingHandler channelRead\nINFO: Detected non-HTTP/2 connection.\n"}}
[debug] [2026-02-20T01:55:52.210Z] Feb 19, 2026 8:55:52 PM io.gapi.emulators.netty.HttpVersionRoutingHandler channelRead
INFO: Detected non-HTTP/2 connection.
 {"metadata":{"emulator":{"name":"firestore"},"message":"Feb 19, 2026 8:55:52 PM io.gapi.emulators.netty.HttpVersionRoutingHandler channelRead\nINFO: Detected non-HTTP/2 connection.\n"}}
[debug] [2026-02-20T01:56:05.640Z] Feb 19, 2026 8:56:05 PM io.gapi.emulators.netty.HttpVersionRoutingHandler channelRead
INFO: Detected non-HTTP/2 connection.
 {"metadata":{"emulator":{"name":"firestore"},"message":"Feb 19, 2026 8:56:05 PM io.gapi.emulators.netty.HttpVersionRoutingHandler channelRead\nINFO: Detected non-HTTP/2 connection.\n"}}
[debug] [2026-02-20T01:56:52.225Z] Feb 19, 2026 8:56:52 PM io.gapi.emulators.netty.HttpVersionRoutingHandler channelRead
INFO: Detected non-HTTP/2 connection.
 {"metadata":{"emulator":{"name":"firestore"},"message":"Feb 19, 2026 8:56:52 PM io.gapi.emulators.netty.HttpVersionRoutingHandler channelRead\nINFO: Detected non-HTTP/2 connection.\n"}}
[debug] [2026-02-20T01:57:05.653Z] Feb 19, 2026 8:57:05 PM io.gapi.emulators.netty.HttpVersionRoutingHandler channelRead
INFO: Detected non-HTTP/2 connection.
 {"metadata":{"emulator":{"name":"firestore"},"message":"Feb 19, 2026 8:57:05 PM io.gapi.emulators.netty.HttpVersionRoutingHandler channelRead\nINFO: Detected non-HTTP/2 connection.\n"}}
[debug] [2026-02-20T01:57:52.240Z] Feb 19, 2026 8:57:52 PM io.gapi.emulators.netty.HttpVersionRoutingHandler channelRead
INFO: Detected non-HTTP/2 connection.
 {"metadata":{"emulator":{"name":"firestore"},"message":"Feb 19, 2026 8:57:52 PM io.gapi.emulators.netty.HttpVersionRoutingHandler channelRead\nINFO: Detected non-HTTP/2 connection.\n"}}
[debug] [2026-02-20T01:58:05.665Z] Feb 19, 2026 8:58:05 PM io.gapi.emulators.netty.HttpVersionRoutingHandler channelRead
INFO: Detected non-HTTP/2 connection.
 {"metadata":{"emulator":{"name":"firestore"},"message":"Feb 19, 2026 8:58:05 PM io.gapi.emulators.netty.HttpVersionRoutingHandler channelRead\nINFO: Detected non-HTTP/2 connection.\n"}}
[debug] [2026-02-20T01:58:52.254Z] Feb 19, 2026 8:58:52 PM io.gapi.emulators.netty.HttpVersionRoutingHandler channelRead
INFO: Detected non-HTTP/2 connection.
 {"metadata":{"emulator":{"name":"firestore"},"message":"Feb 19, 2026 8:58:52 PM io.gapi.emulators.netty.HttpVersionRoutingHandler channelRead\nINFO: Detected non-HTTP/2 connection.\n"}}
[debug] [2026-02-20T01:59:05.678Z] Feb 19, 2026 8:59:05 PM io.gapi.emulators.netty.HttpVersionRoutingHandler channelRead
INFO: Detected non-HTTP/2 connection.
 {"metadata":{"emulator":{"name":"firestore"},"message":"Feb 19, 2026 8:59:05 PM io.gapi.emulators.netty.HttpVersionRoutingHandler channelRead\nINFO: Detected non-HTTP/2 connection.\n"}}
[debug] [2026-02-20T01:59:52.267Z] Feb 19, 2026 8:59:52 PM io.gapi.emulators.netty.HttpVersionRoutingHandler channelRead
INFO: Detected non-HTTP/2 connection.
 {"metadata":{"emulator":{"name":"firestore"},"message":"Feb 19, 2026 8:59:52 PM io.gapi.emulators.netty.HttpVersionRoutingHandler channelRead\nINFO: Detected non-HTTP/2 connection.\n"}}
[debug] [2026-02-20T02:00:05.694Z] Feb 19, 2026 9:00:05 PM io.gapi.emulators.netty.HttpVersionRoutingHandler channelRead
INFO: Detected non-HTTP/2 connection.
 {"metadata":{"emulator":{"name":"firestore"},"message":"Feb 19, 2026 9:00:05 PM io.gapi.emulators.netty.HttpVersionRoutingHandler channelRead\nINFO: Detected non-HTTP/2 connection.\n"}}
[debug] [2026-02-20T02:00:52.283Z] Feb 19, 2026 9:00:52 PM io.gapi.emulators.netty.HttpVersionRoutingHandler channelRead
INFO: Detected non-HTTP/2 connection.
 {"metadata":{"emulator":{"name":"firestore"},"message":"Feb 19, 2026 9:00:52 PM io.gapi.emulators.netty.HttpVersionRoutingHandler channelRead\nINFO: Detected non-HTTP/2 connection.\n"}}
[debug] [2026-02-20T02:01:05.711Z] Feb 19, 2026 9:01:05 PM io.gapi.emulators.netty.HttpVersionRoutingHandler channelRead
INFO: Detected non-HTTP/2 connection.
 {"metadata":{"emulator":{"name":"firestore"},"message":"Feb 19, 2026 9:01:05 PM io.gapi.emulators.netty.HttpVersionRoutingHandler channelRead\nINFO: Detected non-HTTP/2 connection.\n"}}
[debug] [2026-02-20T02:01:34.796Z] Feb 19, 2026 9:01:34 PM io.gapi.emulators.netty.HttpVersionRoutingHandler channelRead
INFO: Detected non-HTTP/2 connection.
Feb 19, 2026 9:01:34 PM io.gapi.emulators.netty.HttpVersionRoutingHandler channelRead
INFO: Detected non-HTTP/2 connection.
 {"metadata":{"emulator":{"name":"firestore"},"message":"Feb 19, 2026 9:01:34 PM io.gapi.emulators.netty.HttpVersionRoutingHandler channelRead\nINFO: Detected non-HTTP/2 connection.\nFeb 19, 2026 9:01:34 PM io.gapi.emulators.netty.HttpVersionRoutingHandler channelRead\nINFO: Detected non-HTTP/2 connection.\n"}}
[debug] [2026-02-20T02:01:34.998Z] Feb 19, 2026 9:01:34 PM io.gapi.emulators.netty.HttpVersionRoutingHandler channelRead
INFO: Detected non-HTTP/2 connection.
Feb 19, 2026 9:01:34 PM io.gapi.emulators.netty.HttpVersionRoutingHandler channelRead
INFO: Detected non-HTTP/2 connection.
 {"metadata":{"emulator":{"name":"firestore"},"message":"Feb 19, 2026 9:01:34 PM io.gapi.emulators.netty.HttpVersionRoutingHandler channelRead\nINFO: Detected non-HTTP/2 connection.\nFeb 19, 2026 9:01:34 PM io.gapi.emulators.netty.HttpVersionRoutingHandler channelRead\nINFO: Detected non-HTTP/2 connection.\n"}}
[debug] [2026-02-20T02:01:35.046Z] Feb 19, 2026 9:01:35 PM io.gapi.emulators.netty.HttpVersionRoutingHandler channelRead
INFO: Detected non-HTTP/2 connection.
 {"metadata":{"emulator":{"name":"firestore"},"message":"Feb 19, 2026 9:01:35 PM io.gapi.emulators.netty.HttpVersionRoutingHandler channelRead\nINFO: Detected non-HTTP/2 connection.\n"}}
[debug] [2026-02-20T02:01:35.081Z] Feb 19, 2026 9:01:35 PM io.gapi.emulators.netty.HttpVersionRoutingHandler channelRead
INFO: Detected non-HTTP/2 connection.
 {"metadata":{"emulator":{"name":"firestore"},"message":"Feb 19, 2026 9:01:35 PM io.gapi.emulators.netty.HttpVersionRoutingHandler channelRead\nINFO: Detected non-HTTP/2 connection.\n"}}
[debug] [2026-02-20T02:02:05.102Z] Feb 19, 2026 9:02:05 PM io.gapi.emulators.netty.HttpVersionRoutingHandler channelRead
INFO: Detected non-HTTP/2 connection.
 {"metadata":{"emulator":{"name":"firestore"},"message":"Feb 19, 2026 9:02:05 PM io.gapi.emulators.netty.HttpVersionRoutingHandler channelRead\nINFO: Detected non-HTTP/2 connection.\n"}}
[debug] [2026-02-20T02:02:05.102Z] Feb 19, 2026 9:02:05 PM io.gapi.emulators.netty.HttpVersionRoutingHandler channelRead
INFO: Detected non-HTTP/2 connection.
 {"metadata":{"emulator":{"name":"firestore"},"message":"Feb 19, 2026 9:02:05 PM io.gapi.emulators.netty.HttpVersionRoutingHandler channelRead\nINFO: Detected non-HTTP/2 connection.\n"}}
[debug] [2026-02-20T02:02:35.103Z] Feb 19, 2026 9:02:35 PM io.gapi.emulators.netty.HttpVersionRoutingHandler channelRead
INFO: Detected non-HTTP/2 connection.
 {"metadata":{"emulator":{"name":"firestore"},"message":"Feb 19, 2026 9:02:35 PM io.gapi.emulators.netty.HttpVersionRoutingHandler channelRead\nINFO: Detected non-HTTP/2 connection.\n"}}
[debug] [2026-02-20T02:02:35.106Z] Feb 19, 2026 9:02:35 PM com.google.cloud.datastore.emulator.firestore.webchannel.FirestoreV1WebChannelAdapter$FirestoreWriteHandler onClose
INFO: channel closed
 {"metadata":{"emulator":{"name":"firestore"},"message":"Feb 19, 2026 9:02:35 PM com.google.cloud.datastore.emulator.firestore.webchannel.FirestoreV1WebChannelAdapter$FirestoreWriteHandler onClose\nINFO: channel closed\n"}}
[debug] [2026-02-20T02:03:05.110Z] Feb 19, 2026 9:03:05 PM io.gapi.emulators.netty.HttpVersionRoutingHandler channelRead
INFO: Detected non-HTTP/2 connection.
 {"metadata":{"emulator":{"name":"firestore"},"message":"Feb 19, 2026 9:03:05 PM io.gapi.emulators.netty.HttpVersionRoutingHandler channelRead\nINFO: Detected non-HTTP/2 connection.\n"}}
[debug] [2026-02-20T02:03:05.110Z] Feb 19, 2026 9:03:05 PM io.gapi.emulators.netty.HttpVersionRoutingHandler channelRead
INFO: Detected non-HTTP/2 connection.
 {"metadata":{"emulator":{"name":"firestore"},"message":"Feb 19, 2026 9:03:05 PM io.gapi.emulators.netty.HttpVersionRoutingHandler channelRead\nINFO: Detected non-HTTP/2 connection.\n"}}
[debug] [2026-02-20T02:03:16.145Z] Feb 19, 2026 9:03:16 PM io.gapi.emulators.netty.HttpVersionRoutingHandler channelRead
INFO: Detected non-HTTP/2 connection.
 {"metadata":{"emulator":{"name":"firestore"},"message":"Feb 19, 2026 9:03:16 PM io.gapi.emulators.netty.HttpVersionRoutingHandler channelRead\nINFO: Detected non-HTTP/2 connection.\n"}}
[debug] [2026-02-20T02:03:16.157Z] Feb 19, 2026 9:03:16 PM io.gapi.emulators.netty.HttpVersionRoutingHandler channelRead
INFO: Detected non-HTTP/2 connection.
 {"metadata":{"emulator":{"name":"firestore"},"message":"Feb 19, 2026 9:03:16 PM io.gapi.emulators.netty.HttpVersionRoutingHandler channelRead\nINFO: Detected non-HTTP/2 connection.\n"}}
[debug] [2026-02-20T02:03:16.161Z] Feb 19, 2026 9:03:16 PM io.gapi.emulators.netty.HttpVersionRoutingHandler channelRead
INFO: Detected non-HTTP/2 connection.
 {"metadata":{"emulator":{"name":"firestore"},"message":"Feb 19, 2026 9:03:16 PM io.gapi.emulators.netty.HttpVersionRoutingHandler channelRead\nINFO: Detected non-HTTP/2 connection.\n"}}
[debug] [2026-02-20T02:03:29.163Z] Feb 19, 2026 9:03:29 PM io.gapi.emulators.netty.HttpVersionRoutingHandler channelRead
INFO: Detected non-HTTP/2 connection.
 {"metadata":{"emulator":{"name":"firestore"},"message":"Feb 19, 2026 9:03:29 PM io.gapi.emulators.netty.HttpVersionRoutingHandler channelRead\nINFO: Detected non-HTTP/2 connection.\n"}}
[debug] [2026-02-20T02:03:29.243Z] Feb 19, 2026 9:03:29 PM io.gapi.emulators.netty.HttpVersionRoutingHandler channelRead
INFO: Detected non-HTTP/2 connection.
 {"metadata":{"emulator":{"name":"firestore"},"message":"Feb 19, 2026 9:03:29 PM io.gapi.emulators.netty.HttpVersionRoutingHandler channelRead\nINFO: Detected non-HTTP/2 connection.\n"}}
[debug] [2026-02-20T02:03:41.510Z] Feb 19, 2026 9:03:41 PM io.gapi.emulators.netty.HttpVersionRoutingHandler channelRead
INFO: Detected non-HTTP/2 connection.
 {"metadata":{"emulator":{"name":"firestore"},"message":"Feb 19, 2026 9:03:41 PM io.gapi.emulators.netty.HttpVersionRoutingHandler channelRead\nINFO: Detected non-HTTP/2 connection.\n"}}
[debug] [2026-02-20T02:03:49.336Z] Feb 19, 2026 9:03:49 PM io.gapi.emulators.netty.HttpVersionRoutingHandler channelRead
INFO: Detected non-HTTP/2 connection.
 {"metadata":{"emulator":{"name":"firestore"},"message":"Feb 19, 2026 9:03:49 PM io.gapi.emulators.netty.HttpVersionRoutingHandler channelRead\nINFO: Detected non-HTTP/2 connection.\n"}}
[debug] [2026-02-20T02:03:55.157Z] Feb 19, 2026 9:03:55 PM io.gapi.emulators.netty.HttpVersionRoutingHandler channelRead
INFO: Detected non-HTTP/2 connection.
 {"metadata":{"emulator":{"name":"firestore"},"message":"Feb 19, 2026 9:03:55 PM io.gapi.emulators.netty.HttpVersionRoutingHandler channelRead\nINFO: Detected non-HTTP/2 connection.\n"}}
[debug] [2026-02-20T02:03:55.167Z] Feb 19, 2026 9:03:55 PM io.gapi.emulators.netty.HttpVersionRoutingHandler channelRead
INFO: Detected non-HTTP/2 connection.
 {"metadata":{"emulator":{"name":"firestore"},"message":"Feb 19, 2026 9:03:55 PM io.gapi.emulators.netty.HttpVersionRoutingHandler channelRead\nINFO: Detected non-HTTP/2 connection.\n"}}
[debug] [2026-02-20T02:03:55.186Z] Feb 19, 2026 9:03:55 PM io.gapi.emulators.netty.HttpVersionRoutingHandler channelRead
INFO: Detected non-HTTP/2 connection.
 {"metadata":{"emulator":{"name":"firestore"},"message":"Feb 19, 2026 9:03:55 PM io.gapi.emulators.netty.HttpVersionRoutingHandler channelRead\nINFO: Detected non-HTTP/2 connection.\n"}}
[debug] [2026-02-20T02:03:59.392Z] Feb 19, 2026 9:03:59 PM io.gapi.emulators.netty.HttpVersionRoutingHandler channelRead
INFO: Detected non-HTTP/2 connection.
 {"metadata":{"emulator":{"name":"firestore"},"message":"Feb 19, 2026 9:03:59 PM io.gapi.emulators.netty.HttpVersionRoutingHandler channelRead\nINFO: Detected non-HTTP/2 connection.\n"}}
[debug] [2026-02-20T02:04:00.374Z] Feb 19, 2026 9:04:00 PM io.gapi.emulators.netty.HttpVersionRoutingHandler channelRead
INFO: Detected non-HTTP/2 connection.
 {"metadata":{"emulator":{"name":"firestore"},"message":"Feb 19, 2026 9:04:00 PM io.gapi.emulators.netty.HttpVersionRoutingHandler channelRead\nINFO: Detected non-HTTP/2 connection.\n"}}
[debug] [2026-02-20T02:04:03.074Z] Feb 19, 2026 9:04:03 PM io.gapi.emulators.netty.HttpVersionRoutingHandler channelRead
INFO: Detected non-HTTP/2 connection.
 {"metadata":{"emulator":{"name":"firestore"},"message":"Feb 19, 2026 9:04:03 PM io.gapi.emulators.netty.HttpVersionRoutingHandler channelRead\nINFO: Detected non-HTTP/2 connection.\n"}}
[debug] [2026-02-20T02:04:03.104Z] Feb 19, 2026 9:04:03 PM io.gapi.emulators.netty.HttpVersionRoutingHandler channelRead
INFO: Detected non-HTTP/2 connection.
 {"metadata":{"emulator":{"name":"firestore"},"message":"Feb 19, 2026 9:04:03 PM io.gapi.emulators.netty.HttpVersionRoutingHandler channelRead\nINFO: Detected non-HTTP/2 connection.\n"}}
[debug] [2026-02-20T02:04:04.159Z] Feb 19, 2026 9:04:04 PM io.gapi.emulators.netty.HttpVersionRoutingHandler channelRead
INFO: Detected non-HTTP/2 connection.
 {"metadata":{"emulator":{"name":"firestore"},"message":"Feb 19, 2026 9:04:04 PM io.gapi.emulators.netty.HttpVersionRoutingHandler channelRead\nINFO: Detected non-HTTP/2 connection.\n"}}
[debug] [2026-02-20T02:04:06.846Z] Feb 19, 2026 9:04:06 PM io.gapi.emulators.netty.HttpVersionRoutingHandler channelRead
INFO: Detected non-HTTP/2 connection.
 {"metadata":{"emulator":{"name":"firestore"},"message":"Feb 19, 2026 9:04:06 PM io.gapi.emulators.netty.HttpVersionRoutingHandler channelRead\nINFO: Detected non-HTTP/2 connection.\n"}}
[debug] [2026-02-20T02:04:11.956Z] Feb 19, 2026 9:04:11 PM io.gapi.emulators.netty.HttpVersionRoutingHandler channelRead
INFO: Detected non-HTTP/2 connection.
 {"metadata":{"emulator":{"name":"firestore"},"message":"Feb 19, 2026 9:04:11 PM io.gapi.emulators.netty.HttpVersionRoutingHandler channelRead\nINFO: Detected non-HTTP/2 connection.\n"}}
[debug] [2026-02-20T02:04:13.196Z] Feb 19, 2026 9:04:13 PM io.gapi.emulators.netty.HttpVersionRoutingHandler channelRead
INFO: Detected non-HTTP/2 connection.
 {"metadata":{"emulator":{"name":"firestore"},"message":"Feb 19, 2026 9:04:13 PM io.gapi.emulators.netty.HttpVersionRoutingHandler channelRead\nINFO: Detected non-HTTP/2 connection.\n"}}
[debug] [2026-02-20T02:04:13.344Z] Feb 19, 2026 9:04:13 PM io.gapi.emulators.netty.HttpVersionRoutingHandler channelRead
INFO: Detected non-HTTP/2 connection.
 {"metadata":{"emulator":{"name":"firestore"},"message":"Feb 19, 2026 9:04:13 PM io.gapi.emulators.netty.HttpVersionRoutingHandler channelRead\nINFO: Detected non-HTTP/2 connection.\n"}}
[debug] [2026-02-20T02:04:17.520Z] Feb 19, 2026 9:04:17 PM io.gapi.emulators.netty.HttpVersionRoutingHandler channelRead
INFO: Detected non-HTTP/2 connection.
 {"metadata":{"emulator":{"name":"firestore"},"message":"Feb 19, 2026 9:04:17 PM io.gapi.emulators.netty.HttpVersionRoutingHandler channelRead\nINFO: Detected non-HTTP/2 connection.\n"}}
[debug] [2026-02-20T02:04:17.655Z] Feb 19, 2026 9:04:17 PM io.gapi.emulators.netty.HttpVersionRoutingHandler channelRead
INFO: Detected non-HTTP/2 connection.
 {"metadata":{"emulator":{"name":"firestore"},"message":"Feb 19, 2026 9:04:17 PM io.gapi.emulators.netty.HttpVersionRoutingHandler channelRead\nINFO: Detected non-HTTP/2 connection.\n"}}
[debug] [2026-02-20T02:04:23.059Z] Feb 19, 2026 9:04:23 PM io.gapi.emulators.netty.HttpVersionRoutingHandler channelRead
INFO: Detected non-HTTP/2 connection.
 {"metadata":{"emulator":{"name":"firestore"},"message":"Feb 19, 2026 9:04:23 PM io.gapi.emulators.netty.HttpVersionRoutingHandler channelRead\nINFO: Detected non-HTTP/2 connection.\n"}}
[debug] [2026-02-20T02:04:23.105Z] Feb 19, 2026 9:04:23 PM io.gapi.emulators.netty.HttpVersionRoutingHandler channelRead
INFO: Detected non-HTTP/2 connection.
 {"metadata":{"emulator":{"name":"firestore"},"message":"Feb 19, 2026 9:04:23 PM io.gapi.emulators.netty.HttpVersionRoutingHandler channelRead\nINFO: Detected non-HTTP/2 connection.\n"}}
[debug] [2026-02-20T02:04:25.373Z] Feb 19, 2026 9:04:25 PM io.gapi.emulators.netty.HttpVersionRoutingHandler channelRead
INFO: Detected non-HTTP/2 connection.
 {"metadata":{"emulator":{"name":"firestore"},"message":"Feb 19, 2026 9:04:25 PM io.gapi.emulators.netty.HttpVersionRoutingHandler channelRead\nINFO: Detected non-HTTP/2 connection.\n"}}
[debug] [2026-02-20T02:04:29.202Z] Feb 19, 2026 9:04:29 PM io.gapi.emulators.netty.HttpVersionRoutingHandler channelRead
INFO: Detected non-HTTP/2 connection.
 {"metadata":{"emulator":{"name":"firestore"},"message":"Feb 19, 2026 9:04:29 PM io.gapi.emulators.netty.HttpVersionRoutingHandler channelRead\nINFO: Detected non-HTTP/2 connection.\n"}}
[debug] [2026-02-20T02:04:31.607Z] Feb 19, 2026 9:04:31 PM io.gapi.emulators.netty.HttpVersionRoutingHandler channelRead
INFO: Detected non-HTTP/2 connection.
 {"metadata":{"emulator":{"name":"firestore"},"message":"Feb 19, 2026 9:04:31 PM io.gapi.emulators.netty.HttpVersionRoutingHandler channelRead\nINFO: Detected non-HTTP/2 connection.\n"}}
[debug] [2026-02-20T02:04:38.405Z] Feb 19, 2026 9:04:38 PM io.gapi.emulators.netty.HttpVersionRoutingHandler channelRead
INFO: Detected non-HTTP/2 connection.
 {"metadata":{"emulator":{"name":"firestore"},"message":"Feb 19, 2026 9:04:38 PM io.gapi.emulators.netty.HttpVersionRoutingHandler channelRead\nINFO: Detected non-HTTP/2 connection.\n"}}
[debug] [2026-02-20T02:04:41.959Z] Feb 19, 2026 9:04:41 PM io.gapi.emulators.netty.HttpVersionRoutingHandler channelRead
INFO: Detected non-HTTP/2 connection.
 {"metadata":{"emulator":{"name":"firestore"},"message":"Feb 19, 2026 9:04:41 PM io.gapi.emulators.netty.HttpVersionRoutingHandler channelRead\nINFO: Detected non-HTTP/2 connection.\n"}}
[debug] [2026-02-20T02:04:41.970Z] Feb 19, 2026 9:04:41 PM io.gapi.emulators.netty.HttpVersionRoutingHandler channelRead
INFO: Detected non-HTTP/2 connection.
 {"metadata":{"emulator":{"name":"firestore"},"message":"Feb 19, 2026 9:04:41 PM io.gapi.emulators.netty.HttpVersionRoutingHandler channelRead\nINFO: Detected non-HTTP/2 connection.\n"}}
[debug] [2026-02-20T02:04:42.028Z] Feb 19, 2026 9:04:42 PM io.gapi.emulators.netty.HttpVersionRoutingHandler channelRead
INFO: Detected non-HTTP/2 connection.
 {"metadata":{"emulator":{"name":"firestore"},"message":"Feb 19, 2026 9:04:42 PM io.gapi.emulators.netty.HttpVersionRoutingHandler channelRead\nINFO: Detected non-HTTP/2 connection.\n"}}
[debug] [2026-02-20T02:04:42.035Z] Feb 19, 2026 9:04:42 PM io.gapi.emulators.netty.HttpVersionRoutingHandler channelRead
INFO: Detected non-HTTP/2 connection.
 {"metadata":{"emulator":{"name":"firestore"},"message":"Feb 19, 2026 9:04:42 PM io.gapi.emulators.netty.HttpVersionRoutingHandler channelRead\nINFO: Detected non-HTTP/2 connection.\n"}}
[debug] [2026-02-20T02:04:59.434Z] Feb 19, 2026 9:04:59 PM io.gapi.emulators.netty.HttpVersionRoutingHandler channelRead
INFO: Detected non-HTTP/2 connection.
 {"metadata":{"emulator":{"name":"firestore"},"message":"Feb 19, 2026 9:04:59 PM io.gapi.emulators.netty.HttpVersionRoutingHandler channelRead\nINFO: Detected non-HTTP/2 connection.\n"}}
[debug] [2026-02-20T02:04:59.443Z] Feb 19, 2026 9:04:59 PM io.gapi.emulators.netty.HttpVersionRoutingHandler channelRead
INFO: Detected non-HTTP/2 connection.
 {"metadata":{"emulator":{"name":"firestore"},"message":"Feb 19, 2026 9:04:59 PM io.gapi.emulators.netty.HttpVersionRoutingHandler channelRead\nINFO: Detected non-HTTP/2 connection.\n"}}
[debug] [2026-02-20T02:04:59.445Z] Feb 19, 2026 9:04:59 PM io.gapi.emulators.netty.HttpVersionRoutingHandler channelRead
INFO: Detected non-HTTP/2 connection.
 {"metadata":{"emulator":{"name":"firestore"},"message":"Feb 19, 2026 9:04:59 PM io.gapi.emulators.netty.HttpVersionRoutingHandler channelRead\nINFO: Detected non-HTTP/2 connection.\n"}}
[debug] [2026-02-20T02:04:59.445Z] Feb 19, 2026 9:04:59 PM io.gapi.emulators.netty.HttpVersionRoutingHandler channelRead
INFO: Detected non-HTTP/2 connection.
 {"metadata":{"emulator":{"name":"firestore"},"message":"Feb 19, 2026 9:04:59 PM io.gapi.emulators.netty.HttpVersionRoutingHandler channelRead\nINFO: Detected non-HTTP/2 connection.\n"}}
[debug] [2026-02-20T02:04:59.446Z] Feb 19, 2026 9:04:59 PM com.google.cloud.datastore.emulator.firestore.webchannel.FirestoreV1WebChannelAdapter$FirestoreWriteHandler onClose
INFO: channel closed
 {"metadata":{"emulator":{"name":"firestore"},"message":"Feb 19, 2026 9:04:59 PM com.google.cloud.datastore.emulator.firestore.webchannel.FirestoreV1WebChannelAdapter$FirestoreWriteHandler onClose\nINFO: channel closed\n"}}
[debug] [2026-02-20T02:04:59.447Z] Feb 19, 2026 9:04:59 PM com.google.cloud.datastore.emulator.firestore.webchannel.FirestoreV1WebChannelAdapter$FirestoreListenHandler onClose
INFO: channel closed
 {"metadata":{"emulator":{"name":"firestore"},"message":"Feb 19, 2026 9:04:59 PM com.google.cloud.datastore.emulator.firestore.webchannel.FirestoreV1WebChannelAdapter$FirestoreListenHandler onClose\nINFO: channel closed\n"}}
[debug] [2026-02-20T02:05:06.105Z] Feb 19, 2026 9:05:06 PM io.gapi.emulators.netty.HttpVersionRoutingHandler channelRead
INFO: Detected non-HTTP/2 connection.
 {"metadata":{"emulator":{"name":"firestore"},"message":"Feb 19, 2026 9:05:06 PM io.gapi.emulators.netty.HttpVersionRoutingHandler channelRead\nINFO: Detected non-HTTP/2 connection.\n"}}
[debug] [2026-02-20T02:05:06.131Z] Feb 19, 2026 9:05:06 PM io.gapi.emulators.netty.HttpVersionRoutingHandler channelRead
INFO: Detected non-HTTP/2 connection.
 {"metadata":{"emulator":{"name":"firestore"},"message":"Feb 19, 2026 9:05:06 PM io.gapi.emulators.netty.HttpVersionRoutingHandler channelRead\nINFO: Detected non-HTTP/2 connection.\n"}}
[debug] [2026-02-20T02:05:06.147Z] Feb 19, 2026 9:05:06 PM io.gapi.emulators.netty.HttpVersionRoutingHandler channelRead
INFO: Detected non-HTTP/2 connection.
 {"metadata":{"emulator":{"name":"firestore"},"message":"Feb 19, 2026 9:05:06 PM io.gapi.emulators.netty.HttpVersionRoutingHandler channelRead\nINFO: Detected non-HTTP/2 connection.\n"}}
[debug] [2026-02-20T02:05:06.153Z] Feb 19, 2026 9:05:06 PM io.gapi.emulators.netty.HttpVersionRoutingHandler channelRead
INFO: Detected non-HTTP/2 connection.
 {"metadata":{"emulator":{"name":"firestore"},"message":"Feb 19, 2026 9:05:06 PM io.gapi.emulators.netty.HttpVersionRoutingHandler channelRead\nINFO: Detected non-HTTP/2 connection.\n"}}
[debug] [2026-02-20T02:05:06.159Z] Feb 19, 2026 9:05:06 PM io.gapi.emulators.netty.HttpVersionRoutingHandler channelRead
INFO: Detected non-HTTP/2 connection.
 {"metadata":{"emulator":{"name":"firestore"},"message":"Feb 19, 2026 9:05:06 PM io.gapi.emulators.netty.HttpVersionRoutingHandler channelRead\nINFO: Detected non-HTTP/2 connection.\n"}}
[debug] [2026-02-20T02:05:06.222Z] Feb 19, 2026 9:05:06 PM io.gapi.emulators.netty.HttpVersionRoutingHandler channelRead
INFO: Detected non-HTTP/2 connection.
 {"metadata":{"emulator":{"name":"firestore"},"message":"Feb 19, 2026 9:05:06 PM io.gapi.emulators.netty.HttpVersionRoutingHandler channelRead\nINFO: Detected non-HTTP/2 connection.\n"}}
[debug] [2026-02-20T02:05:06.231Z] Feb 19, 2026 9:05:06 PM io.gapi.emulators.netty.HttpVersionRoutingHandler channelRead
INFO: Detected non-HTTP/2 connection.
 {"metadata":{"emulator":{"name":"firestore"},"message":"Feb 19, 2026 9:05:06 PM io.gapi.emulators.netty.HttpVersionRoutingHandler channelRead\nINFO: Detected non-HTTP/2 connection.\n"}}
[debug] [2026-02-20T02:05:09.741Z] Feb 19, 2026 9:05:09 PM io.gapi.emulators.netty.HttpVersionRoutingHandler channelRead
INFO: Detected non-HTTP/2 connection.
 {"metadata":{"emulator":{"name":"firestore"},"message":"Feb 19, 2026 9:05:09 PM io.gapi.emulators.netty.HttpVersionRoutingHandler channelRead\nINFO: Detected non-HTTP/2 connection.\n"}}
[debug] [2026-02-20T02:05:10.487Z] Feb 19, 2026 9:05:10 PM io.gapi.emulators.netty.HttpVersionRoutingHandler channelRead
INFO: Detected non-HTTP/2 connection.
 {"metadata":{"emulator":{"name":"firestore"},"message":"Feb 19, 2026 9:05:10 PM io.gapi.emulators.netty.HttpVersionRoutingHandler channelRead\nINFO: Detected non-HTTP/2 connection.\n"}}
[debug] [2026-02-20T02:05:11.163Z] Feb 19, 2026 9:05:11 PM io.gapi.emulators.netty.HttpVersionRoutingHandler channelRead
INFO: Detected non-HTTP/2 connection.
 {"metadata":{"emulator":{"name":"firestore"},"message":"Feb 19, 2026 9:05:11 PM io.gapi.emulators.netty.HttpVersionRoutingHandler channelRead\nINFO: Detected non-HTTP/2 connection.\n"}}
[debug] [2026-02-20T02:05:13.429Z] Feb 19, 2026 9:05:13 PM io.gapi.emulators.netty.HttpVersionRoutingHandler channelRead
INFO: Detected non-HTTP/2 connection.
 {"metadata":{"emulator":{"name":"firestore"},"message":"Feb 19, 2026 9:05:13 PM io.gapi.emulators.netty.HttpVersionRoutingHandler channelRead\nINFO: Detected non-HTTP/2 connection.\n"}}
[debug] [2026-02-20T02:05:19.213Z] Feb 19, 2026 9:05:19 PM io.gapi.emulators.netty.HttpVersionRoutingHandler channelRead
INFO: Detected non-HTTP/2 connection.
 {"metadata":{"emulator":{"name":"firestore"},"message":"Feb 19, 2026 9:05:19 PM io.gapi.emulators.netty.HttpVersionRoutingHandler channelRead\nINFO: Detected non-HTTP/2 connection.\n"}}
[debug] [2026-02-20T02:05:22.097Z] Feb 19, 2026 9:05:22 PM io.gapi.emulators.netty.HttpVersionRoutingHandler channelRead
INFO: Detected non-HTTP/2 connection.
 {"metadata":{"emulator":{"name":"firestore"},"message":"Feb 19, 2026 9:05:22 PM io.gapi.emulators.netty.HttpVersionRoutingHandler channelRead\nINFO: Detected non-HTTP/2 connection.\n"}}
[debug] [2026-02-20T02:05:22.223Z] Feb 19, 2026 9:05:22 PM io.gapi.emulators.netty.HttpVersionRoutingHandler channelRead
INFO: Detected non-HTTP/2 connection.
 {"metadata":{"emulator":{"name":"firestore"},"message":"Feb 19, 2026 9:05:22 PM io.gapi.emulators.netty.HttpVersionRoutingHandler channelRead\nINFO: Detected non-HTTP/2 connection.\n"}}
[debug] [2026-02-20T02:05:24.238Z] Feb 19, 2026 9:05:24 PM io.gapi.emulators.netty.HttpVersionRoutingHandler channelRead
INFO: Detected non-HTTP/2 connection.
 {"metadata":{"emulator":{"name":"firestore"},"message":"Feb 19, 2026 9:05:24 PM io.gapi.emulators.netty.HttpVersionRoutingHandler channelRead\nINFO: Detected non-HTTP/2 connection.\n"}}
[debug] [2026-02-20T02:05:24.663Z] Feb 19, 2026 9:05:24 PM io.gapi.emulators.netty.HttpVersionRoutingHandler channelRead
INFO: Detected non-HTTP/2 connection.
 {"metadata":{"emulator":{"name":"firestore"},"message":"Feb 19, 2026 9:05:24 PM io.gapi.emulators.netty.HttpVersionRoutingHandler channelRead\nINFO: Detected non-HTTP/2 connection.\n"}}
[debug] [2026-02-20T02:05:25.983Z] Feb 19, 2026 9:05:25 PM io.gapi.emulators.netty.HttpVersionRoutingHandler channelRead
INFO: Detected non-HTTP/2 connection.
 {"metadata":{"emulator":{"name":"firestore"},"message":"Feb 19, 2026 9:05:25 PM io.gapi.emulators.netty.HttpVersionRoutingHandler channelRead\nINFO: Detected non-HTTP/2 connection.\n"}}
[debug] [2026-02-20T02:05:28.235Z] Feb 19, 2026 9:05:28 PM io.gapi.emulators.netty.HttpVersionRoutingHandler channelRead
INFO: Detected non-HTTP/2 connection.
 {"metadata":{"emulator":{"name":"firestore"},"message":"Feb 19, 2026 9:05:28 PM io.gapi.emulators.netty.HttpVersionRoutingHandler channelRead\nINFO: Detected non-HTTP/2 connection.\n"}}
[debug] [2026-02-20T02:05:28.255Z] Feb 19, 2026 9:05:28 PM io.gapi.emulators.netty.HttpVersionRoutingHandler channelRead
INFO: Detected non-HTTP/2 connection.
 {"metadata":{"emulator":{"name":"firestore"},"message":"Feb 19, 2026 9:05:28 PM io.gapi.emulators.netty.HttpVersionRoutingHandler channelRead\nINFO: Detected non-HTTP/2 connection.\n"}}
[debug] [2026-02-20T02:05:29.229Z] Feb 19, 2026 9:05:29 PM io.gapi.emulators.netty.HttpVersionRoutingHandler channelRead
INFO: Detected non-HTTP/2 connection.
 {"metadata":{"emulator":{"name":"firestore"},"message":"Feb 19, 2026 9:05:29 PM io.gapi.emulators.netty.HttpVersionRoutingHandler channelRead\nINFO: Detected non-HTTP/2 connection.\n"}}
[debug] [2026-02-20T02:05:36.381Z] Feb 19, 2026 9:05:36 PM io.gapi.emulators.netty.HttpVersionRoutingHandler channelRead
INFO: Detected non-HTTP/2 connection.
 {"metadata":{"emulator":{"name":"firestore"},"message":"Feb 19, 2026 9:05:36 PM io.gapi.emulators.netty.HttpVersionRoutingHandler channelRead\nINFO: Detected non-HTTP/2 connection.\n"}}
[debug] [2026-02-20T02:05:37.482Z] Feb 19, 2026 9:05:37 PM io.gapi.emulators.netty.HttpVersionRoutingHandler channelRead
INFO: Detected non-HTTP/2 connection.
 {"metadata":{"emulator":{"name":"firestore"},"message":"Feb 19, 2026 9:05:37 PM io.gapi.emulators.netty.HttpVersionRoutingHandler channelRead\nINFO: Detected non-HTTP/2 connection.\n"}}
[debug] [2026-02-20T02:05:39.713Z] Feb 19, 2026 9:05:39 PM io.gapi.emulators.netty.HttpVersionRoutingHandler channelRead
INFO: Detected non-HTTP/2 connection.
 {"metadata":{"emulator":{"name":"firestore"},"message":"Feb 19, 2026 9:05:39 PM io.gapi.emulators.netty.HttpVersionRoutingHandler channelRead\nINFO: Detected non-HTTP/2 connection.\n"}}
[debug] [2026-02-20T02:05:45.065Z] Feb 19, 2026 9:05:45 PM io.gapi.emulators.netty.HttpVersionRoutingHandler channelRead
INFO: Detected non-HTTP/2 connection.
 {"metadata":{"emulator":{"name":"firestore"},"message":"Feb 19, 2026 9:05:45 PM io.gapi.emulators.netty.HttpVersionRoutingHandler channelRead\nINFO: Detected non-HTTP/2 connection.\n"}}
[debug] [2026-02-20T02:06:15.101Z] Feb 19, 2026 9:06:15 PM io.gapi.emulators.netty.HttpVersionRoutingHandler channelRead
INFO: Detected non-HTTP/2 connection.
 {"metadata":{"emulator":{"name":"firestore"},"message":"Feb 19, 2026 9:06:15 PM io.gapi.emulators.netty.HttpVersionRoutingHandler channelRead\nINFO: Detected non-HTTP/2 connection.\n"}}
[debug] [2026-02-20T02:06:15.102Z] Feb 19, 2026 9:06:15 PM io.gapi.emulators.netty.HttpVersionRoutingHandler channelRead
INFO: Detected non-HTTP/2 connection.
Feb 19, 2026 9:06:15 PM io.gapi.emulators.netty.HttpVersionRoutingHandler channelRead
INFO: Detected non-HTTP/2 connection.
 {"metadata":{"emulator":{"name":"firestore"},"message":"Feb 19, 2026 9:06:15 PM io.gapi.emulators.netty.HttpVersionRoutingHandler channelRead\nINFO: Detected non-HTTP/2 connection.\nFeb 19, 2026 9:06:15 PM io.gapi.emulators.netty.HttpVersionRoutingHandler channelRead\nINFO: Detected non-HTTP/2 connection.\n"}}
[debug] [2026-02-20T02:06:20.198Z] Feb 19, 2026 9:06:20 PM io.gapi.emulators.netty.HttpVersionRoutingHandler channelRead
INFO: Detected non-HTTP/2 connection.
 {"metadata":{"emulator":{"name":"firestore"},"message":"Feb 19, 2026 9:06:20 PM io.gapi.emulators.netty.HttpVersionRoutingHandler channelRead\nINFO: Detected non-HTTP/2 connection.\n"}}
[debug] [2026-02-20T02:06:20.285Z] Feb 19, 2026 9:06:20 PM io.gapi.emulators.netty.HttpVersionRoutingHandler channelRead
INFO: Detected non-HTTP/2 connection.
 {"metadata":{"emulator":{"name":"firestore"},"message":"Feb 19, 2026 9:06:20 PM io.gapi.emulators.netty.HttpVersionRoutingHandler channelRead\nINFO: Detected non-HTTP/2 connection.\n"}}
[debug] [2026-02-20T02:06:52.962Z] Feb 19, 2026 9:06:52 PM io.gapi.emulators.netty.HttpVersionRoutingHandler channelRead
INFO: Detected non-HTTP/2 connection.
 {"metadata":{"emulator":{"name":"firestore"},"message":"Feb 19, 2026 9:06:52 PM io.gapi.emulators.netty.HttpVersionRoutingHandler channelRead\nINFO: Detected non-HTTP/2 connection.\n"}}
[debug] [2026-02-20T02:06:53.038Z] Feb 19, 2026 9:06:53 PM io.gapi.emulators.netty.HttpVersionRoutingHandler channelRead
INFO: Detected non-HTTP/2 connection.
 {"metadata":{"emulator":{"name":"firestore"},"message":"Feb 19, 2026 9:06:53 PM io.gapi.emulators.netty.HttpVersionRoutingHandler channelRead\nINFO: Detected non-HTTP/2 connection.\n"}}
[debug] [2026-02-20T02:07:00.867Z] Feb 19, 2026 9:07:00 PM io.gapi.emulators.netty.HttpVersionRoutingHandler channelRead
INFO: Detected non-HTTP/2 connection.
 {"metadata":{"emulator":{"name":"firestore"},"message":"Feb 19, 2026 9:07:00 PM io.gapi.emulators.netty.HttpVersionRoutingHandler channelRead\nINFO: Detected non-HTTP/2 connection.\n"}}
[debug] [2026-02-20T02:07:00.899Z] Feb 19, 2026 9:07:00 PM io.gapi.emulators.netty.HttpVersionRoutingHandler channelRead
INFO: Detected non-HTTP/2 connection.
 {"metadata":{"emulator":{"name":"firestore"},"message":"Feb 19, 2026 9:07:00 PM io.gapi.emulators.netty.HttpVersionRoutingHandler channelRead\nINFO: Detected non-HTTP/2 connection.\n"}}
[debug] [2026-02-20T02:07:00.917Z] Feb 19, 2026 9:07:00 PM io.gapi.emulators.netty.HttpVersionRoutingHandler channelRead
INFO: Detected non-HTTP/2 connection.
 {"metadata":{"emulator":{"name":"firestore"},"message":"Feb 19, 2026 9:07:00 PM io.gapi.emulators.netty.HttpVersionRoutingHandler channelRead\nINFO: Detected non-HTTP/2 connection.\n"}}
[debug] [2026-02-20T02:07:00.922Z] Feb 19, 2026 9:07:00 PM io.gapi.emulators.netty.HttpVersionRoutingHandler channelRead
INFO: Detected non-HTTP/2 connection.
 {"metadata":{"emulator":{"name":"firestore"},"message":"Feb 19, 2026 9:07:00 PM io.gapi.emulators.netty.HttpVersionRoutingHandler channelRead\nINFO: Detected non-HTTP/2 connection.\n"}}
[debug] [2026-02-20T02:07:00.924Z] Feb 19, 2026 9:07:00 PM io.gapi.emulators.netty.HttpVersionRoutingHandler channelRead
INFO: Detected non-HTTP/2 connection.
 {"metadata":{"emulator":{"name":"firestore"},"message":"Feb 19, 2026 9:07:00 PM io.gapi.emulators.netty.HttpVersionRoutingHandler channelRead\nINFO: Detected non-HTTP/2 connection.\n"}}
[debug] [2026-02-20T02:07:45.957Z] Feb 19, 2026 9:07:45 PM io.gapi.emulators.netty.HttpVersionRoutingHandler channelRead
INFO: Detected non-HTTP/2 connection.
 {"metadata":{"emulator":{"name":"firestore"},"message":"Feb 19, 2026 9:07:45 PM io.gapi.emulators.netty.HttpVersionRoutingHandler channelRead\nINFO: Detected non-HTTP/2 connection.\n"}}
[debug] [2026-02-20T02:08:00.955Z] Feb 19, 2026 9:08:00 PM io.gapi.emulators.netty.HttpVersionRoutingHandler channelRead
INFO: Detected non-HTTP/2 connection.
 {"metadata":{"emulator":{"name":"firestore"},"message":"Feb 19, 2026 9:08:00 PM io.gapi.emulators.netty.HttpVersionRoutingHandler channelRead\nINFO: Detected non-HTTP/2 connection.\n"}}
[debug] [2026-02-20T02:08:00.956Z] Feb 19, 2026 9:08:00 PM io.gapi.emulators.netty.HttpVersionRoutingHandler channelRead
INFO: Detected non-HTTP/2 connection.
 {"metadata":{"emulator":{"name":"firestore"},"message":"Feb 19, 2026 9:08:00 PM io.gapi.emulators.netty.HttpVersionRoutingHandler channelRead\nINFO: Detected non-HTTP/2 connection.\n"}}
[debug] [2026-02-20T02:08:00.957Z] Feb 19, 2026 9:08:00 PM io.gapi.emulators.netty.HttpVersionRoutingHandler channelRead
INFO: Detected non-HTTP/2 connection.
 {"metadata":{"emulator":{"name":"firestore"},"message":"Feb 19, 2026 9:08:00 PM io.gapi.emulators.netty.HttpVersionRoutingHandler channelRead\nINFO: Detected non-HTTP/2 connection.\n"}}
[debug] [2026-02-20T02:08:00.958Z] Feb 19, 2026 9:08:00 PM com.google.cloud.datastore.emulator.firestore.webchannel.FirestoreV1WebChannelAdapter$FirestoreWriteHandler onClose
INFO: channel closed
 {"metadata":{"emulator":{"name":"firestore"},"message":"Feb 19, 2026 9:08:00 PM com.google.cloud.datastore.emulator.firestore.webchannel.FirestoreV1WebChannelAdapter$FirestoreWriteHandler onClose\nINFO: channel closed\n"}}
[debug] [2026-02-20T02:09:00.974Z] Feb 19, 2026 9:09:00 PM io.gapi.emulators.netty.HttpVersionRoutingHandler channelRead
INFO: Detected non-HTTP/2 connection.
Feb 19, 2026 9:09:00 PM io.gapi.emulators.netty.HttpVersionRoutingHandler channelRead
INFO: Detected non-HTTP/2 connection.
 {"metadata":{"emulator":{"name":"firestore"},"message":"Feb 19, 2026 9:09:00 PM io.gapi.emulators.netty.HttpVersionRoutingHandler channelRead\nINFO: Detected non-HTTP/2 connection.\nFeb 19, 2026 9:09:00 PM io.gapi.emulators.netty.HttpVersionRoutingHandler channelRead\nINFO: Detected non-HTTP/2 connection.\n"}}
[debug] [2026-02-20T02:09:55.434Z] Feb 19, 2026 9:09:55 PM io.gapi.emulators.netty.HttpVersionRoutingHandler channelRead
INFO: Detected non-HTTP/2 connection.
 {"metadata":{"emulator":{"name":"firestore"},"message":"Feb 19, 2026 9:09:55 PM io.gapi.emulators.netty.HttpVersionRoutingHandler channelRead\nINFO: Detected non-HTTP/2 connection.\n"}}
[debug] [2026-02-20T02:09:55.472Z] Feb 19, 2026 9:09:55 PM io.gapi.emulators.netty.HttpVersionRoutingHandler channelRead
INFO: Detected non-HTTP/2 connection.
 {"metadata":{"emulator":{"name":"firestore"},"message":"Feb 19, 2026 9:09:55 PM io.gapi.emulators.netty.HttpVersionRoutingHandler channelRead\nINFO: Detected non-HTTP/2 connection.\n"}}
[debug] [2026-02-20T02:09:55.475Z] Feb 19, 2026 9:09:55 PM io.gapi.emulators.netty.HttpVersionRoutingHandler channelRead
INFO: Detected non-HTTP/2 connection.
 {"metadata":{"emulator":{"name":"firestore"},"message":"Feb 19, 2026 9:09:55 PM io.gapi.emulators.netty.HttpVersionRoutingHandler channelRead\nINFO: Detected non-HTTP/2 connection.\n"}}
[debug] [2026-02-20T02:09:55.529Z] Feb 19, 2026 9:09:55 PM io.gapi.emulators.netty.HttpVersionRoutingHandler channelRead
INFO: Detected non-HTTP/2 connection.
 {"metadata":{"emulator":{"name":"firestore"},"message":"Feb 19, 2026 9:09:55 PM io.gapi.emulators.netty.HttpVersionRoutingHandler channelRead\nINFO: Detected non-HTTP/2 connection.\n"}}
[debug] [2026-02-20T02:09:55.531Z] Feb 19, 2026 9:09:55 PM io.gapi.emulators.netty.HttpVersionRoutingHandler channelRead
INFO: Detected non-HTTP/2 connection.
 {"metadata":{"emulator":{"name":"firestore"},"message":"Feb 19, 2026 9:09:55 PM io.gapi.emulators.netty.HttpVersionRoutingHandler channelRead\nINFO: Detected non-HTTP/2 connection.\n"}}
[debug] [2026-02-20T02:10:15.548Z] Feb 19, 2026 9:10:15 PM io.gapi.emulators.netty.HttpVersionRoutingHandler channelRead
INFO: Detected non-HTTP/2 connection.
 {"metadata":{"emulator":{"name":"firestore"},"message":"Feb 19, 2026 9:10:15 PM io.gapi.emulators.netty.HttpVersionRoutingHandler channelRead\nINFO: Detected non-HTTP/2 connection.\n"}}
[debug] [2026-02-20T02:10:15.604Z] Feb 19, 2026 9:10:15 PM io.gapi.emulators.netty.HttpVersionRoutingHandler channelRead
INFO: Detected non-HTTP/2 connection.
 {"metadata":{"emulator":{"name":"firestore"},"message":"Feb 19, 2026 9:10:15 PM io.gapi.emulators.netty.HttpVersionRoutingHandler channelRead\nINFO: Detected non-HTTP/2 connection.\n"}}
[debug] [2026-02-20T02:10:45.635Z] Feb 19, 2026 9:10:45 PM io.gapi.emulators.netty.HttpVersionRoutingHandler channelRead
INFO: Detected non-HTTP/2 connection.
 {"metadata":{"emulator":{"name":"firestore"},"message":"Feb 19, 2026 9:10:45 PM io.gapi.emulators.netty.HttpVersionRoutingHandler channelRead\nINFO: Detected non-HTTP/2 connection.\n"}}
[debug] [2026-02-20T02:10:45.635Z] Feb 19, 2026 9:10:45 PM io.gapi.emulators.netty.HttpVersionRoutingHandler channelRead
INFO: Detected non-HTTP/2 connection.
Feb 19, 2026 9:10:45 PM io.gapi.emulators.netty.HttpVersionRoutingHandler channelRead
INFO: Detected non-HTTP/2 connection.
 {"metadata":{"emulator":{"name":"firestore"},"message":"Feb 19, 2026 9:10:45 PM io.gapi.emulators.netty.HttpVersionRoutingHandler channelRead\nINFO: Detected non-HTTP/2 connection.\nFeb 19, 2026 9:10:45 PM io.gapi.emulators.netty.HttpVersionRoutingHandler channelRead\nINFO: Detected non-HTTP/2 connection.\n"}}
[debug] [2026-02-20T02:10:46.547Z] Feb 19, 2026 9:10:46 PM io.gapi.emulators.netty.HttpVersionRoutingHandler channelRead
INFO: Detected non-HTTP/2 connection.
 {"metadata":{"emulator":{"name":"firestore"},"message":"Feb 19, 2026 9:10:46 PM io.gapi.emulators.netty.HttpVersionRoutingHandler channelRead\nINFO: Detected non-HTTP/2 connection.\n"}}
[debug] [2026-02-20T02:10:56.107Z] Feb 19, 2026 9:10:56 PM io.gapi.emulators.netty.HttpVersionRoutingHandler channelRead
INFO: Detected non-HTTP/2 connection.
 {"metadata":{"emulator":{"name":"firestore"},"message":"Feb 19, 2026 9:10:56 PM io.gapi.emulators.netty.HttpVersionRoutingHandler channelRead\nINFO: Detected non-HTTP/2 connection.\n"}}
[debug] [2026-02-20T02:10:57.475Z] Feb 19, 2026 9:10:57 PM io.gapi.emulators.netty.HttpVersionRoutingHandler channelRead
INFO: Detected non-HTTP/2 connection.
 {"metadata":{"emulator":{"name":"firestore"},"message":"Feb 19, 2026 9:10:57 PM io.gapi.emulators.netty.HttpVersionRoutingHandler channelRead\nINFO: Detected non-HTTP/2 connection.\n"}}
[debug] [2026-02-20T02:10:59.495Z] Feb 19, 2026 9:10:59 PM io.gapi.emulators.netty.HttpVersionRoutingHandler channelRead
INFO: Detected non-HTTP/2 connection.
 {"metadata":{"emulator":{"name":"firestore"},"message":"Feb 19, 2026 9:10:59 PM io.gapi.emulators.netty.HttpVersionRoutingHandler channelRead\nINFO: Detected non-HTTP/2 connection.\n"}}
[debug] [2026-02-20T02:11:09.000Z] Feb 19, 2026 9:11:09 PM io.gapi.emulators.netty.HttpVersionRoutingHandler channelRead
INFO: Detected non-HTTP/2 connection.
 {"metadata":{"emulator":{"name":"firestore"},"message":"Feb 19, 2026 9:11:09 PM io.gapi.emulators.netty.HttpVersionRoutingHandler channelRead\nINFO: Detected non-HTTP/2 connection.\n"}}
[debug] [2026-02-20T02:11:28.140Z] Feb 19, 2026 9:11:28 PM io.gapi.emulators.netty.HttpVersionRoutingHandler channelRead
INFO: Detected non-HTTP/2 connection.
 {"metadata":{"emulator":{"name":"firestore"},"message":"Feb 19, 2026 9:11:28 PM io.gapi.emulators.netty.HttpVersionRoutingHandler channelRead\nINFO: Detected non-HTTP/2 connection.\n"}}
[debug] [2026-02-20T02:11:28.140Z] Feb 19, 2026 9:11:28 PM io.gapi.emulators.netty.HttpVersionRoutingHandler channelRead
INFO: Detected non-HTTP/2 connection.
 {"metadata":{"emulator":{"name":"firestore"},"message":"Feb 19, 2026 9:11:28 PM io.gapi.emulators.netty.HttpVersionRoutingHandler channelRead\nINFO: Detected non-HTTP/2 connection.\n"}}
[debug] [2026-02-20T02:11:28.142Z] Feb 19, 2026 9:11:28 PM io.gapi.emulators.netty.HttpVersionRoutingHandler channelRead
INFO: Detected non-HTTP/2 connection.
 {"metadata":{"emulator":{"name":"firestore"},"message":"Feb 19, 2026 9:11:28 PM io.gapi.emulators.netty.HttpVersionRoutingHandler channelRead\nINFO: Detected non-HTTP/2 connection.\n"}}
[debug] [2026-02-20T02:11:28.142Z] Feb 19, 2026 9:11:28 PM io.gapi.emulators.netty.HttpVersionRoutingHandler channelRead
INFO: Detected non-HTTP/2 connection.
 {"metadata":{"emulator":{"name":"firestore"},"message":"Feb 19, 2026 9:11:28 PM io.gapi.emulators.netty.HttpVersionRoutingHandler channelRead\nINFO: Detected non-HTTP/2 connection.\n"}}
[debug] [2026-02-20T02:11:28.142Z] Feb 19, 2026 9:11:28 PM io.gapi.emulators.netty.HttpVersionRoutingHandler channelRead
INFO: Detected non-HTTP/2 connection.
 {"metadata":{"emulator":{"name":"firestore"},"message":"Feb 19, 2026 9:11:28 PM io.gapi.emulators.netty.HttpVersionRoutingHandler channelRead\nINFO: Detected non-HTTP/2 connection.\n"}}
[debug] [2026-02-20T02:11:30.086Z] Feb 19, 2026 9:11:30 PM com.google.cloud.datastore.emulator.firestore.websocket.WebSocketChannelHandler channelClosed
INFO: Websocket client disconnected
 {"metadata":{"emulator":{"name":"firestore"},"message":"Feb 19, 2026 9:11:30 PM com.google.cloud.datastore.emulator.firestore.websocket.WebSocketChannelHandler channelClosed\nINFO: Websocket client disconnected\n"}}
[debug] [2026-02-20T02:11:30.196Z] Feb 19, 2026 9:11:30 PM com.google.cloud.datastore.emulator.firestore.websocket.WebSocketChannelHandler initChannel
INFO: Connected to new websocket client
 {"metadata":{"emulator":{"name":"firestore"},"message":"Feb 19, 2026 9:11:30 PM com.google.cloud.datastore.emulator.firestore.websocket.WebSocketChannelHandler initChannel\nINFO: Connected to new websocket client\n"}}
[debug] [2026-02-20T02:11:30.206Z] Feb 19, 2026 9:11:30 PM io.gapi.emulators.netty.HttpVersionRoutingHandler channelRead
INFO: Detected non-HTTP/2 connection.
 {"metadata":{"emulator":{"name":"firestore"},"message":"Feb 19, 2026 9:11:30 PM io.gapi.emulators.netty.HttpVersionRoutingHandler channelRead\nINFO: Detected non-HTTP/2 connection.\n"}}
[debug] [2026-02-20T02:11:30.212Z] Feb 19, 2026 9:11:30 PM io.gapi.emulators.netty.HttpVersionRoutingHandler channelRead
INFO: Detected non-HTTP/2 connection.
 {"metadata":{"emulator":{"name":"firestore"},"message":"Feb 19, 2026 9:11:30 PM io.gapi.emulators.netty.HttpVersionRoutingHandler channelRead\nINFO: Detected non-HTTP/2 connection.\n"}}
[debug] [2026-02-20T02:11:30.229Z] Feb 19, 2026 9:11:30 PM io.gapi.emulators.netty.HttpVersionRoutingHandler channelRead
INFO: Detected non-HTTP/2 connection.
 {"metadata":{"emulator":{"name":"firestore"},"message":"Feb 19, 2026 9:11:30 PM io.gapi.emulators.netty.HttpVersionRoutingHandler channelRead\nINFO: Detected non-HTTP/2 connection.\n"}}
[debug] [2026-02-20T02:11:30.233Z] Feb 19, 2026 9:11:30 PM io.gapi.emulators.netty.HttpVersionRoutingHandler channelRead
INFO: Detected non-HTTP/2 connection.
 {"metadata":{"emulator":{"name":"firestore"},"message":"Feb 19, 2026 9:11:30 PM io.gapi.emulators.netty.HttpVersionRoutingHandler channelRead\nINFO: Detected non-HTTP/2 connection.\n"}}
[debug] [2026-02-20T02:11:30.246Z] Feb 19, 2026 9:11:30 PM io.gapi.emulators.netty.HttpVersionRoutingHandler channelRead
INFO: Detected non-HTTP/2 connection.
 {"metadata":{"emulator":{"name":"firestore"},"message":"Feb 19, 2026 9:11:30 PM io.gapi.emulators.netty.HttpVersionRoutingHandler channelRead\nINFO: Detected non-HTTP/2 connection.\n"}}
[debug] [2026-02-20T02:11:39.058Z] Feb 19, 2026 9:11:39 PM io.gapi.emulators.netty.HttpVersionRoutingHandler channelRead
INFO: Detected non-HTTP/2 connection.
 {"metadata":{"emulator":{"name":"firestore"},"message":"Feb 19, 2026 9:11:39 PM io.gapi.emulators.netty.HttpVersionRoutingHandler channelRead\nINFO: Detected non-HTTP/2 connection.\n"}}
[debug] [2026-02-20T02:11:39.058Z] Feb 19, 2026 9:11:39 PM io.gapi.emulators.netty.HttpVersionRoutingHandler channelRead
INFO: Detected non-HTTP/2 connection.
 {"metadata":{"emulator":{"name":"firestore"},"message":"Feb 19, 2026 9:11:39 PM io.gapi.emulators.netty.HttpVersionRoutingHandler channelRead\nINFO: Detected non-HTTP/2 connection.\n"}}
[debug] [2026-02-20T02:11:46.662Z] Feb 19, 2026 9:11:46 PM io.gapi.emulators.netty.HttpVersionRoutingHandler channelRead
INFO: Detected non-HTTP/2 connection.
 {"metadata":{"emulator":{"name":"firestore"},"message":"Feb 19, 2026 9:11:46 PM io.gapi.emulators.netty.HttpVersionRoutingHandler channelRead\nINFO: Detected non-HTTP/2 connection.\n"}}
[debug] [2026-02-20T02:11:46.735Z] Feb 19, 2026 9:11:46 PM io.gapi.emulators.netty.HttpVersionRoutingHandler channelRead
INFO: Detected non-HTTP/2 connection.
 {"metadata":{"emulator":{"name":"firestore"},"message":"Feb 19, 2026 9:11:46 PM io.gapi.emulators.netty.HttpVersionRoutingHandler channelRead\nINFO: Detected non-HTTP/2 connection.\n"}}
[debug] [2026-02-20T02:12:03.220Z] Feb 19, 2026 9:12:03 PM io.gapi.emulators.netty.HttpVersionRoutingHandler channelRead
INFO: Detected non-HTTP/2 connection.
 {"metadata":{"emulator":{"name":"firestore"},"message":"Feb 19, 2026 9:12:03 PM io.gapi.emulators.netty.HttpVersionRoutingHandler channelRead\nINFO: Detected non-HTTP/2 connection.\n"}}
[debug] [2026-02-20T02:12:09.166Z] Feb 19, 2026 9:12:09 PM io.gapi.emulators.netty.HttpVersionRoutingHandler channelRead
INFO: Detected non-HTTP/2 connection.
 {"metadata":{"emulator":{"name":"firestore"},"message":"Feb 19, 2026 9:12:09 PM io.gapi.emulators.netty.HttpVersionRoutingHandler channelRead\nINFO: Detected non-HTTP/2 connection.\n"}}
[debug] [2026-02-20T02:12:11.469Z] Feb 19, 2026 9:12:11 PM io.gapi.emulators.netty.HttpVersionRoutingHandler channelRead
INFO: Detected non-HTTP/2 connection.
 {"metadata":{"emulator":{"name":"firestore"},"message":"Feb 19, 2026 9:12:11 PM io.gapi.emulators.netty.HttpVersionRoutingHandler channelRead\nINFO: Detected non-HTTP/2 connection.\n"}}
[debug] [2026-02-20T02:12:22.591Z] Feb 19, 2026 9:12:22 PM io.gapi.emulators.netty.HttpVersionRoutingHandler channelRead
INFO: Detected non-HTTP/2 connection.
 {"metadata":{"emulator":{"name":"firestore"},"message":"Feb 19, 2026 9:12:22 PM io.gapi.emulators.netty.HttpVersionRoutingHandler channelRead\nINFO: Detected non-HTTP/2 connection.\n"}}
[debug] [2026-02-20T02:12:22.605Z] Feb 19, 2026 9:12:22 PM io.gapi.emulators.netty.HttpVersionRoutingHandler channelRead
INFO: Detected non-HTTP/2 connection.
 {"metadata":{"emulator":{"name":"firestore"},"message":"Feb 19, 2026 9:12:22 PM io.gapi.emulators.netty.HttpVersionRoutingHandler channelRead\nINFO: Detected non-HTTP/2 connection.\n"}}
[debug] [2026-02-20T02:12:22.609Z] Feb 19, 2026 9:12:22 PM io.gapi.emulators.netty.HttpVersionRoutingHandler channelRead
INFO: Detected non-HTTP/2 connection.
 {"metadata":{"emulator":{"name":"firestore"},"message":"Feb 19, 2026 9:12:22 PM io.gapi.emulators.netty.HttpVersionRoutingHandler channelRead\nINFO: Detected non-HTTP/2 connection.\n"}}
[debug] [2026-02-20T02:12:22.611Z] Feb 19, 2026 9:12:22 PM io.gapi.emulators.netty.HttpVersionRoutingHandler channelRead
INFO: Detected non-HTTP/2 connection.
 {"metadata":{"emulator":{"name":"firestore"},"message":"Feb 19, 2026 9:12:22 PM io.gapi.emulators.netty.HttpVersionRoutingHandler channelRead\nINFO: Detected non-HTTP/2 connection.\n"}}
[debug] [2026-02-20T02:12:22.612Z] Feb 19, 2026 9:12:22 PM com.google.cloud.datastore.emulator.firestore.webchannel.FirestoreV1WebChannelAdapter$FirestoreWriteHandler onClose
INFO: channel closed
 {"metadata":{"emulator":{"name":"firestore"},"message":"Feb 19, 2026 9:12:22 PM com.google.cloud.datastore.emulator.firestore.webchannel.FirestoreV1WebChannelAdapter$FirestoreWriteHandler onClose\nINFO: channel closed\n"}}
[debug] [2026-02-20T02:12:22.613Z] Feb 19, 2026 9:12:22 PM com.google.cloud.datastore.emulator.firestore.webchannel.FirestoreV1WebChannelAdapter$FirestoreListenHandler onClose
INFO: channel closed
 {"metadata":{"emulator":{"name":"firestore"},"message":"Feb 19, 2026 9:12:22 PM com.google.cloud.datastore.emulator.firestore.webchannel.FirestoreV1WebChannelAdapter$FirestoreListenHandler onClose\nINFO: channel closed\n"}}
[debug] [2026-02-20T02:12:30.738Z] Feb 19, 2026 9:12:30 PM io.gapi.emulators.netty.HttpVersionRoutingHandler channelRead
INFO: Detected non-HTTP/2 connection.
 {"metadata":{"emulator":{"name":"firestore"},"message":"Feb 19, 2026 9:12:30 PM io.gapi.emulators.netty.HttpVersionRoutingHandler channelRead\nINFO: Detected non-HTTP/2 connection.\n"}}
[debug] [2026-02-20T02:12:30.760Z] Feb 19, 2026 9:12:30 PM io.gapi.emulators.netty.HttpVersionRoutingHandler channelRead
INFO: Detected non-HTTP/2 connection.
 {"metadata":{"emulator":{"name":"firestore"},"message":"Feb 19, 2026 9:12:30 PM io.gapi.emulators.netty.HttpVersionRoutingHandler channelRead\nINFO: Detected non-HTTP/2 connection.\n"}}
[debug] [2026-02-20T02:12:30.778Z] Feb 19, 2026 9:12:30 PM io.gapi.emulators.netty.HttpVersionRoutingHandler channelRead
INFO: Detected non-HTTP/2 connection.
 {"metadata":{"emulator":{"name":"firestore"},"message":"Feb 19, 2026 9:12:30 PM io.gapi.emulators.netty.HttpVersionRoutingHandler channelRead\nINFO: Detected non-HTTP/2 connection.\n"}}
[debug] [2026-02-20T02:12:30.784Z] Feb 19, 2026 9:12:30 PM io.gapi.emulators.netty.HttpVersionRoutingHandler channelRead
INFO: Detected non-HTTP/2 connection.
 {"metadata":{"emulator":{"name":"firestore"},"message":"Feb 19, 2026 9:12:30 PM io.gapi.emulators.netty.HttpVersionRoutingHandler channelRead\nINFO: Detected non-HTTP/2 connection.\n"}}
[debug] [2026-02-20T02:12:30.868Z] Feb 19, 2026 9:12:30 PM io.gapi.emulators.netty.HttpVersionRoutingHandler channelRead
INFO: Detected non-HTTP/2 connection.
 {"metadata":{"emulator":{"name":"firestore"},"message":"Feb 19, 2026 9:12:30 PM io.gapi.emulators.netty.HttpVersionRoutingHandler channelRead\nINFO: Detected non-HTTP/2 connection.\n"}}
[debug] [2026-02-20T02:12:30.870Z] Feb 19, 2026 9:12:30 PM io.gapi.emulators.netty.HttpVersionRoutingHandler channelRead
INFO: Detected non-HTTP/2 connection.
 {"metadata":{"emulator":{"name":"firestore"},"message":"Feb 19, 2026 9:12:30 PM io.gapi.emulators.netty.HttpVersionRoutingHandler channelRead\nINFO: Detected non-HTTP/2 connection.\n"}}
[debug] [2026-02-20T02:12:30.880Z] Feb 19, 2026 9:12:30 PM io.gapi.emulators.netty.HttpVersionRoutingHandler channelRead
INFO: Detected non-HTTP/2 connection.
 {"metadata":{"emulator":{"name":"firestore"},"message":"Feb 19, 2026 9:12:30 PM io.gapi.emulators.netty.HttpVersionRoutingHandler channelRead\nINFO: Detected non-HTTP/2 connection.\n"}}
[debug] [2026-02-20T02:12:30.890Z] Feb 19, 2026 9:12:30 PM io.gapi.emulators.netty.HttpVersionRoutingHandler channelRead
INFO: Detected non-HTTP/2 connection.
 {"metadata":{"emulator":{"name":"firestore"},"message":"Feb 19, 2026 9:12:30 PM io.gapi.emulators.netty.HttpVersionRoutingHandler channelRead\nINFO: Detected non-HTTP/2 connection.\n"}}
[debug] [2026-02-20T02:13:30.885Z] Feb 19, 2026 9:13:30 PM io.gapi.emulators.netty.HttpVersionRoutingHandler channelRead
INFO: Detected non-HTTP/2 connection.
 {"metadata":{"emulator":{"name":"firestore"},"message":"Feb 19, 2026 9:13:30 PM io.gapi.emulators.netty.HttpVersionRoutingHandler channelRead\nINFO: Detected non-HTTP/2 connection.\n"}}
[debug] [2026-02-20T02:13:30.891Z] Feb 19, 2026 9:13:30 PM io.gapi.emulators.netty.HttpVersionRoutingHandler channelRead
INFO: Detected non-HTTP/2 connection.
 {"metadata":{"emulator":{"name":"firestore"},"message":"Feb 19, 2026 9:13:30 PM io.gapi.emulators.netty.HttpVersionRoutingHandler channelRead\nINFO: Detected non-HTTP/2 connection.\n"}}
[debug] [2026-02-20T02:13:30.893Z] Feb 19, 2026 9:13:30 PM com.google.cloud.datastore.emulator.firestore.webchannel.FirestoreV1WebChannelAdapter$FirestoreWriteHandler onClose
INFO: channel closed
 {"metadata":{"emulator":{"name":"firestore"},"message":"Feb 19, 2026 9:13:30 PM com.google.cloud.datastore.emulator.firestore.webchannel.FirestoreV1WebChannelAdapter$FirestoreWriteHandler onClose\nINFO: channel closed\n"}}
[debug] [2026-02-20T02:13:46.209Z] Feb 19, 2026 9:13:46 PM io.gapi.emulators.netty.HttpVersionRoutingHandler channelRead
INFO: Detected non-HTTP/2 connection.
 {"metadata":{"emulator":{"name":"firestore"},"message":"Feb 19, 2026 9:13:46 PM io.gapi.emulators.netty.HttpVersionRoutingHandler channelRead\nINFO: Detected non-HTTP/2 connection.\n"}}
[debug] [2026-02-20T02:14:30.902Z] Feb 19, 2026 9:14:30 PM io.gapi.emulators.netty.HttpVersionRoutingHandler channelRead
INFO: Detected non-HTTP/2 connection.
 {"metadata":{"emulator":{"name":"firestore"},"message":"Feb 19, 2026 9:14:30 PM io.gapi.emulators.netty.HttpVersionRoutingHandler channelRead\nINFO: Detected non-HTTP/2 connection.\n"}}
[debug] [2026-02-20T02:14:46.222Z] Feb 19, 2026 9:14:46 PM io.gapi.emulators.netty.HttpVersionRoutingHandler channelRead
INFO: Detected non-HTTP/2 connection.
 {"metadata":{"emulator":{"name":"firestore"},"message":"Feb 19, 2026 9:14:46 PM io.gapi.emulators.netty.HttpVersionRoutingHandler channelRead\nINFO: Detected non-HTTP/2 connection.\n"}}
[debug] [2026-02-20T02:15:30.919Z] Feb 19, 2026 9:15:30 PM io.gapi.emulators.netty.HttpVersionRoutingHandler channelRead
INFO: Detected non-HTTP/2 connection.
 {"metadata":{"emulator":{"name":"firestore"},"message":"Feb 19, 2026 9:15:30 PM io.gapi.emulators.netty.HttpVersionRoutingHandler channelRead\nINFO: Detected non-HTTP/2 connection.\n"}}
[debug] [2026-02-20T02:15:46.236Z] Feb 19, 2026 9:15:46 PM io.gapi.emulators.netty.HttpVersionRoutingHandler channelRead
INFO: Detected non-HTTP/2 connection.
 {"metadata":{"emulator":{"name":"firestore"},"message":"Feb 19, 2026 9:15:46 PM io.gapi.emulators.netty.HttpVersionRoutingHandler channelRead\nINFO: Detected non-HTTP/2 connection.\n"}}
[debug] [2026-02-20T02:16:30.933Z] Feb 19, 2026 9:16:30 PM io.gapi.emulators.netty.HttpVersionRoutingHandler channelRead
INFO: Detected non-HTTP/2 connection.
 {"metadata":{"emulator":{"name":"firestore"},"message":"Feb 19, 2026 9:16:30 PM io.gapi.emulators.netty.HttpVersionRoutingHandler channelRead\nINFO: Detected non-HTTP/2 connection.\n"}}
[debug] [2026-02-20T02:16:46.246Z] Feb 19, 2026 9:16:46 PM io.gapi.emulators.netty.HttpVersionRoutingHandler channelRead
INFO: Detected non-HTTP/2 connection.
 {"metadata":{"emulator":{"name":"firestore"},"message":"Feb 19, 2026 9:16:46 PM io.gapi.emulators.netty.HttpVersionRoutingHandler channelRead\nINFO: Detected non-HTTP/2 connection.\n"}}
[debug] [2026-02-20T02:17:30.949Z] Feb 19, 2026 9:17:30 PM io.gapi.emulators.netty.HttpVersionRoutingHandler channelRead
INFO: Detected non-HTTP/2 connection.
 {"metadata":{"emulator":{"name":"firestore"},"message":"Feb 19, 2026 9:17:30 PM io.gapi.emulators.netty.HttpVersionRoutingHandler channelRead\nINFO: Detected non-HTTP/2 connection.\n"}}
[debug] [2026-02-20T02:17:46.256Z] Feb 19, 2026 9:17:46 PM io.gapi.emulators.netty.HttpVersionRoutingHandler channelRead
INFO: Detected non-HTTP/2 connection.
 {"metadata":{"emulator":{"name":"firestore"},"message":"Feb 19, 2026 9:17:46 PM io.gapi.emulators.netty.HttpVersionRoutingHandler channelRead\nINFO: Detected non-HTTP/2 connection.\n"}}
[debug] [2026-02-20T02:18:30.966Z] Feb 19, 2026 9:18:30 PM io.gapi.emulators.netty.HttpVersionRoutingHandler channelRead
INFO: Detected non-HTTP/2 connection.
 {"metadata":{"emulator":{"name":"firestore"},"message":"Feb 19, 2026 9:18:30 PM io.gapi.emulators.netty.HttpVersionRoutingHandler channelRead\nINFO: Detected non-HTTP/2 connection.\n"}}
[debug] [2026-02-20T02:18:36.420Z] Feb 19, 2026 9:18:36 PM io.gapi.emulators.netty.HttpVersionRoutingHandler channelRead
INFO: Detected non-HTTP/2 connection.
 {"metadata":{"emulator":{"name":"firestore"},"message":"Feb 19, 2026 9:18:36 PM io.gapi.emulators.netty.HttpVersionRoutingHandler channelRead\nINFO: Detected non-HTTP/2 connection.\n"}}
[debug] [2026-02-20T02:18:36.466Z] Feb 19, 2026 9:18:36 PM io.gapi.emulators.netty.HttpVersionRoutingHandler channelRead
INFO: Detected non-HTTP/2 connection.
 {"metadata":{"emulator":{"name":"firestore"},"message":"Feb 19, 2026 9:18:36 PM io.gapi.emulators.netty.HttpVersionRoutingHandler channelRead\nINFO: Detected non-HTTP/2 connection.\n"}}
[debug] [2026-02-20T02:18:36.485Z] Feb 19, 2026 9:18:36 PM io.gapi.emulators.netty.HttpVersionRoutingHandler channelRead
INFO: Detected non-HTTP/2 connection.
 {"metadata":{"emulator":{"name":"firestore"},"message":"Feb 19, 2026 9:18:36 PM io.gapi.emulators.netty.HttpVersionRoutingHandler channelRead\nINFO: Detected non-HTTP/2 connection.\n"}}
[debug] [2026-02-20T02:18:36.491Z] Feb 19, 2026 9:18:36 PM io.gapi.emulators.netty.HttpVersionRoutingHandler channelRead
INFO: Detected non-HTTP/2 connection.
 {"metadata":{"emulator":{"name":"firestore"},"message":"Feb 19, 2026 9:18:36 PM io.gapi.emulators.netty.HttpVersionRoutingHandler channelRead\nINFO: Detected non-HTTP/2 connection.\n"}}
[debug] [2026-02-20T02:18:36.496Z] Feb 19, 2026 9:18:36 PM io.gapi.emulators.netty.HttpVersionRoutingHandler channelRead
INFO: Detected non-HTTP/2 connection.
 {"metadata":{"emulator":{"name":"firestore"},"message":"Feb 19, 2026 9:18:36 PM io.gapi.emulators.netty.HttpVersionRoutingHandler channelRead\nINFO: Detected non-HTTP/2 connection.\n"}}
[debug] [2026-02-20T02:18:36.499Z] Feb 19, 2026 9:18:36 PM io.gapi.emulators.netty.HttpVersionRoutingHandler channelRead
INFO: Detected non-HTTP/2 connection.
 {"metadata":{"emulator":{"name":"firestore"},"message":"Feb 19, 2026 9:18:36 PM io.gapi.emulators.netty.HttpVersionRoutingHandler channelRead\nINFO: Detected non-HTTP/2 connection.\n"}}
[debug] [2026-02-20T02:18:36.503Z] Feb 19, 2026 9:18:36 PM io.gapi.emulators.netty.HttpVersionRoutingHandler channelRead
INFO: Detected non-HTTP/2 connection.
 {"metadata":{"emulator":{"name":"firestore"},"message":"Feb 19, 2026 9:18:36 PM io.gapi.emulators.netty.HttpVersionRoutingHandler channelRead\nINFO: Detected non-HTTP/2 connection.\n"}}
[debug] [2026-02-20T02:18:36.508Z] Feb 19, 2026 9:18:36 PM io.gapi.emulators.netty.HttpVersionRoutingHandler channelRead
INFO: Detected non-HTTP/2 connection.
 {"metadata":{"emulator":{"name":"firestore"},"message":"Feb 19, 2026 9:18:36 PM io.gapi.emulators.netty.HttpVersionRoutingHandler channelRead\nINFO: Detected non-HTTP/2 connection.\n"}}
[debug] [2026-02-20T02:18:51.052Z] Feb 19, 2026 9:18:51 PM io.gapi.emulators.netty.HttpVersionRoutingHandler channelRead
INFO: Detected non-HTTP/2 connection.
 {"metadata":{"emulator":{"name":"firestore"},"message":"Feb 19, 2026 9:18:51 PM io.gapi.emulators.netty.HttpVersionRoutingHandler channelRead\nINFO: Detected non-HTTP/2 connection.\n"}}
[debug] [2026-02-20T02:18:51.065Z] Feb 19, 2026 9:18:51 PM io.gapi.emulators.netty.HttpVersionRoutingHandler channelRead
INFO: Detected non-HTTP/2 connection.
 {"metadata":{"emulator":{"name":"firestore"},"message":"Feb 19, 2026 9:18:51 PM io.gapi.emulators.netty.HttpVersionRoutingHandler channelRead\nINFO: Detected non-HTTP/2 connection.\n"}}
[debug] [2026-02-20T02:18:51.068Z] Feb 19, 2026 9:18:51 PM io.gapi.emulators.netty.HttpVersionRoutingHandler channelRead
INFO: Detected non-HTTP/2 connection.
 {"metadata":{"emulator":{"name":"firestore"},"message":"Feb 19, 2026 9:18:51 PM io.gapi.emulators.netty.HttpVersionRoutingHandler channelRead\nINFO: Detected non-HTTP/2 connection.\n"}}
[debug] [2026-02-20T02:18:51.069Z] Feb 19, 2026 9:18:51 PM io.gapi.emulators.netty.HttpVersionRoutingHandler channelRead
INFO: Detected non-HTTP/2 connection.
 {"metadata":{"emulator":{"name":"firestore"},"message":"Feb 19, 2026 9:18:51 PM io.gapi.emulators.netty.HttpVersionRoutingHandler channelRead\nINFO: Detected non-HTTP/2 connection.\n"}}
[debug] [2026-02-20T02:18:51.070Z] Feb 19, 2026 9:18:51 PM com.google.cloud.datastore.emulator.firestore.webchannel.FirestoreV1WebChannelAdapter$FirestoreListenHandler onClose
INFO: channel closed
 {"metadata":{"emulator":{"name":"firestore"},"message":"Feb 19, 2026 9:18:51 PM com.google.cloud.datastore.emulator.firestore.webchannel.FirestoreV1WebChannelAdapter$FirestoreListenHandler onClose\nINFO: channel closed\n"}}
[debug] [2026-02-20T02:18:51.071Z] Feb 19, 2026 9:18:51 PM com.google.cloud.datastore.emulator.firestore.webchannel.FirestoreV1WebChannelAdapter$FirestoreWriteHandler onClose
INFO: channel closed
 {"metadata":{"emulator":{"name":"firestore"},"message":"Feb 19, 2026 9:18:51 PM com.google.cloud.datastore.emulator.firestore.webchannel.FirestoreV1WebChannelAdapter$FirestoreWriteHandler onClose\nINFO: channel closed\n"}}
[debug] [2026-02-20T02:18:59.848Z] Feb 19, 2026 9:18:59 PM io.gapi.emulators.netty.HttpVersionRoutingHandler channelRead
INFO: Detected non-HTTP/2 connection.
 {"metadata":{"emulator":{"name":"firestore"},"message":"Feb 19, 2026 9:18:59 PM io.gapi.emulators.netty.HttpVersionRoutingHandler channelRead\nINFO: Detected non-HTTP/2 connection.\n"}}
[debug] [2026-02-20T02:18:59.874Z] Feb 19, 2026 9:18:59 PM io.gapi.emulators.netty.HttpVersionRoutingHandler channelRead
INFO: Detected non-HTTP/2 connection.
 {"metadata":{"emulator":{"name":"firestore"},"message":"Feb 19, 2026 9:18:59 PM io.gapi.emulators.netty.HttpVersionRoutingHandler channelRead\nINFO: Detected non-HTTP/2 connection.\n"}}
[debug] [2026-02-20T02:18:59.894Z] Feb 19, 2026 9:18:59 PM io.gapi.emulators.netty.HttpVersionRoutingHandler channelRead
INFO: Detected non-HTTP/2 connection.
 {"metadata":{"emulator":{"name":"firestore"},"message":"Feb 19, 2026 9:18:59 PM io.gapi.emulators.netty.HttpVersionRoutingHandler channelRead\nINFO: Detected non-HTTP/2 connection.\n"}}
[debug] [2026-02-20T02:18:59.977Z] Feb 19, 2026 9:18:59 PM io.gapi.emulators.netty.HttpVersionRoutingHandler channelRead
INFO: Detected non-HTTP/2 connection.
 {"metadata":{"emulator":{"name":"firestore"},"message":"Feb 19, 2026 9:18:59 PM io.gapi.emulators.netty.HttpVersionRoutingHandler channelRead\nINFO: Detected non-HTTP/2 connection.\n"}}
[debug] [2026-02-20T02:18:59.987Z] Feb 19, 2026 9:18:59 PM io.gapi.emulators.netty.HttpVersionRoutingHandler channelRead
INFO: Detected non-HTTP/2 connection.
 {"metadata":{"emulator":{"name":"firestore"},"message":"Feb 19, 2026 9:18:59 PM io.gapi.emulators.netty.HttpVersionRoutingHandler channelRead\nINFO: Detected non-HTTP/2 connection.\n"}}
[debug] [2026-02-20T02:18:59.987Z] Feb 19, 2026 9:18:59 PM io.gapi.emulators.netty.HttpVersionRoutingHandler channelRead
INFO: Detected non-HTTP/2 connection.
 {"metadata":{"emulator":{"name":"firestore"},"message":"Feb 19, 2026 9:18:59 PM io.gapi.emulators.netty.HttpVersionRoutingHandler channelRead\nINFO: Detected non-HTTP/2 connection.\n"}}
[debug] [2026-02-20T02:18:59.994Z] Feb 19, 2026 9:18:59 PM io.gapi.emulators.netty.HttpVersionRoutingHandler channelRead
INFO: Detected non-HTTP/2 connection.
 {"metadata":{"emulator":{"name":"firestore"},"message":"Feb 19, 2026 9:18:59 PM io.gapi.emulators.netty.HttpVersionRoutingHandler channelRead\nINFO: Detected non-HTTP/2 connection.\n"}}
[debug] [2026-02-20T02:19:30.006Z] Feb 19, 2026 9:19:30 PM io.gapi.emulators.netty.HttpVersionRoutingHandler channelRead
INFO: Detected non-HTTP/2 connection.
 {"metadata":{"emulator":{"name":"firestore"},"message":"Feb 19, 2026 9:19:30 PM io.gapi.emulators.netty.HttpVersionRoutingHandler channelRead\nINFO: Detected non-HTTP/2 connection.\n"}}
[debug] [2026-02-20T02:19:38.501Z] Feb 19, 2026 9:19:38 PM io.gapi.emulators.netty.HttpVersionRoutingHandler channelRead
INFO: Detected non-HTTP/2 connection.
 {"metadata":{"emulator":{"name":"firestore"},"message":"Feb 19, 2026 9:19:38 PM io.gapi.emulators.netty.HttpVersionRoutingHandler channelRead\nINFO: Detected non-HTTP/2 connection.\n"}}
[debug] [2026-02-20T02:19:38.503Z] Feb 19, 2026 9:19:38 PM io.gapi.emulators.netty.HttpVersionRoutingHandler channelRead
INFO: Detected non-HTTP/2 connection.
 {"metadata":{"emulator":{"name":"firestore"},"message":"Feb 19, 2026 9:19:38 PM io.gapi.emulators.netty.HttpVersionRoutingHandler channelRead\nINFO: Detected non-HTTP/2 connection.\n"}}
[debug] [2026-02-20T02:19:38.503Z] Feb 19, 2026 9:19:38 PM io.gapi.emulators.netty.HttpVersionRoutingHandler channelRead
INFO: Detected non-HTTP/2 connection.
 {"metadata":{"emulator":{"name":"firestore"},"message":"Feb 19, 2026 9:19:38 PM io.gapi.emulators.netty.HttpVersionRoutingHandler channelRead\nINFO: Detected non-HTTP/2 connection.\n"}}
[debug] [2026-02-20T02:19:38.504Z] Feb 19, 2026 9:19:38 PM io.gapi.emulators.netty.HttpVersionRoutingHandler channelRead
INFO: Detected non-HTTP/2 connection.
Feb 19, 2026 9:19:38 PM io.gapi.emulators.netty.HttpVersionRoutingHandler channelRead
INFO: Detected non-HTTP/2 connection.
 {"metadata":{"emulator":{"name":"firestore"},"message":"Feb 19, 2026 9:19:38 PM io.gapi.emulators.netty.HttpVersionRoutingHandler channelRead\nINFO: Detected non-HTTP/2 connection.\nFeb 19, 2026 9:19:38 PM io.gapi.emulators.netty.HttpVersionRoutingHandler channelRead\nINFO: Detected non-HTTP/2 connection.\n"}}
[debug] [2026-02-20T02:20:00.001Z] Feb 19, 2026 9:20:00 PM io.gapi.emulators.netty.HttpVersionRoutingHandler channelRead
INFO: Detected non-HTTP/2 connection.
 {"metadata":{"emulator":{"name":"firestore"},"message":"Feb 19, 2026 9:20:00 PM io.gapi.emulators.netty.HttpVersionRoutingHandler channelRead\nINFO: Detected non-HTTP/2 connection.\n"}}
[debug] [2026-02-20T02:20:00.009Z] Feb 19, 2026 9:20:00 PM io.gapi.emulators.netty.HttpVersionRoutingHandler channelRead
INFO: Detected non-HTTP/2 connection.
 {"metadata":{"emulator":{"name":"firestore"},"message":"Feb 19, 2026 9:20:00 PM io.gapi.emulators.netty.HttpVersionRoutingHandler channelRead\nINFO: Detected non-HTTP/2 connection.\n"}}
[debug] [2026-02-20T02:20:00.015Z] Feb 19, 2026 9:20:00 PM com.google.cloud.datastore.emulator.firestore.webchannel.FirestoreV1WebChannelAdapter$FirestoreWriteHandler onClose
INFO: channel closed
 {"metadata":{"emulator":{"name":"firestore"},"message":"Feb 19, 2026 9:20:00 PM com.google.cloud.datastore.emulator.firestore.webchannel.FirestoreV1WebChannelAdapter$FirestoreWriteHandler onClose\nINFO: channel closed\n"}}
[debug] [2026-02-20T02:20:15.208Z] Feb 19, 2026 9:20:15 PM io.gapi.emulators.netty.HttpVersionRoutingHandler channelRead
INFO: Detected non-HTTP/2 connection.
 {"metadata":{"emulator":{"name":"firestore"},"message":"Feb 19, 2026 9:20:15 PM io.gapi.emulators.netty.HttpVersionRoutingHandler channelRead\nINFO: Detected non-HTTP/2 connection.\n"}}
[debug] [2026-02-20T02:21:00.024Z] Feb 19, 2026 9:21:00 PM io.gapi.emulators.netty.HttpVersionRoutingHandler channelRead
INFO: Detected non-HTTP/2 connection.
 {"metadata":{"emulator":{"name":"firestore"},"message":"Feb 19, 2026 9:21:00 PM io.gapi.emulators.netty.HttpVersionRoutingHandler channelRead\nINFO: Detected non-HTTP/2 connection.\n"}}
[debug] [2026-02-20T02:21:15.220Z] Feb 19, 2026 9:21:15 PM io.gapi.emulators.netty.HttpVersionRoutingHandler channelRead
INFO: Detected non-HTTP/2 connection.
 {"metadata":{"emulator":{"name":"firestore"},"message":"Feb 19, 2026 9:21:15 PM io.gapi.emulators.netty.HttpVersionRoutingHandler channelRead\nINFO: Detected non-HTTP/2 connection.\n"}}
[debug] [2026-02-20T02:22:00.035Z] Feb 19, 2026 9:22:00 PM io.gapi.emulators.netty.HttpVersionRoutingHandler channelRead
INFO: Detected non-HTTP/2 connection.
 {"metadata":{"emulator":{"name":"firestore"},"message":"Feb 19, 2026 9:22:00 PM io.gapi.emulators.netty.HttpVersionRoutingHandler channelRead\nINFO: Detected non-HTTP/2 connection.\n"}}
[debug] [2026-02-20T02:22:15.231Z] Feb 19, 2026 9:22:15 PM io.gapi.emulators.netty.HttpVersionRoutingHandler channelRead
INFO: Detected non-HTTP/2 connection.
 {"metadata":{"emulator":{"name":"firestore"},"message":"Feb 19, 2026 9:22:15 PM io.gapi.emulators.netty.HttpVersionRoutingHandler channelRead\nINFO: Detected non-HTTP/2 connection.\n"}}
[debug] [2026-02-20T02:23:15.048Z] Feb 19, 2026 9:23:15 PM io.gapi.emulators.netty.HttpVersionRoutingHandler channelRead
INFO: Detected non-HTTP/2 connection.
 {"metadata":{"emulator":{"name":"firestore"},"message":"Feb 19, 2026 9:23:15 PM io.gapi.emulators.netty.HttpVersionRoutingHandler channelRead\nINFO: Detected non-HTTP/2 connection.\n"}}
[debug] [2026-02-20T02:23:15.242Z] Feb 19, 2026 9:23:15 PM io.gapi.emulators.netty.HttpVersionRoutingHandler channelRead
INFO: Detected non-HTTP/2 connection.
 {"metadata":{"emulator":{"name":"firestore"},"message":"Feb 19, 2026 9:23:15 PM io.gapi.emulators.netty.HttpVersionRoutingHandler channelRead\nINFO: Detected non-HTTP/2 connection.\n"}}
[debug] [2026-02-20T02:24:15.065Z] Feb 19, 2026 9:24:15 PM io.gapi.emulators.netty.HttpVersionRoutingHandler channelRead
INFO: Detected non-HTTP/2 connection.
 {"metadata":{"emulator":{"name":"firestore"},"message":"Feb 19, 2026 9:24:15 PM io.gapi.emulators.netty.HttpVersionRoutingHandler channelRead\nINFO: Detected non-HTTP/2 connection.\n"}}
[debug] [2026-02-20T02:24:15.250Z] Feb 19, 2026 9:24:15 PM io.gapi.emulators.netty.HttpVersionRoutingHandler channelRead
INFO: Detected non-HTTP/2 connection.
 {"metadata":{"emulator":{"name":"firestore"},"message":"Feb 19, 2026 9:24:15 PM io.gapi.emulators.netty.HttpVersionRoutingHandler channelRead\nINFO: Detected non-HTTP/2 connection.\n"}}
[debug] [2026-02-20T02:25:15.084Z] Feb 19, 2026 9:25:15 PM io.gapi.emulators.netty.HttpVersionRoutingHandler channelRead
INFO: Detected non-HTTP/2 connection.
 {"metadata":{"emulator":{"name":"firestore"},"message":"Feb 19, 2026 9:25:15 PM io.gapi.emulators.netty.HttpVersionRoutingHandler channelRead\nINFO: Detected non-HTTP/2 connection.\n"}}
[debug] [2026-02-20T02:25:15.263Z] Feb 19, 2026 9:25:15 PM io.gapi.emulators.netty.HttpVersionRoutingHandler channelRead
INFO: Detected non-HTTP/2 connection.
 {"metadata":{"emulator":{"name":"firestore"},"message":"Feb 19, 2026 9:25:15 PM io.gapi.emulators.netty.HttpVersionRoutingHandler channelRead\nINFO: Detected non-HTTP/2 connection.\n"}}
[debug] [2026-02-20T02:26:06.269Z] Feb 19, 2026 9:26:06 PM io.gapi.emulators.netty.HttpVersionRoutingHandler channelRead
INFO: Detected non-HTTP/2 connection.
 {"metadata":{"emulator":{"name":"firestore"},"message":"Feb 19, 2026 9:26:06 PM io.gapi.emulators.netty.HttpVersionRoutingHandler channelRead\nINFO: Detected non-HTTP/2 connection.\n"}}
[debug] [2026-02-20T02:26:06.929Z] Feb 19, 2026 9:26:06 PM io.gapi.emulators.netty.HttpVersionRoutingHandler channelRead
INFO: Detected non-HTTP/2 connection.
 {"metadata":{"emulator":{"name":"firestore"},"message":"Feb 19, 2026 9:26:06 PM io.gapi.emulators.netty.HttpVersionRoutingHandler channelRead\nINFO: Detected non-HTTP/2 connection.\n"}}
[debug] [2026-02-20T02:26:06.965Z] Feb 19, 2026 9:26:06 PM io.gapi.emulators.netty.HttpVersionRoutingHandler channelRead
INFO: Detected non-HTTP/2 connection.
 {"metadata":{"emulator":{"name":"firestore"},"message":"Feb 19, 2026 9:26:06 PM io.gapi.emulators.netty.HttpVersionRoutingHandler channelRead\nINFO: Detected non-HTTP/2 connection.\n"}}
[debug] [2026-02-20T02:26:06.990Z] Feb 19, 2026 9:26:06 PM io.gapi.emulators.netty.HttpVersionRoutingHandler channelRead
INFO: Detected non-HTTP/2 connection.
 {"metadata":{"emulator":{"name":"firestore"},"message":"Feb 19, 2026 9:26:06 PM io.gapi.emulators.netty.HttpVersionRoutingHandler channelRead\nINFO: Detected non-HTTP/2 connection.\n"}}
[debug] [2026-02-20T02:26:06.990Z] Feb 19, 2026 9:26:06 PM io.gapi.emulators.netty.HttpVersionRoutingHandler channelRead
INFO: Detected non-HTTP/2 connection.
 {"metadata":{"emulator":{"name":"firestore"},"message":"Feb 19, 2026 9:26:06 PM io.gapi.emulators.netty.HttpVersionRoutingHandler channelRead\nINFO: Detected non-HTTP/2 connection.\n"}}
[debug] [2026-02-20T02:26:07.000Z] Feb 19, 2026 9:26:06 PM io.gapi.emulators.netty.HttpVersionRoutingHandler channelRead
INFO: Detected non-HTTP/2 connection.
 {"metadata":{"emulator":{"name":"firestore"},"message":"Feb 19, 2026 9:26:06 PM io.gapi.emulators.netty.HttpVersionRoutingHandler channelRead\nINFO: Detected non-HTTP/2 connection.\n"}}
[debug] [2026-02-20T02:26:07.000Z] Feb 19, 2026 9:26:07 PM io.gapi.emulators.netty.HttpVersionRoutingHandler channelRead
INFO: Detected non-HTTP/2 connection.
 {"metadata":{"emulator":{"name":"firestore"},"message":"Feb 19, 2026 9:26:07 PM io.gapi.emulators.netty.HttpVersionRoutingHandler channelRead\nINFO: Detected non-HTTP/2 connection.\n"}}
[debug] [2026-02-20T02:26:07.003Z] Feb 19, 2026 9:26:07 PM io.gapi.emulators.netty.HttpVersionRoutingHandler channelRead
INFO: Detected non-HTTP/2 connection.
 {"metadata":{"emulator":{"name":"firestore"},"message":"Feb 19, 2026 9:26:07 PM io.gapi.emulators.netty.HttpVersionRoutingHandler channelRead\nINFO: Detected non-HTTP/2 connection.\n"}}
[debug] [2026-02-20T02:26:07.009Z] Feb 19, 2026 9:26:07 PM io.gapi.emulators.netty.HttpVersionRoutingHandler channelRead
INFO: Detected non-HTTP/2 connection.
 {"metadata":{"emulator":{"name":"firestore"},"message":"Feb 19, 2026 9:26:07 PM io.gapi.emulators.netty.HttpVersionRoutingHandler channelRead\nINFO: Detected non-HTTP/2 connection.\n"}}
[debug] [2026-02-20T02:26:52.014Z] Feb 19, 2026 9:26:52 PM io.gapi.emulators.netty.HttpVersionRoutingHandler channelRead
INFO: Detected non-HTTP/2 connection.
 {"metadata":{"emulator":{"name":"firestore"},"message":"Feb 19, 2026 9:26:52 PM io.gapi.emulators.netty.HttpVersionRoutingHandler channelRead\nINFO: Detected non-HTTP/2 connection.\n"}}
[debug] [2026-02-20T02:26:55.550Z] Feb 19, 2026 9:26:55 PM io.gapi.emulators.netty.HttpVersionRoutingHandler channelRead
INFO: Detected non-HTTP/2 connection.
 {"metadata":{"emulator":{"name":"firestore"},"message":"Feb 19, 2026 9:26:55 PM io.gapi.emulators.netty.HttpVersionRoutingHandler channelRead\nINFO: Detected non-HTTP/2 connection.\n"}}
[debug] [2026-02-20T02:26:55.579Z] Feb 19, 2026 9:26:55 PM io.gapi.emulators.netty.HttpVersionRoutingHandler channelRead
INFO: Detected non-HTTP/2 connection.
 {"metadata":{"emulator":{"name":"firestore"},"message":"Feb 19, 2026 9:26:55 PM io.gapi.emulators.netty.HttpVersionRoutingHandler channelRead\nINFO: Detected non-HTTP/2 connection.\n"}}
[debug] [2026-02-20T02:26:55.589Z] Feb 19, 2026 9:26:55 PM io.gapi.emulators.netty.HttpVersionRoutingHandler channelRead
INFO: Detected non-HTTP/2 connection.
 {"metadata":{"emulator":{"name":"firestore"},"message":"Feb 19, 2026 9:26:55 PM io.gapi.emulators.netty.HttpVersionRoutingHandler channelRead\nINFO: Detected non-HTTP/2 connection.\n"}}
[debug] [2026-02-20T02:26:56.288Z] Feb 19, 2026 9:26:56 PM io.gapi.emulators.netty.HttpVersionRoutingHandler channelRead
INFO: Detected non-HTTP/2 connection.
 {"metadata":{"emulator":{"name":"firestore"},"message":"Feb 19, 2026 9:26:56 PM io.gapi.emulators.netty.HttpVersionRoutingHandler channelRead\nINFO: Detected non-HTTP/2 connection.\n"}}
[debug] [2026-02-20T02:26:57.885Z] Feb 19, 2026 9:26:57 PM io.gapi.emulators.netty.HttpVersionRoutingHandler channelRead
INFO: Detected non-HTTP/2 connection.
 {"metadata":{"emulator":{"name":"firestore"},"message":"Feb 19, 2026 9:26:57 PM io.gapi.emulators.netty.HttpVersionRoutingHandler channelRead\nINFO: Detected non-HTTP/2 connection.\n"}}
[debug] [2026-02-20T02:26:59.118Z] Feb 19, 2026 9:26:59 PM io.gapi.emulators.netty.HttpVersionRoutingHandler channelRead
INFO: Detected non-HTTP/2 connection.
 {"metadata":{"emulator":{"name":"firestore"},"message":"Feb 19, 2026 9:26:59 PM io.gapi.emulators.netty.HttpVersionRoutingHandler channelRead\nINFO: Detected non-HTTP/2 connection.\n"}}
[debug] [2026-02-20T02:27:20.251Z] Feb 19, 2026 9:27:20 PM io.gapi.emulators.netty.HttpVersionRoutingHandler channelRead
INFO: Detected non-HTTP/2 connection.
 {"metadata":{"emulator":{"name":"firestore"},"message":"Feb 19, 2026 9:27:20 PM io.gapi.emulators.netty.HttpVersionRoutingHandler channelRead\nINFO: Detected non-HTTP/2 connection.\n"}}
[debug] [2026-02-20T02:27:25.174Z] Feb 19, 2026 9:27:25 PM io.gapi.emulators.netty.HttpVersionRoutingHandler channelRead
INFO: Detected non-HTTP/2 connection.
 {"metadata":{"emulator":{"name":"firestore"},"message":"Feb 19, 2026 9:27:25 PM io.gapi.emulators.netty.HttpVersionRoutingHandler channelRead\nINFO: Detected non-HTTP/2 connection.\n"}}
[debug] [2026-02-20T02:27:26.180Z] Feb 19, 2026 9:27:26 PM io.gapi.emulators.netty.HttpVersionRoutingHandler channelRead
INFO: Detected non-HTTP/2 connection.
 {"metadata":{"emulator":{"name":"firestore"},"message":"Feb 19, 2026 9:27:26 PM io.gapi.emulators.netty.HttpVersionRoutingHandler channelRead\nINFO: Detected non-HTTP/2 connection.\n"}}
[debug] [2026-02-20T02:27:26.321Z] Feb 19, 2026 9:27:26 PM io.gapi.emulators.netty.HttpVersionRoutingHandler channelRead
INFO: Detected non-HTTP/2 connection.
 {"metadata":{"emulator":{"name":"firestore"},"message":"Feb 19, 2026 9:27:26 PM io.gapi.emulators.netty.HttpVersionRoutingHandler channelRead\nINFO: Detected non-HTTP/2 connection.\n"}}
[debug] [2026-02-20T02:27:29.033Z] Feb 19, 2026 9:27:29 PM io.gapi.emulators.netty.HttpVersionRoutingHandler channelRead
INFO: Detected non-HTTP/2 connection.
 {"metadata":{"emulator":{"name":"firestore"},"message":"Feb 19, 2026 9:27:29 PM io.gapi.emulators.netty.HttpVersionRoutingHandler channelRead\nINFO: Detected non-HTTP/2 connection.\n"}}
[debug] [2026-02-20T02:27:31.189Z] Feb 19, 2026 9:27:31 PM io.gapi.emulators.netty.HttpVersionRoutingHandler channelRead
INFO: Detected non-HTTP/2 connection.
 {"metadata":{"emulator":{"name":"firestore"},"message":"Feb 19, 2026 9:27:31 PM io.gapi.emulators.netty.HttpVersionRoutingHandler channelRead\nINFO: Detected non-HTTP/2 connection.\n"}}
[debug] [2026-02-20T02:27:31.249Z] Feb 19, 2026 9:27:31 PM io.gapi.emulators.netty.HttpVersionRoutingHandler channelRead
INFO: Detected non-HTTP/2 connection.
 {"metadata":{"emulator":{"name":"firestore"},"message":"Feb 19, 2026 9:27:31 PM io.gapi.emulators.netty.HttpVersionRoutingHandler channelRead\nINFO: Detected non-HTTP/2 connection.\n"}}
[debug] [2026-02-20T02:27:34.067Z] Feb 19, 2026 9:27:34 PM io.gapi.emulators.netty.HttpVersionRoutingHandler channelRead
INFO: Detected non-HTTP/2 connection.
 {"metadata":{"emulator":{"name":"firestore"},"message":"Feb 19, 2026 9:27:34 PM io.gapi.emulators.netty.HttpVersionRoutingHandler channelRead\nINFO: Detected non-HTTP/2 connection.\n"}}
[debug] [2026-02-20T02:27:39.426Z] Feb 19, 2026 9:27:39 PM io.gapi.emulators.netty.HttpVersionRoutingHandler channelRead
INFO: Detected non-HTTP/2 connection.
 {"metadata":{"emulator":{"name":"firestore"},"message":"Feb 19, 2026 9:27:39 PM io.gapi.emulators.netty.HttpVersionRoutingHandler channelRead\nINFO: Detected non-HTTP/2 connection.\n"}}
[debug] [2026-02-20T02:27:39.462Z] Feb 19, 2026 9:27:39 PM io.gapi.emulators.netty.HttpVersionRoutingHandler channelRead
INFO: Detected non-HTTP/2 connection.
 {"metadata":{"emulator":{"name":"firestore"},"message":"Feb 19, 2026 9:27:39 PM io.gapi.emulators.netty.HttpVersionRoutingHandler channelRead\nINFO: Detected non-HTTP/2 connection.\n"}}
[debug] [2026-02-20T02:27:49.986Z] Feb 19, 2026 9:27:49 PM io.gapi.emulators.netty.HttpVersionRoutingHandler channelRead
INFO: Detected non-HTTP/2 connection.
 {"metadata":{"emulator":{"name":"firestore"},"message":"Feb 19, 2026 9:27:49 PM io.gapi.emulators.netty.HttpVersionRoutingHandler channelRead\nINFO: Detected non-HTTP/2 connection.\n"}}
[debug] [2026-02-20T02:27:50.010Z] Feb 19, 2026 9:27:50 PM io.gapi.emulators.netty.HttpVersionRoutingHandler channelRead
INFO: Detected non-HTTP/2 connection.
 {"metadata":{"emulator":{"name":"firestore"},"message":"Feb 19, 2026 9:27:50 PM io.gapi.emulators.netty.HttpVersionRoutingHandler channelRead\nINFO: Detected non-HTTP/2 connection.\n"}}
[debug] [2026-02-20T02:27:50.040Z] Feb 19, 2026 9:27:50 PM io.gapi.emulators.netty.HttpVersionRoutingHandler channelRead
INFO: Detected non-HTTP/2 connection.
 {"metadata":{"emulator":{"name":"firestore"},"message":"Feb 19, 2026 9:27:50 PM io.gapi.emulators.netty.HttpVersionRoutingHandler channelRead\nINFO: Detected non-HTTP/2 connection.\n"}}
[debug] [2026-02-20T02:27:52.666Z] Feb 19, 2026 9:27:52 PM io.gapi.emulators.netty.HttpVersionRoutingHandler channelRead
INFO: Detected non-HTTP/2 connection.
 {"metadata":{"emulator":{"name":"firestore"},"message":"Feb 19, 2026 9:27:52 PM io.gapi.emulators.netty.HttpVersionRoutingHandler channelRead\nINFO: Detected non-HTTP/2 connection.\n"}}
[debug] [2026-02-20T02:27:57.311Z] Feb 19, 2026 9:27:57 PM io.gapi.emulators.netty.HttpVersionRoutingHandler channelRead
INFO: Detected non-HTTP/2 connection.
 {"metadata":{"emulator":{"name":"firestore"},"message":"Feb 19, 2026 9:27:57 PM io.gapi.emulators.netty.HttpVersionRoutingHandler channelRead\nINFO: Detected non-HTTP/2 connection.\n"}}
[debug] [2026-02-20T02:28:07.299Z] Feb 19, 2026 9:28:07 PM io.gapi.emulators.netty.HttpVersionRoutingHandler channelRead
INFO: Detected non-HTTP/2 connection.
 {"metadata":{"emulator":{"name":"firestore"},"message":"Feb 19, 2026 9:28:07 PM io.gapi.emulators.netty.HttpVersionRoutingHandler channelRead\nINFO: Detected non-HTTP/2 connection.\n"}}
[debug] [2026-02-20T02:28:16.910Z] Feb 19, 2026 9:28:16 PM io.gapi.emulators.netty.HttpVersionRoutingHandler channelRead
INFO: Detected non-HTTP/2 connection.
 {"metadata":{"emulator":{"name":"firestore"},"message":"Feb 19, 2026 9:28:16 PM io.gapi.emulators.netty.HttpVersionRoutingHandler channelRead\nINFO: Detected non-HTTP/2 connection.\n"}}
[debug] [2026-02-20T02:28:21.270Z] Feb 19, 2026 9:28:21 PM io.gapi.emulators.netty.HttpVersionRoutingHandler channelRead
INFO: Detected non-HTTP/2 connection.
 {"metadata":{"emulator":{"name":"firestore"},"message":"Feb 19, 2026 9:28:21 PM io.gapi.emulators.netty.HttpVersionRoutingHandler channelRead\nINFO: Detected non-HTTP/2 connection.\n"}}
[debug] [2026-02-20T02:28:21.347Z] Feb 19, 2026 9:28:21 PM io.gapi.emulators.netty.HttpVersionRoutingHandler channelRead
INFO: Detected non-HTTP/2 connection.
 {"metadata":{"emulator":{"name":"firestore"},"message":"Feb 19, 2026 9:28:21 PM io.gapi.emulators.netty.HttpVersionRoutingHandler channelRead\nINFO: Detected non-HTTP/2 connection.\n"}}
[debug] [2026-02-20T02:28:30.486Z] Feb 19, 2026 9:28:30 PM io.gapi.emulators.netty.HttpVersionRoutingHandler channelRead
INFO: Detected non-HTTP/2 connection.
 {"metadata":{"emulator":{"name":"firestore"},"message":"Feb 19, 2026 9:28:30 PM io.gapi.emulators.netty.HttpVersionRoutingHandler channelRead\nINFO: Detected non-HTTP/2 connection.\n"}}
[debug] [2026-02-20T02:28:30.487Z] Feb 19, 2026 9:28:30 PM io.gapi.emulators.netty.HttpVersionRoutingHandler channelRead
INFO: Detected non-HTTP/2 connection.
 {"metadata":{"emulator":{"name":"firestore"},"message":"Feb 19, 2026 9:28:30 PM io.gapi.emulators.netty.HttpVersionRoutingHandler channelRead\nINFO: Detected non-HTTP/2 connection.\n"}}
[debug] [2026-02-20T02:28:30.489Z] Feb 19, 2026 9:28:30 PM io.gapi.emulators.netty.HttpVersionRoutingHandler channelRead
INFO: Detected non-HTTP/2 connection.
 {"metadata":{"emulator":{"name":"firestore"},"message":"Feb 19, 2026 9:28:30 PM io.gapi.emulators.netty.HttpVersionRoutingHandler channelRead\nINFO: Detected non-HTTP/2 connection.\n"}}
[debug] [2026-02-20T02:28:30.491Z] Feb 19, 2026 9:28:30 PM io.gapi.emulators.netty.HttpVersionRoutingHandler channelRead
INFO: Detected non-HTTP/2 connection.
 {"metadata":{"emulator":{"name":"firestore"},"message":"Feb 19, 2026 9:28:30 PM io.gapi.emulators.netty.HttpVersionRoutingHandler channelRead\nINFO: Detected non-HTTP/2 connection.\n"}}
[debug] [2026-02-20T02:28:30.491Z] Feb 19, 2026 9:28:30 PM io.gapi.emulators.netty.HttpVersionRoutingHandler channelRead
INFO: Detected non-HTTP/2 connection.
 {"metadata":{"emulator":{"name":"firestore"},"message":"Feb 19, 2026 9:28:30 PM io.gapi.emulators.netty.HttpVersionRoutingHandler channelRead\nINFO: Detected non-HTTP/2 connection.\n"}}
[debug] [2026-02-20T02:28:51.398Z] Feb 19, 2026 9:28:51 PM io.gapi.emulators.netty.HttpVersionRoutingHandler channelRead
INFO: Detected non-HTTP/2 connection.
 {"metadata":{"emulator":{"name":"firestore"},"message":"Feb 19, 2026 9:28:51 PM io.gapi.emulators.netty.HttpVersionRoutingHandler channelRead\nINFO: Detected non-HTTP/2 connection.\n"}}
[debug] [2026-02-20T02:28:51.398Z] Feb 19, 2026 9:28:51 PM io.gapi.emulators.netty.HttpVersionRoutingHandler channelRead
INFO: Detected non-HTTP/2 connection.
Feb 19, 2026 9:28:51 PM io.gapi.emulators.netty.HttpVersionRoutingHandler channelRead
INFO: Detected non-HTTP/2 connection.
 {"metadata":{"emulator":{"name":"firestore"},"message":"Feb 19, 2026 9:28:51 PM io.gapi.emulators.netty.HttpVersionRoutingHandler channelRead\nINFO: Detected non-HTTP/2 connection.\nFeb 19, 2026 9:28:51 PM io.gapi.emulators.netty.HttpVersionRoutingHandler channelRead\nINFO: Detected non-HTTP/2 connection.\n"}}
[debug] [2026-02-20T02:29:00.529Z] Feb 19, 2026 9:29:00 PM io.gapi.emulators.netty.HttpVersionRoutingHandler channelRead
INFO: Detected non-HTTP/2 connection.
 {"metadata":{"emulator":{"name":"firestore"},"message":"Feb 19, 2026 9:29:00 PM io.gapi.emulators.netty.HttpVersionRoutingHandler channelRead\nINFO: Detected non-HTTP/2 connection.\n"}}
[debug] [2026-02-20T02:29:00.574Z] Feb 19, 2026 9:29:00 PM io.gapi.emulators.netty.HttpVersionRoutingHandler channelRead
INFO: Detected non-HTTP/2 connection.
 {"metadata":{"emulator":{"name":"firestore"},"message":"Feb 19, 2026 9:29:00 PM io.gapi.emulators.netty.HttpVersionRoutingHandler channelRead\nINFO: Detected non-HTTP/2 connection.\n"}}
[debug] [2026-02-20T02:29:00.597Z] Feb 19, 2026 9:29:00 PM io.gapi.emulators.netty.HttpVersionRoutingHandler channelRead
INFO: Detected non-HTTP/2 connection.
 {"metadata":{"emulator":{"name":"firestore"},"message":"Feb 19, 2026 9:29:00 PM io.gapi.emulators.netty.HttpVersionRoutingHandler channelRead\nINFO: Detected non-HTTP/2 connection.\n"}}
[debug] [2026-02-20T02:29:00.615Z] Feb 19, 2026 9:29:00 PM io.gapi.emulators.netty.HttpVersionRoutingHandler channelRead
INFO: Detected non-HTTP/2 connection.
 {"metadata":{"emulator":{"name":"firestore"},"message":"Feb 19, 2026 9:29:00 PM io.gapi.emulators.netty.HttpVersionRoutingHandler channelRead\nINFO: Detected non-HTTP/2 connection.\n"}}
[debug] [2026-02-20T02:29:00.635Z] Feb 19, 2026 9:29:00 PM io.gapi.emulators.netty.HttpVersionRoutingHandler channelRead
INFO: Detected non-HTTP/2 connection.
 {"metadata":{"emulator":{"name":"firestore"},"message":"Feb 19, 2026 9:29:00 PM io.gapi.emulators.netty.HttpVersionRoutingHandler channelRead\nINFO: Detected non-HTTP/2 connection.\n"}}
[debug] [2026-02-20T02:29:07.653Z] Feb 19, 2026 9:29:07 PM io.gapi.emulators.netty.HttpVersionRoutingHandler channelRead
INFO: Detected non-HTTP/2 connection.
 {"metadata":{"emulator":{"name":"firestore"},"message":"Feb 19, 2026 9:29:07 PM io.gapi.emulators.netty.HttpVersionRoutingHandler channelRead\nINFO: Detected non-HTTP/2 connection.\n"}}
[debug] [2026-02-20T02:29:07.673Z] Feb 19, 2026 9:29:07 PM io.gapi.emulators.netty.HttpVersionRoutingHandler channelRead
INFO: Detected non-HTTP/2 connection.
 {"metadata":{"emulator":{"name":"firestore"},"message":"Feb 19, 2026 9:29:07 PM io.gapi.emulators.netty.HttpVersionRoutingHandler channelRead\nINFO: Detected non-HTTP/2 connection.\n"}}
[debug] [2026-02-20T02:29:07.692Z] Feb 19, 2026 9:29:07 PM io.gapi.emulators.netty.HttpVersionRoutingHandler channelRead
INFO: Detected non-HTTP/2 connection.
 {"metadata":{"emulator":{"name":"firestore"},"message":"Feb 19, 2026 9:29:07 PM io.gapi.emulators.netty.HttpVersionRoutingHandler channelRead\nINFO: Detected non-HTTP/2 connection.\n"}}
[debug] [2026-02-20T02:29:07.713Z] Feb 19, 2026 9:29:07 PM io.gapi.emulators.netty.HttpVersionRoutingHandler channelRead
INFO: Detected non-HTTP/2 connection.
 {"metadata":{"emulator":{"name":"firestore"},"message":"Feb 19, 2026 9:29:07 PM io.gapi.emulators.netty.HttpVersionRoutingHandler channelRead\nINFO: Detected non-HTTP/2 connection.\n"}}
[debug] [2026-02-20T02:29:07.728Z] Feb 19, 2026 9:29:07 PM io.gapi.emulators.netty.HttpVersionRoutingHandler channelRead
INFO: Detected non-HTTP/2 connection.
 {"metadata":{"emulator":{"name":"firestore"},"message":"Feb 19, 2026 9:29:07 PM io.gapi.emulators.netty.HttpVersionRoutingHandler channelRead\nINFO: Detected non-HTTP/2 connection.\n"}}
[debug] [2026-02-20T02:29:25.907Z] Feb 19, 2026 9:29:25 PM io.gapi.emulators.netty.HttpVersionRoutingHandler channelRead
INFO: Detected non-HTTP/2 connection.
 {"metadata":{"emulator":{"name":"firestore"},"message":"Feb 19, 2026 9:29:25 PM io.gapi.emulators.netty.HttpVersionRoutingHandler channelRead\nINFO: Detected non-HTTP/2 connection.\n"}}
[debug] [2026-02-20T02:29:25.943Z] Feb 19, 2026 9:29:25 PM io.gapi.emulators.netty.HttpVersionRoutingHandler channelRead
INFO: Detected non-HTTP/2 connection.
 {"metadata":{"emulator":{"name":"firestore"},"message":"Feb 19, 2026 9:29:25 PM io.gapi.emulators.netty.HttpVersionRoutingHandler channelRead\nINFO: Detected non-HTTP/2 connection.\n"}}
[debug] [2026-02-20T02:29:25.964Z] Feb 19, 2026 9:29:25 PM io.gapi.emulators.netty.HttpVersionRoutingHandler channelRead
INFO: Detected non-HTTP/2 connection.
 {"metadata":{"emulator":{"name":"firestore"},"message":"Feb 19, 2026 9:29:25 PM io.gapi.emulators.netty.HttpVersionRoutingHandler channelRead\nINFO: Detected non-HTTP/2 connection.\n"}}
[debug] [2026-02-20T02:29:25.981Z] Feb 19, 2026 9:29:25 PM io.gapi.emulators.netty.HttpVersionRoutingHandler channelRead
INFO: Detected non-HTTP/2 connection.
 {"metadata":{"emulator":{"name":"firestore"},"message":"Feb 19, 2026 9:29:25 PM io.gapi.emulators.netty.HttpVersionRoutingHandler channelRead\nINFO: Detected non-HTTP/2 connection.\n"}}
[debug] [2026-02-20T02:29:26.005Z] Feb 19, 2026 9:29:26 PM io.gapi.emulators.netty.HttpVersionRoutingHandler channelRead
INFO: Detected non-HTTP/2 connection.
 {"metadata":{"emulator":{"name":"firestore"},"message":"Feb 19, 2026 9:29:26 PM io.gapi.emulators.netty.HttpVersionRoutingHandler channelRead\nINFO: Detected non-HTTP/2 connection.\n"}}
[debug] [2026-02-20T02:29:30.282Z] Feb 19, 2026 9:29:30 PM io.gapi.emulators.netty.HttpVersionRoutingHandler channelRead
INFO: Detected non-HTTP/2 connection.
 {"metadata":{"emulator":{"name":"firestore"},"message":"Feb 19, 2026 9:29:30 PM io.gapi.emulators.netty.HttpVersionRoutingHandler channelRead\nINFO: Detected non-HTTP/2 connection.\n"}}
[debug] [2026-02-20T02:29:30.320Z] Feb 19, 2026 9:29:30 PM io.gapi.emulators.netty.HttpVersionRoutingHandler channelRead
INFO: Detected non-HTTP/2 connection.
 {"metadata":{"emulator":{"name":"firestore"},"message":"Feb 19, 2026 9:29:30 PM io.gapi.emulators.netty.HttpVersionRoutingHandler channelRead\nINFO: Detected non-HTTP/2 connection.\n"}}
[debug] [2026-02-20T02:29:30.340Z] Feb 19, 2026 9:29:30 PM io.gapi.emulators.netty.HttpVersionRoutingHandler channelRead
INFO: Detected non-HTTP/2 connection.
 {"metadata":{"emulator":{"name":"firestore"},"message":"Feb 19, 2026 9:29:30 PM io.gapi.emulators.netty.HttpVersionRoutingHandler channelRead\nINFO: Detected non-HTTP/2 connection.\n"}}
[debug] [2026-02-20T02:29:30.361Z] Feb 19, 2026 9:29:30 PM io.gapi.emulators.netty.HttpVersionRoutingHandler channelRead
INFO: Detected non-HTTP/2 connection.
 {"metadata":{"emulator":{"name":"firestore"},"message":"Feb 19, 2026 9:29:30 PM io.gapi.emulators.netty.HttpVersionRoutingHandler channelRead\nINFO: Detected non-HTTP/2 connection.\n"}}
[debug] [2026-02-20T02:29:30.378Z] Feb 19, 2026 9:29:30 PM io.gapi.emulators.netty.HttpVersionRoutingHandler channelRead
INFO: Detected non-HTTP/2 connection.
 {"metadata":{"emulator":{"name":"firestore"},"message":"Feb 19, 2026 9:29:30 PM io.gapi.emulators.netty.HttpVersionRoutingHandler channelRead\nINFO: Detected non-HTTP/2 connection.\n"}}
[debug] [2026-02-20T02:29:36.140Z] Feb 19, 2026 9:29:36 PM io.gapi.emulators.netty.HttpVersionRoutingHandler channelRead
INFO: Detected non-HTTP/2 connection.
 {"metadata":{"emulator":{"name":"firestore"},"message":"Feb 19, 2026 9:29:36 PM io.gapi.emulators.netty.HttpVersionRoutingHandler channelRead\nINFO: Detected non-HTTP/2 connection.\n"}}
[debug] [2026-02-20T02:29:36.171Z] Feb 19, 2026 9:29:36 PM io.gapi.emulators.netty.HttpVersionRoutingHandler channelRead
INFO: Detected non-HTTP/2 connection.
 {"metadata":{"emulator":{"name":"firestore"},"message":"Feb 19, 2026 9:29:36 PM io.gapi.emulators.netty.HttpVersionRoutingHandler channelRead\nINFO: Detected non-HTTP/2 connection.\n"}}
[debug] [2026-02-20T02:29:36.199Z] Feb 19, 2026 9:29:36 PM io.gapi.emulators.netty.HttpVersionRoutingHandler channelRead
INFO: Detected non-HTTP/2 connection.
 {"metadata":{"emulator":{"name":"firestore"},"message":"Feb 19, 2026 9:29:36 PM io.gapi.emulators.netty.HttpVersionRoutingHandler channelRead\nINFO: Detected non-HTTP/2 connection.\n"}}
[debug] [2026-02-20T02:29:36.219Z] Feb 19, 2026 9:29:36 PM io.gapi.emulators.netty.HttpVersionRoutingHandler channelRead
INFO: Detected non-HTTP/2 connection.
 {"metadata":{"emulator":{"name":"firestore"},"message":"Feb 19, 2026 9:29:36 PM io.gapi.emulators.netty.HttpVersionRoutingHandler channelRead\nINFO: Detected non-HTTP/2 connection.\n"}}
[debug] [2026-02-20T02:29:36.236Z] Feb 19, 2026 9:29:36 PM io.gapi.emulators.netty.HttpVersionRoutingHandler channelRead
INFO: Detected non-HTTP/2 connection.
 {"metadata":{"emulator":{"name":"firestore"},"message":"Feb 19, 2026 9:29:36 PM io.gapi.emulators.netty.HttpVersionRoutingHandler channelRead\nINFO: Detected non-HTTP/2 connection.\n"}}
[debug] [2026-02-20T02:29:39.146Z] Feb 19, 2026 9:29:39 PM io.gapi.emulators.netty.HttpVersionRoutingHandler channelRead
INFO: Detected non-HTTP/2 connection.
 {"metadata":{"emulator":{"name":"firestore"},"message":"Feb 19, 2026 9:29:39 PM io.gapi.emulators.netty.HttpVersionRoutingHandler channelRead\nINFO: Detected non-HTTP/2 connection.\n"}}
[debug] [2026-02-20T02:29:39.156Z] Feb 19, 2026 9:29:39 PM io.gapi.emulators.netty.HttpVersionRoutingHandler channelRead
INFO: Detected non-HTTP/2 connection.
 {"metadata":{"emulator":{"name":"firestore"},"message":"Feb 19, 2026 9:29:39 PM io.gapi.emulators.netty.HttpVersionRoutingHandler channelRead\nINFO: Detected non-HTTP/2 connection.\n"}}
[debug] [2026-02-20T02:29:39.178Z] Feb 19, 2026 9:29:39 PM io.gapi.emulators.netty.HttpVersionRoutingHandler channelRead
INFO: Detected non-HTTP/2 connection.
 {"metadata":{"emulator":{"name":"firestore"},"message":"Feb 19, 2026 9:29:39 PM io.gapi.emulators.netty.HttpVersionRoutingHandler channelRead\nINFO: Detected non-HTTP/2 connection.\n"}}
[debug] [2026-02-20T02:29:39.198Z] Feb 19, 2026 9:29:39 PM io.gapi.emulators.netty.HttpVersionRoutingHandler channelRead
INFO: Detected non-HTTP/2 connection.
Feb 19, 2026 9:29:39 PM io.gapi.emulators.netty.HttpVersionRoutingHandler channelRead
INFO: Detected non-HTTP/2 connection.
 {"metadata":{"emulator":{"name":"firestore"},"message":"Feb 19, 2026 9:29:39 PM io.gapi.emulators.netty.HttpVersionRoutingHandler channelRead\nINFO: Detected non-HTTP/2 connection.\nFeb 19, 2026 9:29:39 PM io.gapi.emulators.netty.HttpVersionRoutingHandler channelRead\nINFO: Detected non-HTTP/2 connection.\n"}}
[debug] [2026-02-20T02:29:39.220Z] Feb 19, 2026 9:29:39 PM io.gapi.emulators.netty.HttpVersionRoutingHandler channelRead
INFO: Detected non-HTTP/2 connection.
 {"metadata":{"emulator":{"name":"firestore"},"message":"Feb 19, 2026 9:29:39 PM io.gapi.emulators.netty.HttpVersionRoutingHandler channelRead\nINFO: Detected non-HTTP/2 connection.\n"}}
[debug] [2026-02-20T02:29:39.237Z] Feb 19, 2026 9:29:39 PM io.gapi.emulators.netty.HttpVersionRoutingHandler channelRead
INFO: Detected non-HTTP/2 connection.
 {"metadata":{"emulator":{"name":"firestore"},"message":"Feb 19, 2026 9:29:39 PM io.gapi.emulators.netty.HttpVersionRoutingHandler channelRead\nINFO: Detected non-HTTP/2 connection.\n"}}
[debug] [2026-02-20T02:29:39.254Z] Feb 19, 2026 9:29:39 PM io.gapi.emulators.netty.HttpVersionRoutingHandler channelRead
INFO: Detected non-HTTP/2 connection.
 {"metadata":{"emulator":{"name":"firestore"},"message":"Feb 19, 2026 9:29:39 PM io.gapi.emulators.netty.HttpVersionRoutingHandler channelRead\nINFO: Detected non-HTTP/2 connection.\n"}}
[debug] [2026-02-20T02:29:47.042Z] Feb 19, 2026 9:29:47 PM io.gapi.emulators.netty.HttpVersionRoutingHandler channelRead
INFO: Detected non-HTTP/2 connection.
 {"metadata":{"emulator":{"name":"firestore"},"message":"Feb 19, 2026 9:29:47 PM io.gapi.emulators.netty.HttpVersionRoutingHandler channelRead\nINFO: Detected non-HTTP/2 connection.\n"}}
[debug] [2026-02-20T02:29:47.061Z] Feb 19, 2026 9:29:47 PM io.gapi.emulators.netty.HttpVersionRoutingHandler channelRead
INFO: Detected non-HTTP/2 connection.
 {"metadata":{"emulator":{"name":"firestore"},"message":"Feb 19, 2026 9:29:47 PM io.gapi.emulators.netty.HttpVersionRoutingHandler channelRead\nINFO: Detected non-HTTP/2 connection.\n"}}
[debug] [2026-02-20T02:29:47.077Z] Feb 19, 2026 9:29:47 PM io.gapi.emulators.netty.HttpVersionRoutingHandler channelRead
INFO: Detected non-HTTP/2 connection.
 {"metadata":{"emulator":{"name":"firestore"},"message":"Feb 19, 2026 9:29:47 PM io.gapi.emulators.netty.HttpVersionRoutingHandler channelRead\nINFO: Detected non-HTTP/2 connection.\n"}}
[debug] [2026-02-20T02:29:47.121Z] Feb 19, 2026 9:29:47 PM io.gapi.emulators.netty.HttpVersionRoutingHandler channelRead
INFO: Detected non-HTTP/2 connection.
 {"metadata":{"emulator":{"name":"firestore"},"message":"Feb 19, 2026 9:29:47 PM io.gapi.emulators.netty.HttpVersionRoutingHandler channelRead\nINFO: Detected non-HTTP/2 connection.\n"}}
[debug] [2026-02-20T02:29:47.139Z] Feb 19, 2026 9:29:47 PM io.gapi.emulators.netty.HttpVersionRoutingHandler channelRead
INFO: Detected non-HTTP/2 connection.
 {"metadata":{"emulator":{"name":"firestore"},"message":"Feb 19, 2026 9:29:47 PM io.gapi.emulators.netty.HttpVersionRoutingHandler channelRead\nINFO: Detected non-HTTP/2 connection.\n"}}
[debug] [2026-02-20T02:29:53.682Z] Feb 19, 2026 9:29:53 PM io.gapi.emulators.netty.HttpVersionRoutingHandler channelRead
INFO: Detected non-HTTP/2 connection.
 {"metadata":{"emulator":{"name":"firestore"},"message":"Feb 19, 2026 9:29:53 PM io.gapi.emulators.netty.HttpVersionRoutingHandler channelRead\nINFO: Detected non-HTTP/2 connection.\n"}}
[debug] [2026-02-20T02:29:53.703Z] Feb 19, 2026 9:29:53 PM io.gapi.emulators.netty.HttpVersionRoutingHandler channelRead
INFO: Detected non-HTTP/2 connection.
 {"metadata":{"emulator":{"name":"firestore"},"message":"Feb 19, 2026 9:29:53 PM io.gapi.emulators.netty.HttpVersionRoutingHandler channelRead\nINFO: Detected non-HTTP/2 connection.\n"}}
[debug] [2026-02-20T02:29:53.734Z] Feb 19, 2026 9:29:53 PM io.gapi.emulators.netty.HttpVersionRoutingHandler channelRead
INFO: Detected non-HTTP/2 connection.
 {"metadata":{"emulator":{"name":"firestore"},"message":"Feb 19, 2026 9:29:53 PM io.gapi.emulators.netty.HttpVersionRoutingHandler channelRead\nINFO: Detected non-HTTP/2 connection.\n"}}
[debug] [2026-02-20T02:29:53.756Z] Feb 19, 2026 9:29:53 PM io.gapi.emulators.netty.HttpVersionRoutingHandler channelRead
INFO: Detected non-HTTP/2 connection.
 {"metadata":{"emulator":{"name":"firestore"},"message":"Feb 19, 2026 9:29:53 PM io.gapi.emulators.netty.HttpVersionRoutingHandler channelRead\nINFO: Detected non-HTTP/2 connection.\n"}}
[debug] [2026-02-20T02:29:53.776Z] Feb 19, 2026 9:29:53 PM io.gapi.emulators.netty.HttpVersionRoutingHandler channelRead
INFO: Detected non-HTTP/2 connection.
 {"metadata":{"emulator":{"name":"firestore"},"message":"Feb 19, 2026 9:29:53 PM io.gapi.emulators.netty.HttpVersionRoutingHandler channelRead\nINFO: Detected non-HTTP/2 connection.\n"}}
